rank,brand_name,slug_if_provided,category,status,regulator_tier,est_popularity_band,prominence_evidence,confidence,internal_priority_score,needs_manual_review,notes
1,IG,ig,CFD Broker,Active,T1,High,Global retail cfd broker brand; multi-market T1 (FCA / ASIC / BaFin); reviewed profile,High,3.9,FALSE,
2,XM,xm,Forex Broker,Active,T1,High,Global retail forex broker brand; multi-market T1 (CySEC / FSC / DFSA); reviewed profile,High,3.9,FALSE,
3,eToro,etoro,CFD Broker,Active,T1,High,Global retail cfd broker brand; multi-market T1 (CySEC / FCA / ASIC); reviewed profile,High,3.9,FALSE,
4,Exness,exness,Forex Broker,Active,T1,High,Global retail forex broker brand; multi-market T1 (FSA / CBCS / FSC); reviewed profile,High,3.9,FALSE,Merged 1 duplicate row(s): Cyprus
5,Interactive Brokers,interactive-brokers,Forex Broker,Active,T1,High,Global retail forex broker brand; multi-market T1 (SEC / FCA / ASIC); reviewed profile,High,3.9,FALSE,Merged 1 duplicate row(s): United States
6,OANDA,oanda,Forex Broker,Active,T1,High,Global retail forex broker brand; multi-market T1 (CFTC / NFA / FCA); reviewed profile,High,3.9,FALSE,Merged 1 duplicate row(s): United States
7,Pepperstone,pepperstone,CFD Broker,Active,T1,High,Global retail cfd broker brand; multi-market T1 (FCA / ASIC / CySEC); reviewed profile,High,3.9,FALSE,
8,Plus500,plus500,CFD Broker,Active,T1,High,Global retail cfd broker brand; multi-market T1 (FCA / CySEC / ASIC); reviewed profile,High,3.9,FALSE,
9,AvaTrade,avatrade,Forex Broker,Active,T1,High,Global retail forex broker brand; multi-market T1 (Central Bank of Ireland / ASIC / FSA Japan); reviewed profile,High,3.9,FALSE,
10,CMC Markets,cmc-markets,CFD Broker,Active,T1,High,Global retail cfd broker brand; multi-market T1 (FCA / ASIC / MAS); reviewed profile,High,3.9,FALSE,
11,IC Markets,ic-markets,Forex Broker,Active,T1,High,Global retail forex broker brand; multi-market T1 (ASIC / CySEC / FSA); reviewed profile,High,3.9,FALSE,Merged 1 duplicate row(s): Australia
12,Saxo Bank,saxo-bank,Forex Broker,Active,T1,High,Global retail forex broker brand; multi-market T1 (Danish FSA / FCA / MAS); reviewed profile,High,3.9,FALSE,
13,XTB,xtb,Forex Broker,Active,T1,High,Global retail forex broker brand; multi-market T1 (FCA / KNF / CySEC); reviewed profile,High,3.9,FALSE,Merged 1 duplicate row(s): Poland
14,Capital.com,capital-com,CFD Broker,Active,T1,High,Global retail cfd broker brand; multi-market T1 (FCA / CySEC / ASIC); basic profile,High,3.9,FALSE,
15,FOREX.com,forex-com,Forex Broker,Active,T1,High,Global retail forex broker brand; multi-market T1 (CFTC/NFA / FCA / ASIC); basic profile,High,3.9,FALSE,
16,Trading 212,trading-212,CFD Broker,Active,T1,High,Global retail cfd broker brand; multi-market T1 (FCA / CySEC / FSC); basic profile,High,3.9,FALSE,
17,Admirals,admirals,Forex Broker,Active,T1,High,Major retail forex broker; T1 (FCA / CySEC / ASIC); strong global footprint,High,3.9,FALSE,Merged 1 duplicate row(s): Estonia
18,Axi,axi,Forex Broker,Active,T1,High,Major retail forex broker; T1 (ASIC / FCA / DFSA); strong global footprint,High,3.9,FALSE,Merged 1 duplicate row(s): Australia
19,BDSwiss,bdswiss,Forex Broker,Active,T1,High,Major retail forex broker; T1 (CySEC / FSC / FSA); strong global footprint,High,3.9,FALSE,Merged 1 duplicate row(s): Cyprus
20,FP Markets,fp-markets,Forex Broker,Active,T1,High,Major retail forex broker; T1 (ASIC / CySEC / FSCA); strong global footprint,High,3.9,FALSE,Merged 1 duplicate row(s): Australia
21,FXTM,fxtm,Forex Broker,Active,T1,High,Major retail forex broker; T1 (FCA / CySEC / FSCA); strong global footprint,High,3.9,FALSE,Active; trades as FXTM (formerly ForexTime); Merged 1 duplicate row(s): Cyprus
22,FxPro,fxpro,Forex Broker,Active,T1,High,Major retail forex broker; T1 (FCA / CySEC / FSCA); strong global footprint,High,3.9,FALSE,Merged 1 duplicate row(s): Cyprus
23,HYCM,hycm,Forex Broker,Active,T1,High,Major retail forex broker; T1 (FCA / CySEC / DFSA); strong global footprint,High,3.9,FALSE,Merged 1 duplicate row(s): United Kingdom
24,Libertex,libertex,CFD Broker,Active,T1,High,Major retail cfd broker; T1 (CySEC); strong global footprint,High,3.9,FALSE,Merged 1 duplicate row(s): Cyprus
25,Markets.com,markets-com,CFD Broker,Active,T1,High,Major retail cfd broker; T1 (CySEC / ASIC / FSA); strong global footprint,High,3.9,FALSE,Merged 1 duplicate row(s): Cyprus
26,ThinkMarkets,thinkmarkets,Forex Broker,Active,T1,High,Major retail forex broker; T1 (ASIC / FCA / FSA); strong global footprint,High,3.9,FALSE,Merged 1 duplicate row(s): Australia
27,Tickmill,tickmill,Forex Broker,Active,T1,High,Major retail forex broker; T1 (FCA / CySEC / FSA); strong global footprint,High,3.9,FALSE,Merged 1 duplicate row(s): United Kingdom
28,easyMarkets,easymarkets,Forex Broker,Active,T1,High,Major retail forex broker; T1 (CySEC / ASIC / FSA); strong global footprint,High,3.9,FALSE,Merged 1 duplicate row(s): Cyprus
29,Deriv,deriv,Forex Broker,Active,T1,High,Major retail forex broker; T1 (MFSA / VFSC / LFSA); strong global footprint,High,3.9,FALSE,Merged 1 duplicate row(s): Malta
30,FBS,fbs,Forex Broker,Active,T1,High,Major retail forex broker; T1 (FSC / CySEC / ASIC); strong global footprint,High,3.9,FALSE,Merged 1 duplicate row(s): Cyprus
31,HFM,hfm,Forex Broker,Active,T1,High,Major retail forex broker; T1 (FCA / CySEC / DFSA); strong global footprint,High,3.9,FALSE,Active; rebranded from HotForex (2022); Merged 1 duplicate row(s): Cyprus
32,InstaForex,instaforex,Forex Broker,Active,T1,High,Major retail forex broker; T1 (FSRA / CySEC); strong global footprint,High,3.9,FALSE,Merged 1 duplicate row(s): Unknown
33,Octa,octa,Forex Broker,Active,T1,High,Major retail forex broker; T1 (FSC / CySEC); strong global footprint,High,3.9,FALSE,Active; rebranded from OctaFX (2022); Merged 1 duplicate row(s): Unknown
34,RoboForex,roboforex,Forex Broker,Active,T1,High,Major retail forex broker; T1 (FSC / CySEC via RoboMarkets); strong global footprint,High,3.9,FALSE,Merged 1 duplicate row(s): Belize
35,Dukascopy,dukascopy,Forex Broker,Active,T1,High,Major retail forex broker; T1 (FINMA / JFSA); strong global footprint,High,3.9,FALSE,
36,Eightcap,eightcap,Forex Broker,Active,T1,High,Major retail forex broker; T1 (ASIC / FCA); strong global footprint,High,3.9,FALSE,
37,Fusion Markets,fusion-markets,Forex Broker,Active,T1,High,Major retail forex broker; T1 (ASIC / VFSC); strong global footprint,High,3.9,FALSE,
38,NinjaTrader,ninjatrader,Forex Broker,Active,T1,High,Major retail forex broker; T1 (NFA / CFTC); strong global footprint,High,3.9,FALSE,
39,Swissquote,swissquote,Forex Broker,Active,T1,High,Major retail forex broker; T1 (FINMA / FCA); strong global footprint,High,3.9,FALSE,
40,Tastyfx,tastyfx,Forex Broker,Active,T1,High,Major retail forex broker; T1 (NFA / CFTC); strong global footprint,High,3.9,FALSE,Active; rebranded from IG US (2023)
41,Tastytrade,tastytrade,Forex Broker,Active,T1,High,Major retail forex broker; T1 (SEC / FINRA); strong global footprint,High,3.9,FALSE,
42,Vantage,vantage,Forex Broker,Active,T1,High,Major retail forex broker; T1 (ASIC / FCA); strong global footprint,High,3.9,FALSE,
43,NAGA,naga,CFD Broker,Active,T1,High,Major retail cfd broker; T1 (CySEC / BaFin); strong global footprint,High,3.9,FALSE,Merged 1 duplicate row(s): Germany
44,Skilling,skilling,CFD Broker,Active,T1,High,Major retail cfd broker; T1 (CySEC / FSA); strong global footprint,High,3.9,FALSE,Merged 1 duplicate row(s): Cyprus
45,Windsor Brokers,windsor-brokers,Forex Broker,Active,T1,High,Major retail forex broker; T1 (CySEC / FSA / FSCA); strong global footprint,High,3.9,FALSE,Merged 1 duplicate row(s): Cyprus
46,MultiBank Group,multibank,Forex Broker,Active,T1,High,Major retail forex broker; T1 (ASIC / FCA / BaFin); strong global footprint,High,3.9,FALSE,Merged 1 duplicate row(s): UAE
47,FXCM,fxcm,Forex Broker,License revoked/Regulatory action,T1,High,Regulatory action — Banned from US 2017 (CFTC); operates internationally as part of StoneX; retained for record,High,3.9,TRUE,Banned from US 2017 (CFTC); operates internationally as part of StoneX
48,TradeStation,tradestation,Forex Broker,Acquired/Merged,T1,High,Acquired/merged — Owned by Monex Group; brand continuity uncertain,High,3.9,TRUE,Owned by Monex Group
49,ATFX,atfx,Forex Broker,Active,T1,High,Major retail forex broker; T1 (FCA / CySEC); strong global footprint,High,3.9,FALSE,
50,ActivTrades,activtrades,Forex Broker,Active,T1,High,Major retail forex broker; T1 (FCA); strong global footprint,High,3.9,FALSE,
51,Core Spreads,core-spreads,CFD Broker,Active,T1,High,Major retail cfd broker; T1 (FCA); strong global footprint,High,3.8,FALSE,
52,DMM FX,dmm-fx,Forex Broker,Active,T1,High,Major retail forex broker; T1 (JFSA); strong global footprint,High,3.8,FALSE,
53,Darwinex,darwinex,Forex Broker,Active,T1,High,Major retail forex broker; T1 (FCA); strong global footprint,High,3.8,FALSE,
54,INGOT Brokers,ingot-brokers,Forex Broker,Active,T1,High,Major retail forex broker; T1 (ASIC); strong global footprint,High,3.8,FALSE,
55,Spreadex,spreadex,CFD Broker,Active,T1,High,Major retail cfd broker; T1 (FCA); strong global footprint,High,3.8,FALSE,
56,Trade Nation,trade-nation,CFD Broker,Active,T1,High,Major retail cfd broker; T1 (FCA / ASIC); strong global footprint,High,3.8,FALSE,
57,Trade360,trade360,CFD Broker,Active,T1,High,Major retail cfd broker; T1 (CySEC); strong global footprint,High,3.8,FALSE,
58,iFOREX,iforex,CFD Broker,Active,T1,High,Major retail cfd broker; T1 (CySEC); strong global footprint,High,3.8,FALSE,
59,ZuluTrade,zulutrade,Forex Broker,Active,T1,High,Major retail forex broker; T1 (HCMC / CySEC); strong global footprint,High,3.8,FALSE,
60,Eurotrader,eurotrader,Forex Broker,Active,T1,High,Established forex broker; T1-regulated (CySEC); mid-tier footprint,High,3.8,FALSE,Merged 1 duplicate row(s): Unknown
61,ForexMart,forexmart,Forex Broker,Active,T1,High,Established forex broker; T1-regulated (CySEC / FSA); mid-tier footprint,High,3.8,FALSE,Merged 1 duplicate row(s): Unknown
62,GBE Brokers,gbe-brokers,Forex Broker,Active,T1,High,Established forex broker; T1-regulated (BaFin / CySEC); mid-tier footprint,High,3.8,FALSE,Merged 1 duplicate row(s): Cyprus
63,GBE Prime,gbe-prime,Forex Broker,Active,T1,High,Established forex broker; T1-regulated (BaFin); mid-tier footprint,High,3.8,FALSE,
64,Global Prime,global-prime,Forex Broker,Active,T1,High,Established forex broker; T1-regulated (ASIC / VFSC); mid-tier footprint,High,3.8,FALSE,Merged 1 duplicate row(s): Australia
65,Hantec Markets,hantec-markets,Forex Broker,Active,T1,High,Established forex broker; T1-regulated (FCA / ASIC / FSA); mid-tier footprint,High,3.8,FALSE,Merged 1 duplicate row(s): United Kingdom
66,JustMarkets,justmarkets,Forex Broker,Active,T1,High,Established forex broker; T1-regulated (FSC / CySEC); mid-tier footprint,High,3.8,FALSE,Merged 1 duplicate row(s): Unknown
67,RoboMarkets,robomarkets,Forex Broker,Active,T1,High,Established forex broker; T1-regulated (CySEC); mid-tier footprint,High,3.8,FALSE,
68,Squared Financial,squared-financial,Forex Broker,Active,T1,High,Established forex broker; T1-regulated (CySEC / FSCA / FSC); mid-tier footprint,High,3.8,FALSE,
69,T4Trade,t4trade,Forex Broker,Active,T1,High,Established forex broker; T1-regulated (CySEC / FSA); mid-tier footprint,High,3.8,FALSE,Merged 1 duplicate row(s): Unknown
70,TMGM,tmgm,Forex Broker,Active,T1,High,Established forex broker; T1-regulated (ASIC / VFSC); mid-tier footprint,High,3.8,FALSE,Merged 1 duplicate row(s): Australia
71,VT Markets,vt-markets,Forex Broker,Active,T1,High,Established forex broker; T1-regulated (ASIC / CIMA / FSCA); mid-tier footprint,High,3.8,FALSE,Merged 1 duplicate row(s): Australia
72,FTMO,ftmo,Prop Firm,Active,Unknown,High,Well-known prop firm; sim-funded challenge model (typically unregulated),High,3.8,FALSE,Merged 1 duplicate row(s): Czech Republic
73,Doo Prime,doo-prime,Forex Broker,Active,T1,High,Established forex broker; T1-regulated (FCA / ASIC / FSA); mid-tier footprint,High,3.8,FALSE,Merged 1 duplicate row(s): Unknown
74,Equiti,equiti,Forex Broker,Active,T1,High,Established forex broker; T1-regulated (FCA / FSA / JSC); mid-tier footprint,High,3.8,FALSE,Merged 1 duplicate row(s): UAE
75,LiteFinance,litefinance,Forex Broker,Active,T1,High,Established forex broker; T1-regulated (FSA / CySEC); mid-tier footprint,High,3.8,FALSE,Merged 1 duplicate row(s): Unknown
76,Tradeview Markets,tradeview-forex,Forex Broker,Active,T1,High,Established forex broker; T1-regulated (CIMA / Labuan FSA / MFSA); mid-tier footprint,High,3.8,FALSE,Merged 1 duplicate row(s): Unknown
77,Moneta Markets,moneta-markets,Forex Broker,Active,Offshore,High,Major retail forex broker; Offshore (FSA); strong global footprint,High,3.8,FALSE,
78,City Index,city-index,CFD Broker,Acquired/Merged,T1,High,Acquired/merged — Owned by StoneX (via GAIN); brand continuity uncertain,High,3.8,TRUE,Owned by StoneX (via GAIN)
79,CMC Invest Australia,cmc-invest-australia,CFD Broker,Active,T1,High,Established cfd broker; T1-regulated (ASIC); mid-tier footprint,High,3.8,FALSE,
80,Saxo Australia,saxo-australia,Forex Broker,Active,T1,High,Established forex broker; T1-regulated (ASIC / AFSL 280372); mid-tier footprint,High,3.8,FALSE,
81,StoneX One,stonex-one,Forex Broker,Active,T1,High,Established forex broker; T1-regulated (FCA / CFTC / NFA); mid-tier footprint,High,3.8,FALSE,
82,Zeus Capital,zeus-capital,Forex Broker,Active,T1,High,Established forex broker; T1-regulated (FCA); mid-tier footprint,High,3.8,FALSE,
83,Blueberry Markets,blueberry-markets,Forex Broker,Active,T2,High,Major retail forex broker; T2 (ASIC); strong global footprint,High,3.8,FALSE,
84,FXPrimus,fxprimus,Forex Broker,Active,T2,High,Major retail forex broker; T2 (CySEC); strong global footprint,High,3.8,FALSE,
85,Ironbeam,ironbeam-futures,Forex Broker,Active,T1,High,Established forex broker; T1-regulated (NFA / CFTC / CME Group); mid-tier footprint,High,3.8,FALSE,Merged 1 duplicate row(s): United States
86,Daiwa Securities,daiwa-securities,Other,Active,T1,High,Major retail other; T1 (JFSA); strong global footprint,High,3.8,FALSE,
87,GMO Click Securities,gmo-click-securities,Other,Active,T1,High,Major retail other; T1 (JFSA); strong global footprint,High,3.8,FALSE,
88,Nomura Securities,nomura-securities,Other,Active,T1,High,Major retail other; T1 (JFSA); strong global footprint,High,3.8,FALSE,
89,Rakuten Securities Japan,rakuten-securities-japan,Other,Active,T1,High,Major retail other; T1 (JFSA); strong global footprint,High,3.8,FALSE,
90,Revolut Trading,revolut-trading,Payment/Fintech,Active,T1,High,"Cross-border FX / payments brand, not a trading broker; flag reclassify",High,3.8,TRUE,NON-RETAIL: mislabeled for a forex directory — reclassify/relocate
91,SBI Securities,sbi-securities,Other,Active,T1,High,Major retail other; T1 (JFSA); strong global footprint,High,3.8,FALSE,
92,Nadex,nadex,Forex Broker,Acquired/Merged,T1,High,"Acquired/merged — Owned by Crypto.com (from IG Group, 2022); brand continuity uncertain",High,3.8,TRUE,"Owned by Crypto.com (from IG Group, 2022); Merged 1 duplicate row(s): United States"
93,Spread Co,spread-co,CFD Broker,Active,T1,High,Established cfd broker; T1-regulated (FCA); mid-tier footprint,Med,3.8,FALSE,
94,Cannon Trading,cannon-trading-futures,Forex Broker,Active,T1,High,Established forex broker; T1-regulated (NFA / CFTC); mid-tier footprint,High,3.8,FALSE,Merged 1 duplicate row(s): United States
95,Optimus Futures,optimus-futures,Forex Broker,Active,T1,High,Established forex broker; T1-regulated (NFA / CFTC); mid-tier footprint,High,3.8,FALSE,Merged 1 duplicate row(s): United States
96,BlackBull Markets,blackbull-markets,Forex Broker,Active,T2,High,Established forex broker; T2-regulated (FMA / FSA); mid-tier footprint,High,3.8,FALSE,Merged 1 duplicate row(s): New Zealand
97,Audacity Capital,audacity-capital,Prop Firm,Active,Unknown,High,Well-known prop firm; sim-funded challenge model (typically unregulated),High,3.8,FALSE,Merged 1 duplicate row(s): United Kingdom
98,The Funded Trader,the-funded-trader,Prop Firm,Active,Unknown,High,Well-known prop firm; sim-funded challenge model (typically unregulated),High,3.8,FALSE,Merged 1 duplicate row(s): Unknown
99,Alpari,alpari,Forex Broker,Active,T2,High,Established forex broker; T2-regulated (SVGFSA / FSC); mid-tier footprint,High,3.8,FALSE,Merged 1 duplicate row(s): Unknown
100,FXGT,fxgt,Forex Broker,Active,T2,High,Established forex broker; T2-regulated (FSA / FSC); mid-tier footprint,High,3.8,FALSE,Merged 1 duplicate row(s): Unknown
101,Pacific Union,pacific-union,Forex Broker,Active,T2,High,Established forex broker; T2-regulated (FSCA / FSC); mid-tier footprint,High,3.7,FALSE,
102,Charles Schwab,charles-schwab,Other,Active,T1,High,Established other; T1-regulated (SEC / FINRA); mid-tier footprint,Med,3.7,FALSE,Equities/neobroker — minimal retail FX; confirm relevance to forex roadmap
103,Tiger Brokers Australia,tiger-brokers-australia,Other,Active,T1,Mid,Established other; T1-regulated (ASIC / AFSL); mid-tier footprint,High,3.7,FALSE,Equities/neobroker — minimal retail FX; confirm relevance to forex roadmap
104,Titan FX,titan-fx,Forex Broker,Active,Offshore,Mid,Major retail forex broker; Offshore (VFSC); strong global footprint,High,3.7,FALSE,
105,AMP Futures,amp-futures,Forex Broker,Active,T1,Mid,Established forex broker; T1-regulated (NFA / CFTC); mid-tier footprint,Med,3.7,FALSE,
106,Farr Financial,farr-financial,Forex Broker,Active,T1,Mid,Established forex broker; T1-regulated (NFA / CFTC); mid-tier footprint,Med,3.7,FALSE,
107,FuturesOnline,futuresonline,Forex Broker,Active,T1,Mid,Established forex broker; T1-regulated (NFA / CFTC); mid-tier footprint,Med,3.7,FALSE,
108,Infinity Futures,infinity-futures,Forex Broker,Active,T1,Mid,Established forex broker; T1-regulated (NFA / CFTC); mid-tier footprint,Med,3.7,FALSE,
109,Tradovate,tradovate,Forex Broker,Active,T1,Mid,Established forex broker; T1-regulated (NFA / CFTC); mid-tier footprint,Med,3.7,FALSE,
110,IronFX,ironfx,Forex Broker,License revoked/Regulatory action,T1,High,Regulatory action — History of withdrawal complaints/regulatory scrutiny; retained for record,High,3.7,TRUE,History of withdrawal complaints/regulatory scrutiny; Merged 1 duplicate row(s): Cyprus
111,Fullerton Markets,fullerton-markets,Forex Broker,Active,Offshore,Mid,Established forex broker; Offshore-regulated (FSA / VFSC); mid-tier footprint,Med,3.7,FALSE,
112,Topstep,topstep,Prop Firm,Active,Unknown,Mid,Well-known prop firm; sim-funded challenge model (typically unregulated),High,3.7,FALSE,
113,CAPEX.com,capex-com,CFD Broker,Active,Unknown,Mid,Major retail cfd broker; Unknown (no regulator on record); strong global footprint,High,3.7,FALSE,
114,FXCC,fxcc,Forex Broker,Active,Unknown,Mid,Major retail forex broker; Unknown (no regulator on record); strong global footprint,High,3.7,FALSE,
115,FXDD,fxdd,Forex Broker,Active,Unknown,Mid,Major retail forex broker; Unknown (no regulator on record); strong global footprint,High,3.7,FALSE,
116,Fortrade,fortrade,Forex Broker,Active,Unknown,Mid,Major retail forex broker; Unknown (no regulator on record); strong global footprint,High,3.7,FALSE,
117,Key To Markets,key-to-markets,Forex Broker,Active,Unknown,Mid,Major retail forex broker; Unknown (no regulator on record); strong global footprint,High,3.7,FALSE,
118,LCG,lcg,Forex Broker,Active,Unknown,Mid,Major retail forex broker; Unknown (no regulator on record); strong global footprint,High,3.7,FALSE,
119,Orbex,orbex,Forex Broker,Active,Unknown,Mid,Major retail forex broker; Unknown (no regulator on record); strong global footprint,High,3.7,FALSE,
120,Switch Markets,switch-markets,Forex Broker,Active,Unknown,Mid,Major retail forex broker; Unknown (no regulator on record); strong global footprint,High,3.7,FALSE,
121,Valutrades,valutrades,Forex Broker,Active,Unknown,Mid,Major retail forex broker; Unknown (no regulator on record); strong global footprint,High,3.7,FALSE,
122,Zero Markets,zero-markets,Forex Broker,Active,Unknown,Mid,Major retail forex broker; Unknown (no regulator on record); strong global footprint,High,3.7,FALSE,
123,IQ Option,iq-option,Forex Broker,License revoked/Regulatory action,Offshore,High,Regulatory action — Withdrew from EU under CySEC leverage/product limits; retained for record,High,3.7,TRUE,Withdrew from EU under CySEC leverage/product limits
124,Webull,webull,Other,Active,T1,Mid,Established other; T1-regulated (SEC / FINRA); mid-tier footprint,Med,3.7,FALSE,Equities/neobroker — minimal retail FX; confirm relevance to forex roadmap
125,AMarkets,amarkets,Forex Broker,Active,Offshore,Mid,Established forex broker; Offshore-regulated (FSA); mid-tier footprint,Med,3.7,FALSE,Merged 1 duplicate row(s): Unknown
126,Fibo Group,fibo-group,Forex Broker,Active,Offshore,Mid,Established forex broker; Offshore-regulated (VFSC); mid-tier footprint,Med,3.7,FALSE,Merged 1 duplicate row(s): Cyprus
127,NordFX,nordfx,Forex Broker,Active,Offshore,Mid,Established forex broker; Offshore-regulated (VFSC); mid-tier footprint,Med,3.7,FALSE,Merged 1 duplicate row(s): Unknown
128,Weltrade,weltrade,Forex Broker,Active,Offshore,Mid,Established forex broker; Offshore-regulated (FSA); mid-tier footprint,Med,3.7,FALSE,Merged 1 duplicate row(s): Unknown
129,zForex,zforex,Forex Broker,Active,Offshore,Mid,Established forex broker; Offshore-regulated (MISA); mid-tier footprint,Med,3.7,FALSE,
130,FundedNext,fundednext,Prop Firm,Active,Unknown,Mid,Well-known prop firm; sim-funded challenge model (typically unregulated),High,3.7,FALSE,
131,Alpha Capital Group,alpha-capital-group,Prop Firm,Active,Unknown,Mid,Well-known prop firm; sim-funded challenge model (typically unregulated),High,3.7,FALSE,
132,Apex Trader Funding,apex-trader-funding,Prop Firm,Active,Unknown,Mid,Well-known prop firm; sim-funded challenge model (typically unregulated),High,3.7,FALSE,
133,City Traders Imperium,city-traders-imperium,Prop Firm,Active,Unknown,Mid,Well-known prop firm; sim-funded challenge model (typically unregulated),High,3.7,FALSE,
134,Earn2Trade,earn2trade,Prop Firm,Active,Unknown,Mid,Well-known prop firm; sim-funded challenge model (typically unregulated),High,3.7,FALSE,
135,Funded Trading Plus,funded-trading-plus,Prop Firm,Active,Unknown,Mid,Well-known prop firm; sim-funded challenge model (typically unregulated),High,3.7,FALSE,
136,Lux Trading Firm,lux-trading-firm,Prop Firm,Active,Unknown,Mid,Well-known prop firm; sim-funded challenge model (typically unregulated),High,3.7,FALSE,
137,MyFundedFutures,myfundedfutures,Prop Firm,Active,Unknown,Mid,Well-known prop firm; sim-funded challenge model (typically unregulated),High,3.7,FALSE,
138,SurgeTrader,surgetrader,Prop Firm,Active,Unknown,Mid,Well-known prop firm; sim-funded challenge model (typically unregulated),High,3.7,FALSE,
139,Take Profit Trader,take-profit-trader,Prop Firm,Active,Unknown,Mid,Well-known prop firm; sim-funded challenge model (typically unregulated),High,3.7,FALSE,
140,ADSS,adss,Forex Broker,Active,Unknown,Mid,Major retail forex broker; Unknown (no regulator on record); strong global footprint,High,3.7,FALSE,
141,CMTrading,cmtrading,Forex Broker,Active,Unknown,Mid,Major retail forex broker; Unknown (no regulator on record); strong global footprint,High,3.7,FALSE,
142,FXChoice,fxchoice,Forex Broker,Active,Unknown,Mid,Major retail forex broker; Unknown (no regulator on record); strong global footprint,High,3.7,FALSE,
143,Gulf Brokers,gulf-brokers,Forex Broker,Active,Unknown,Mid,Major retail forex broker; Unknown (no regulator on record); strong global footprint,High,3.7,FALSE,
144,Freedom Finance Global,freedom-finance-global,Forex Broker,Active,T2,Mid,Established forex broker; T2-regulated (SEC-Kaz / FSA); mid-tier footprint,Med,3.7,FALSE,
145,Funding Pips,funding-pips,Prop Firm,Active,Unknown,Mid,Well-known prop firm; sim-funded challenge model (typically unregulated),High,3.7,FALSE,
146,The5ers,the5ers,Prop Firm,Active,Unknown,Mid,Well-known prop firm; sim-funded challenge model (typically unregulated),High,3.7,FALSE,
147,Taurex,taurex,Forex Broker,Active,Unknown,Mid,Major retail forex broker; Unknown (no regulator on record); strong global footprint,High,3.7,FALSE,Active; rebranded from Zenfinex
148,Moomoo,moomoo,Other,Active,T1,Mid,Established other; T1-regulated (SEC / MAS); mid-tier footprint,Med,3.7,FALSE,Equities/neobroker — minimal retail FX; confirm relevance to forex roadmap
149,GO Markets,go-markets,Forex Broker,Active,Unknown,Mid,Established forex broker; Unknown-regulated ([object Object] / [object Object] / [object Object]); mid-tier footprint,Med,3.7,FALSE,Merged 1 duplicate row(s): Australia
150,Airwallex,airwallex,Payment/Fintech,Active,T1,Mid,"Cross-border FX / payments brand, not a trading broker; flag reclassify",Med,3.7,TRUE,NON-RETAIL: mislabeled for a forex directory — reclassify/relocate
151,DEGIRO,degiro,Other,Active,T1,Mid,Established other; T1-regulated (BaFin / AFM); mid-tier footprint,Med,3.6,FALSE,Equities/neobroker — minimal retail FX; confirm relevance to forex roadmap
152,Hargreaves Lansdown,hargreaves-lansdown,Other,Active,T1,Mid,Established other; T1-regulated (FCA); mid-tier footprint,Med,3.6,FALSE,Equities/neobroker — minimal retail FX; confirm relevance to forex roadmap
153,Trade Republic,trade-republic,Other,Active,T1,Mid,Established other; T1-regulated (BaFin); mid-tier footprint,Med,3.6,FALSE,Equities/neobroker — minimal retail FX; confirm relevance to forex roadmap
154,TD Ameritrade,td-ameritrade,Other,Acquired/Merged,T1,Mid,Acquired/merged — Acquired by Charles Schwab (2020); brand continuity uncertain,High,3.6,TRUE,Acquired by Charles Schwab (2020); Equities/neobroker — minimal retail FX; confirm relevance to forex roadmap
155,Axiory,axiory,Forex Broker,Active,Offshore,Mid,Established forex broker; Offshore-regulated (FSC); mid-tier footprint,Med,3.6,FALSE,
156,OFX,ofx,Payment/Fintech,Active,T1,Mid,"Cross-border FX / payments brand, not a trading broker; flag reclassify",Med,3.6,TRUE,NON-RETAIL: mislabeled for a forex directory — reclassify/relocate
157,Zerodha,zerodha,Other,Active,T2,Mid,Established other; T2-regulated (SEBI); mid-tier footprint,Med,3.6,FALSE,Equities/neobroker — minimal retail FX; confirm relevance to forex roadmap
158,Moneycorp,moneycorp,Payment/Fintech,Active,T1,Mid,"Cross-border FX / payments brand, not a trading broker; flag reclassify",Med,3.6,TRUE,NON-RETAIL: mislabeled for a forex directory — reclassify/relocate
159,Questrade,questrade,Other,Active,T1,Mid,Established other; T1-regulated (IIROC); mid-tier footprint,Med,3.6,FALSE,Equities/neobroker — minimal retail FX; confirm relevance to forex roadmap
160,Blackwell Global,blackwell-global,Forex Broker,Active,Unknown,Mid,Established forex broker; Unknown-regulated (no regulator on record); mid-tier footprint,Med,3.6,FALSE,
161,City Index Asia,city-index-asia,Forex Broker,Active,Unknown,Mid,Established forex broker; Unknown-regulated (no regulator on record); mid-tier footprint,Med,3.6,FALSE,
162,Colmex Pro,colmex-pro,Forex Broker,Active,Unknown,Mid,Established forex broker; Unknown-regulated (no regulator on record); mid-tier footprint,Med,3.6,FALSE,
163,CornerTrader,cornertrader-broker,Forex Broker,Active,Unknown,Mid,Established forex broker; Unknown-regulated (no regulator on record); mid-tier footprint,Med,3.6,FALSE,Merged 1 duplicate row(s): Switzerland
164,FXFlat,fxflat,Forex Broker,Active,Unknown,Mid,Established forex broker; Unknown-regulated (no regulator on record); mid-tier footprint,Med,3.6,FALSE,
165,IFCM Cyprus,ifcm-cyprus,Forex Broker,Active,Unknown,Mid,Established forex broker; Unknown-regulated (no regulator on record); mid-tier footprint,Med,3.6,FALSE,
166,Intertrader,intertrader,Forex Broker,Active,Unknown,Mid,Established forex broker; Unknown-regulated (no regulator on record); mid-tier footprint,Med,3.6,FALSE,
167,JFD Brokers,jfd-brokers,Forex Broker,Active,Unknown,Mid,Established forex broker; Unknown-regulated (no regulator on record); mid-tier footprint,Med,3.6,FALSE,
168,MYFX Markets,myfx-markets,Forex Broker,Active,Unknown,Mid,Established forex broker; Unknown-regulated (no regulator on record); mid-tier footprint,Med,3.6,FALSE,
169,RockFort Markets,rockfort-markets,Forex Broker,Active,Unknown,Mid,Established forex broker; Unknown-regulated (no regulator on record); mid-tier footprint,Med,3.6,FALSE,
170,Saxo Capital Markets Singapore,saxo-capital-markets-singapore,Forex Broker,Active,Unknown,Mid,Established forex broker; Unknown-regulated (no regulator on record); mid-tier footprint,Med,3.6,FALSE,
171,Saxo Markets UK,saxo-markets-uk,Forex Broker,Active,Unknown,Mid,Established forex broker; Unknown-regulated (no regulator on record); mid-tier footprint,Med,3.6,FALSE,
172,Scandinavian Capital Markets,scandinavian-capital-markets,Forex Broker,Active,Unknown,Mid,Established forex broker; Unknown-regulated (no regulator on record); mid-tier footprint,Med,3.6,FALSE,
173,SquaredFinancial,squared-financial,Forex Broker,Active,Unknown,Mid,Established forex broker; Unknown-regulated (no regulator on record); mid-tier footprint,Med,3.6,FALSE,
174,ThinkForex,thinkforex,Forex Broker,Active,Unknown,Mid,Established forex broker; Unknown-regulated (no regulator on record); mid-tier footprint,Med,3.6,FALSE,
175,Trade.com,trade-com,Forex Broker,Active,Unknown,Mid,Established forex broker; Unknown-regulated (no regulator on record); mid-tier footprint,Med,3.6,FALSE,
176,Tradenext Global Markets,tradenext-global-markets,Forex Broker,Active,Unknown,Mid,Established forex broker; Unknown-regulated (no regulator on record); mid-tier footprint,Med,3.6,FALSE,
177,TradersTrust,traderstrust,Forex Broker,Active,Unknown,Mid,Established forex broker; Unknown-regulated (no regulator on record); mid-tier footprint,Med,3.6,FALSE,
178,Trading Point,trading-point,Forex Broker,Active,Unknown,Mid,Established forex broker; Unknown-regulated (no regulator on record); mid-tier footprint,Med,3.6,FALSE,
179,Varengold Bank FX,varengold-bank-fx,Forex Broker,Active,Unknown,Mid,Established forex broker; Unknown-regulated (no regulator on record); mid-tier footprint,Med,3.6,FALSE,
180,Vinson Financials,vinson-financials,Forex Broker,Active,Unknown,Mid,Established forex broker; Unknown-regulated (no regulator on record); mid-tier footprint,Med,3.6,FALSE,
181,dtFX,dtfx-daniels-trading,Forex Broker,Active,Unknown,Mid,Established forex broker; Unknown-regulated (no regulator on record); mid-tier footprint,Med,3.6,FALSE,
182,Stake,stake-australia,Other,Active,T1,Mid,Equity/securities or multi-asset broker (non-forex focus); T1 (ASIC / AFSL 503734); Australia,High,3.6,FALSE,Equities/neobroker — minimal retail FX; confirm relevance to forex roadmap; Merged 1 duplicate row(s): Australia
183,OANDA Prop Trader,oanda-prop-trader,Prop Firm,Active,Unknown,Mid,Recognized prop firm; sim-funded challenge model (typically unregulated),Med,3.6,FALSE,
184,Currencies Direct,currencies-direct,Payment/Fintech,Active,T1,Mid,"Cross-border FX / payments brand, not a trading broker; flag reclassify",Med,3.6,TRUE,NON-RETAIL: mislabeled for a forex directory — reclassify/relocate
185,Public.com,public-com,Other,Active,T1,Mid,Established other; T1-regulated (SEC / FINRA); mid-tier footprint,Med,3.6,FALSE,Equities/neobroker — minimal retail FX; confirm relevance to forex roadmap
186,AAAFx,aaafx,Forex Broker,Active,Unknown,Mid,Established forex broker; Unknown-regulated (no regulator on record); mid-tier footprint,Med,3.6,FALSE,
187,Amana,amana,Forex Broker,Active,Unknown,Mid,Established forex broker; Unknown-regulated (no regulator on record); mid-tier footprint,Med,3.6,FALSE,
188,Century Financial,century-financial,Forex Broker,Active,Unknown,Mid,Established forex broker; Unknown-regulated (no regulator on record); mid-tier footprint,Med,3.6,FALSE,
189,FairMarkets,fair-markets,Forex Broker,Active,Unknown,Mid,Established forex broker; Unknown-regulated (no regulator on record); mid-tier footprint,Med,3.6,FALSE,
190,Noor Capital,noor-capital,Forex Broker,Active,Unknown,Mid,Established forex broker; Unknown-regulated (no regulator on record); mid-tier footprint,Med,3.6,FALSE,
191,Real Trade,real-trade,Forex Broker,Active,Unknown,Mid,Established forex broker; Unknown-regulated (no regulator on record); mid-tier footprint,Med,3.6,FALSE,
192,Trade245,trade245,Forex Broker,Active,Unknown,Mid,Established forex broker; Unknown-regulated (no regulator on record); mid-tier footprint,Med,3.6,FALSE,
193,Valutrades Seychelles,valutrades-seychelles,Forex Broker,Active,Unknown,Mid,Established forex broker; Unknown-regulated (no regulator on record); mid-tier footprint,Med,3.6,FALSE,
194,Yadix,yadix,Forex Broker,Active,Unknown,Mid,Established forex broker; Unknown-regulated (no regulator on record); mid-tier footprint,Med,3.6,FALSE,
195,Maven Investment Partners,maven-investment-partners,Prop Firm,Active,T1,Mid,London proprietary trading firm; FCA-regulated (web-verified),High,3.6,FALSE,London proprietary trading firm; FCA-regulated
196,Tanius Technology,tanius-technology,Prop Firm,Active,T1,Mid,"US algo prop firm, CME member, CME-fined (web-verified)",Med,3.6,FALSE,"US algo prop firm, CME member, CME-fined"
197,Scalable Capital,scalable-capital,Other,Active,T1,Mid,Equity/securities or multi-asset broker (non-forex focus); T1 (BaFin); Germany,Med,3.6,FALSE,Equities/neobroker — minimal retail FX; confirm relevance to forex roadmap
198,E8 Markets,e8-markets,Prop Firm,Active,Unknown,Mid,Well-known prop firm; sim-funded challenge model (typically unregulated),Med,3.6,FALSE,
199,FreshForex,freshforex-broker,Forex Broker,Active,Unknown,Mid,Established forex broker; Unknown-regulated (no regulator on record); mid-tier footprint,Med,3.6,FALSE,
200,GKFX,gkfx,Forex Broker,Active,Unknown,Mid,Established forex broker; Unknown-regulated (no regulator on record); mid-tier footprint,Med,3.6,FALSE,
201,GKFX Prime,gkfx-prime,Forex Broker,Active,Unknown,Mid,Established forex broker; Unknown-regulated (no regulator on record); mid-tier footprint,Med,3.5,FALSE,
202,Freetrade,freetrade,Other,Active,T1,Mid,Equity/securities or multi-asset broker (non-forex focus); T1 (FCA); United Kingdom,Med,3.5,FALSE,Equities/neobroker — minimal retail FX; confirm relevance to forex roadmap
203,Angel One,angel-one,Other,Active,T2,Mid,Established other; T2-regulated (SEBI); mid-tier footprint,Med,3.5,FALSE,Equities/neobroker — minimal retail FX; confirm relevance to forex roadmap
204,Groww,groww,Other,Active,T2,Mid,Established other; T2-regulated (SEBI); mid-tier footprint,Med,3.5,FALSE,Equities/neobroker — minimal retail FX; confirm relevance to forex roadmap
205,Revolut Business FX,revolut-business-fx,Payment/Fintech,Active,Unknown,Mid,"Cross-border FX / payments brand, not a trading broker; flag reclassify",Med,3.5,TRUE,NON-RETAIL: mislabeled for a forex directory — reclassify/relocate
206,Wise Business,wise-business,Payment/Fintech,Active,Unknown,Mid,"Cross-border FX / payments brand, not a trading broker; flag reclassify",Med,3.5,TRUE,NON-RETAIL: mislabeled for a forex directory — reclassify/relocate
207,Discount Trading,discount-trading,Forex Broker,Active,Unknown,Mid,Established forex broker; Unknown-regulated (no regulator on record); mid-tier footprint,Med,3.5,FALSE,
208,GFF Brokers,gff-brokers,Forex Broker,Active,Unknown,Mid,Established forex broker; Unknown-regulated (no regulator on record); mid-tier footprint,Med,3.5,FALSE,
209,NinjaTrader Brokerage,ninjatrader-brokerage,Forex Broker,Active,Unknown,Mid,Established forex broker; Unknown-regulated (no regulator on record); mid-tier footprint,Med,3.5,FALSE,
210,Optimus Flow,optimus-flow,Forex Broker,Active,Unknown,Mid,Established forex broker; Unknown-regulated (no regulator on record); mid-tier footprint,Med,3.5,FALSE,
211,Transworld Futures,transworld-futures,Forex Broker,Active,Unknown,Mid,Established forex broker; Unknown-regulated (no regulator on record); mid-tier footprint,Med,3.5,FALSE,
212,Blue Guardian,blue-guardian,Prop Firm,Active,Unknown,Mid,Recognized prop firm; sim-funded challenge model (typically unregulated),Med,3.5,FALSE,
213,SMB Capital,smb-capital,Prop Firm,Active,Unknown,Mid,Prop/challenge firm; sim-funded challenge model (typically unregulated),Med,3.5,FALSE,
214,BUX,bux-broker,Other,Active,T1,Mid,Equity/securities or multi-asset broker (non-forex focus); T1 (AFM); Netherlands,Med,3.5,FALSE,Equities/neobroker — minimal retail FX; confirm relevance to forex roadmap
215,Lightyear,lightyear,Other,Active,T1,Mid,Equity/securities or multi-asset broker (non-forex focus); T1 (FCA / EFSA); Estonia,Med,3.5,FALSE,Equities/neobroker — minimal retail FX; confirm relevance to forex roadmap
216,Syfe Trade,syfe-trade,Other,Active,Unknown,Mid,Established other; Unknown-regulated (no regulator on record); mid-tier footprint,Med,3.5,FALSE,Equities/neobroker — minimal retail FX; confirm relevance to forex roadmap
217,Tiger Brokers Singapore,tiger-brokers-singapore,Other,Active,Unknown,Mid,Established other; Unknown-regulated (no regulator on record); mid-tier footprint,Med,3.5,FALSE,Equities/neobroker — minimal retail FX; confirm relevance to forex roadmap
218,Goat Funded Trader,goat-funded-trader,Prop Firm,Active,Unknown,Mid,Recognized prop firm; sim-funded challenge model (typically unregulated),Med,3.5,FALSE,
219,Instant Funding,instant-funding,Prop Firm,Active,Unknown,Mid,Recognized prop firm; sim-funded challenge model (typically unregulated),Med,3.5,FALSE,
220,ICICI Direct,icici-direct,Other,Active,T2,Mid,Established other; T2-regulated (SEBI); mid-tier footprint,Med,3.5,FALSE,Equities/neobroker — minimal retail FX; confirm relevance to forex roadmap
221,Upstox,upstox,Other,Active,T2,Mid,Established other; T2-regulated (SEBI); mid-tier footprint,Med,3.5,FALSE,Equities/neobroker — minimal retail FX; confirm relevance to forex roadmap
222,Elites Funding,elites-funding,Prop Firm,Active,Unknown,Mid,Prop/challenge firm; sim-funded challenge model (typically unregulated),Med,3.5,FALSE,
223,FundedBull,funded-bull,Prop Firm,Active,Unknown,Mid,Prop/challenge firm; sim-funded challenge model (typically unregulated),Med,3.5,FALSE,
224,FundingTraders,funding-traders,Prop Firm,Active,Unknown,Mid,Prop/challenge firm; sim-funded challenge model (typically unregulated),Med,3.5,FALSE,
225,Amber Group,amber-group,Crypto Exchange,Active,Unknown,Mid,Crypto trading / market-making entity (no regulator on record),Med,3.5,FALSE,
226,BUX Zero,bux-zero,Other,Active,T1,Mid,Equity/securities or multi-asset broker (non-forex focus); T1 (AFM); Netherlands,Med,3.5,FALSE,Equities/neobroker — minimal retail FX; confirm relevance to forex roadmap
227,Zebu Trade,zebu-trade,Other,Active,Unknown,Mid,Established other; Unknown-regulated (no regulator on record); mid-tier footprint,Med,3.5,FALSE,Equities/neobroker — minimal retail FX; confirm relevance to forex roadmap
228,HDFC Securities,hdfc-securities,Other,Active,T2,Mid,Established other; T2-regulated (SEBI); mid-tier footprint,Med,3.5,FALSE,Equities/neobroker — minimal retail FX; confirm relevance to forex roadmap
229,Kotak Securities,kotak-securities,Other,Active,T2,Mid,Established other; T2-regulated (SEBI); mid-tier footprint,Med,3.5,FALSE,Equities/neobroker — minimal retail FX; confirm relevance to forex roadmap
230,Maverick Trading,maverick-trading,Prop Firm,Active,Unknown,Mid,Prop/challenge firm; sim-funded challenge model (typically unregulated),Med,3.5,FALSE,
231,Top One Trader,top-one-trader,Prop Firm,Active,Unknown,Mid,Prop/challenge firm; sim-funded challenge model (typically unregulated),Med,3.5,FALSE,
232,Toptier Futures,toptier-futures,Prop Firm,Active,Unknown,Mid,Prop/challenge firm; sim-funded challenge model (typically unregulated),Med,3.5,FALSE,
233,ICE Futures,ice-futures,Inter-dealer/Institutional,Active,T1,Mid,Institutional/non-retail (CFTC / FCA / SEC) — finance profile but negligible retail broker-review demand; flag reclassify,High,3.5,TRUE,NON-RETAIL: mislabeled for a forex directory — reclassify/relocate
234,Sharekhan,sharekhan,Other,Active,T2,Mid,Equity/securities or multi-asset broker (non-forex focus); T2 (SEBI); India,Med,3.5,FALSE,Equities/neobroker — minimal retail FX; confirm relevance to forex roadmap
235,Atlas Funded,atlas-funded,Prop Firm,Active,Unknown,Mid,Prop/challenge firm; sim-funded challenge model (typically unregulated),Med,3.5,FALSE,
236,Atmos Funded,atmos-funded,Prop Firm,Active,Unknown,Mid,Prop/challenge firm; sim-funded challenge model (typically unregulated),Med,3.5,FALSE,
237,Falcon Funded,falcon-funded,Prop Firm,Active,Unknown,Mid,Prop/challenge firm; sim-funded challenge model (typically unregulated),Med,3.5,FALSE,
238,Fintokei,fintokei,Prop Firm,Active,Unknown,Mid,Prop/challenge firm; sim-funded challenge model (typically unregulated),Med,3.5,FALSE,
239,My Funded Trader,my-funded-trader,Prop Firm,Active,Unknown,Mid,Prop/challenge firm; sim-funded challenge model (typically unregulated),Med,3.5,FALSE,
240,TP ICAP (ICAP),tp-icap,Inter-dealer/Institutional,Active,T1,Mid,Institutional/non-retail (FCA / SEC / Multiple Global) — finance profile but negligible retail broker-review demand; flag reclassify,High,3.5,TRUE,NON-RETAIL: mislabeled for a forex directory — reclassify/relocate
241,B2C2,b2c2,Crypto Exchange,Active,Unknown,Mid,Crypto trading / market-making entity (no regulator on record),Med,3.5,FALSE,
242,GMO Coin FX,gmo-coin-fx,Crypto Exchange,Active,Unknown,Mid,Crypto trading / market-making entity (no regulator on record),Med,3.5,FALSE,
243,TeleTrade,teletrade,Forex Broker,License revoked/Regulatory action,Unknown,Mid,Regulatory action — Russian-origin; sanctions/regulatory exposure; retained for record,High,3.5,TRUE,Russian-origin; sanctions/regulatory exposure
244,GAIN Capital,gain-capital,Forex Broker,Acquired/Merged,Unknown,Mid,Acquired/merged — Acquired by StoneX (2020); brand continuity uncertain,High,3.5,TRUE,Acquired by StoneX (2020)
245,IIFL Securities,iifl-securities,Other,Active,T2,Mid,Equity/securities or multi-asset broker (non-forex focus); T2 (SEBI); India,Med,3.5,FALSE,Equities/neobroker — minimal retail FX; confirm relevance to forex roadmap
246,Motilal Oswal,motilal-oswal,Other,Active,T2,Mid,Equity/securities or multi-asset broker (non-forex focus); T2 (SEBI); India,Med,3.5,FALSE,Equities/neobroker — minimal retail FX; confirm relevance to forex roadmap
247,EdgeClear,edgeclear,Other,Active,Unknown,Mid,Established other; Unknown-regulated (no regulator on record); mid-tier footprint,Med,3.5,FALSE,
248,Firetip,firetip,Other,Active,Unknown,Mid,Established other; Unknown-regulated (no regulator on record); mid-tier footprint,Med,3.5,FALSE,
249,Generic Trade,generic-trade,Other,Active,Unknown,Mid,Established other; Unknown-regulated (no regulator on record); mid-tier footprint,Med,3.5,FALSE,
250,Payoneer FX,payoneer-fx,Payment/Fintech,Active,Unknown,Mid,"Cross-border FX / payments brand, not a trading broker; flag reclassify",Med,3.5,TRUE,NON-RETAIL: mislabeled for a forex directory — reclassify/relocate
251,AccentForex,accentforex,Forex Broker,Active,Unknown,Mid,Established forex broker; Unknown-regulated (no regulator on record); mid-tier footprint,Med,3.4,FALSE,
252,Errante,errante,Forex Broker,Active,Unknown,Mid,Established forex broker; Unknown-regulated (no regulator on record); mid-tier footprint,Med,3.4,FALSE,
253,Forex4you,forex4you,Forex Broker,Active,Unknown,Mid,Established forex broker; Unknown-regulated (no regulator on record); mid-tier footprint,Med,3.4,FALSE,
254,FreshForex Global,freshforex-global,Forex Broker,Active,Unknown,Mid,Established forex broker; Unknown-regulated (no regulator on record); mid-tier footprint,Med,3.4,FALSE,
255,Grand Capital,grand-capital,Forex Broker,Active,Unknown,Mid,Established forex broker; Unknown-regulated (no regulator on record); mid-tier footprint,Med,3.4,FALSE,
256,IUX Markets,iux-markets,Forex Broker,Active,Unknown,Mid,Established forex broker; Unknown-regulated (no regulator on record); mid-tier footprint,Med,3.4,FALSE,
257,LMFX,lmfx,Forex Broker,Active,Unknown,Mid,Established forex broker; Unknown-regulated (no regulator on record); mid-tier footprint,Med,3.4,FALSE,
258,Larson & Holz,larson-holz,Forex Broker,Active,Unknown,Mid,Established forex broker; Unknown-regulated (no regulator on record); mid-tier footprint,Med,3.4,FALSE,
259,N1CM,n1cm,Forex Broker,Active,Unknown,Mid,Established forex broker; Unknown-regulated (no regulator on record); mid-tier footprint,Med,3.4,FALSE,
260,Solid ECN,solid-ecn,Forex Broker,Active,Unknown,Mid,Established forex broker; Unknown-regulated (no regulator on record); mid-tier footprint,Med,3.4,FALSE,
261,Trive,trive,Forex Broker,Active,Unknown,Mid,Established forex broker; Unknown-regulated (no regulator on record); mid-tier footprint,Med,3.4,FALSE,
262,XTrade,xtrade,Forex Broker,Active,Unknown,Mid,Established forex broker; Unknown-regulated (no regulator on record); mid-tier footprint,Med,3.4,FALSE,
263,Zenfinex,zenfinex,Forex Broker,Active,Unknown,Mid,Established forex broker; Unknown-regulated (no regulator on record); mid-tier footprint,Med,3.4,FALSE,
264,Cumberland,cumberland,Crypto Exchange,Active,Unknown,Mid,Crypto trading / market-making entity (no regulator on record),Med,3.4,FALSE,
265,Futu Securities International,futu-securities-international,Other,Active,Unknown,Low,Established other; Unknown-regulated (no regulator on record); mid-tier footprint,Med,3.4,FALSE,Equities/neobroker — minimal retail FX; confirm relevance to forex roadmap
266,Tiger Brokers,tiger-brokers,Other,Active,Unknown,Low,Established other; Unknown-regulated (no regulator on record); mid-tier footprint,Med,3.4,FALSE,Equities/neobroker — minimal retail FX; confirm relevance to forex roadmap
267,Alpha Futures,alpha-futures,Prop Firm,Active,Unknown,Low,Prop/challenge firm; sim-funded challenge model (typically unregulated),Med,3.4,FALSE,
268,Apex Investing Institute,apex-investing-institute,Prop Firm,Active,Unknown,Low,Prop/challenge firm; sim-funded challenge model (typically unregulated),Med,3.4,FALSE,
269,AudaCity Capital Funded Trader,audacity-capital-funded,Prop Firm,Active,Unknown,Low,Prop/challenge firm; sim-funded challenge model (typically unregulated),Med,3.4,FALSE,
270,FTUK,ftuk,Prop Firm,Active,Unknown,Low,Prop/challenge firm; sim-funded challenge model (typically unregulated),Med,3.4,FALSE,
271,IC Funded,ic-funded,Prop Firm,Active,Unknown,Low,Prop/challenge firm; sim-funded challenge model (typically unregulated),Med,3.4,FALSE,
272,Keystone Trading Group,keystone-trading-group,Prop Firm,Active,Unknown,Low,Prop/challenge firm; sim-funded challenge model (typically unregulated),Med,3.4,FALSE,
273,Leeloo Trading,leeloo-trading,Prop Firm,Active,Unknown,Low,Prop/challenge firm; sim-funded challenge model (typically unregulated),Med,3.4,FALSE,
274,OneUp Trader,oneup-trader,Prop Firm,Active,Unknown,Low,Prop/challenge firm; sim-funded challenge model (typically unregulated),Med,3.4,FALSE,
275,UProfit Trader,uprofit-trader,Prop Firm,Active,Unknown,Low,Prop/challenge firm; sim-funded challenge model (typically unregulated),Med,3.4,FALSE,
276,Cantor Fitzgerald,cantor-fitzgerald,Inter-dealer/Institutional,Active,T1,Low,Institutional/non-retail (SEC / FINRA / FCA) — finance profile but negligible retail broker-review demand; flag reclassify,High,3.4,TRUE,NON-RETAIL: mislabeled for a forex directory — reclassify/relocate
277,Marex,marex,Inter-dealer/Institutional,Active,T1,Low,Institutional/non-retail (FCA / CFTC / Multiple Global) — finance profile but negligible retail broker-review demand; flag reclassify,High,3.4,TRUE,NON-RETAIL: mislabeled for a forex directory — reclassify/relocate; Merged 1 duplicate row(s): United Kingdom
278,MarketAxess,marketaxess,Inter-dealer/Institutional,Active,T1,Low,Institutional/non-retail (SEC / FINRA / FCA) — finance profile but negligible retail broker-review demand; flag reclassify,High,3.4,TRUE,NON-RETAIL: mislabeled for a forex directory — reclassify/relocate
279,Tradeweb,tradeweb,Inter-dealer/Institutional,Active,T1,Low,Institutional/non-retail (SEC / FINRA / FCA) — finance profile but negligible retail broker-review demand; flag reclassify,High,3.4,TRUE,NON-RETAIL: mislabeled for a forex directory — reclassify/relocate
280,Coinexx,coinexx,Crypto Exchange,Active,Unknown,Low,Crypto trading / market-making entity (no regulator on record),Med,3.4,FALSE,
281,Alpha Funded,alpha-funded,Prop Firm,Active,Unknown,Low,Prop/challenge firm; sim-funded challenge model (typically unregulated),Med,3.4,FALSE,
282,Apex Capital Funding,apex-capital-funding,Prop Firm,Active,Unknown,Low,Prop/challenge firm; sim-funded challenge model (typically unregulated),Med,3.4,FALSE,
283,Apex Funded Trader,apex-funded-trader,Prop Firm,Active,Unknown,Low,Prop/challenge firm; sim-funded challenge model (typically unregulated),Med,3.4,FALSE,
284,Bespoke Funding,bespoke-funding,Prop Firm,Active,Unknown,Low,Prop/challenge firm; sim-funded challenge model (typically unregulated),Med,3.4,FALSE,
285,BlackShark Funded,blackshark-funded,Prop Firm,Active,Unknown,Low,Prop/challenge firm; sim-funded challenge model (typically unregulated),Med,3.4,FALSE,
286,Crown Funded,crown-funded,Prop Firm,Active,Unknown,Low,Prop/challenge firm; sim-funded challenge model (typically unregulated),Med,3.4,FALSE,
287,Elite Funded,elite-funded,Prop Firm,Active,Unknown,Low,Prop/challenge firm; sim-funded challenge model (typically unregulated),Med,3.4,FALSE,
288,Fidelis Funding,fidelis-funding,Prop Firm,Active,Unknown,Low,Prop/challenge firm; sim-funded challenge model (typically unregulated),Med,3.4,FALSE,
289,Funded Edge,funded-edge,Prop Firm,Active,Unknown,Low,Prop/challenge firm; sim-funded challenge model (typically unregulated),Med,3.4,FALSE,
290,Funded Engineer,funded-engineer,Prop Firm,Active,Unknown,Low,Prop/challenge firm; sim-funded challenge model (typically unregulated),Med,3.4,FALSE,
291,Funded Nation,funded-nation,Prop Firm,Active,Unknown,Low,Prop/challenge firm; sim-funded challenge model (typically unregulated),Med,3.4,FALSE,
292,Funded Pro Trader,funded-pro-trader,Prop Firm,Active,Unknown,Low,Prop/challenge firm; sim-funded challenge model (typically unregulated),Med,3.4,FALSE,
293,FundedNext Futures,fundednext-futures,Prop Firm,Active,Unknown,Low,Prop/challenge firm; sim-funded challenge model (typically unregulated),Med,3.4,FALSE,
294,Funder Trading,funder-trading,Prop Firm,Active,Unknown,Low,Prop/challenge firm; sim-funded challenge model (typically unregulated),Med,3.4,FALSE,
295,Global Funded Trader,global-funded-trader,Prop Firm,Active,Unknown,Low,Prop/challenge firm; sim-funded challenge model (typically unregulated),Med,3.4,FALSE,
296,Global Prop Trader,global-prop-trader,Prop Firm,Active,Unknown,Low,Prop/challenge firm; sim-funded challenge model (typically unregulated),Med,3.4,FALSE,
297,Green Chart Funding,green-chart-funding,Prop Firm,Active,Unknown,Low,Prop/challenge firm; sim-funded challenge model (typically unregulated),Med,3.4,FALSE,
298,Infinity Funded,infinity-funded,Prop Firm,Active,Unknown,Low,Prop/challenge firm; sim-funded challenge model (typically unregulated),Med,3.4,FALSE,
299,Lark Funding Global,lark-funding-global,Prop Firm,Active,Unknown,Low,Prop/challenge firm; sim-funded challenge model (typically unregulated),Med,3.4,FALSE,
300,Next Funded,next-funded,Prop Firm,Active,Unknown,Low,Prop/challenge firm; sim-funded challenge model (typically unregulated),Med,3.4,FALSE,
301,Nexus Trader Funding,nexus-trader-funding,Prop Firm,Active,Unknown,Low,Prop/challenge firm; sim-funded challenge model (typically unregulated),Med,3.3,FALSE,
302,Nova Funding,nova-funding,Prop Firm,Active,Unknown,Low,Prop/challenge firm; sim-funded challenge model (typically unregulated),Med,3.3,FALSE,
303,Peak Funded,peak-funded,Prop Firm,Active,Unknown,Low,Prop/challenge firm; sim-funded challenge model (typically unregulated),Med,3.3,FALSE,
304,Prime Funding Trader,prime-funding-trader,Prop Firm,Active,Unknown,Low,Prop/challenge firm; sim-funded challenge model (typically unregulated),Med,3.3,FALSE,
305,Prop Number One,prop-number-one,Prop Firm,Active,Unknown,Low,Prop/challenge firm; sim-funded challenge model (typically unregulated),Med,3.3,FALSE,Merged 1 duplicate row(s): Unknown
306,Prop Trading Club,prop-trading-club,Prop Firm,Active,Unknown,Low,Prop/challenge firm; sim-funded challenge model (typically unregulated),Med,3.3,FALSE,
307,PropTradeTech,proptradetech,Prop Firm,Active,Unknown,Low,Prop/challenge firm; sim-funded challenge model (typically unregulated),Med,3.3,FALSE,
308,QCP,qcp,Crypto Exchange,Active,Unknown,Low,Crypto trading / market-making entity (no regulator on record),Med,3.3,FALSE,
309,Smart Funding Trader,smart-funding-trader,Prop Firm,Active,Unknown,Low,Prop/challenge firm; sim-funded challenge model (typically unregulated),Med,3.3,FALSE,
310,Surge Funding,surge-funding,Prop Firm,Active,Unknown,Low,Prop/challenge firm; sim-funded challenge model (typically unregulated),Med,3.3,FALSE,
311,Swift Funding,swift-funding,Prop Firm,Active,Unknown,Low,Prop/challenge firm; sim-funded challenge model (typically unregulated),Med,3.3,FALSE,
312,The Trading Capital,the-trading-capital,Prop Firm,Active,Unknown,Low,Prop/challenge firm; sim-funded challenge model (typically unregulated),Med,3.3,FALSE,
313,Trade Capital Funding,trade-capital-funding,Prop Firm,Active,Unknown,Low,Prop/challenge firm; sim-funded challenge model (typically unregulated),Med,3.3,FALSE,
314,TradingFunds Global,trading-funds,Prop Firm,Active,Unknown,Low,Prop/challenge firm; sim-funded challenge model (typically unregulated),Med,3.3,FALSE,
315,Urban Forex Funding,urban-forex-funding,Prop Firm,Active,Unknown,Low,Prop/challenge firm; sim-funded challenge model (typically unregulated),Med,3.3,FALSE,
316,Vault Markets Funding,vault-markets-funding,Prop Firm,Active,Unknown,Low,Prop/challenge firm; sim-funded challenge model (typically unregulated),Med,3.3,FALSE,
317,BrightFunded,brightfunded,Prop Firm,Active,Unregulated,Low,"Crypto/forex prop firm, Netherlands-based (web-verified)",Med,3.3,FALSE,"Crypto/forex prop firm, Netherlands-based"
318,Fidelcrest,fidelcrest,Prop Firm,Active,Unregulated,Low,Prop firm (funded accounts); Cyprus-based (web-verified),Med,3.3,FALSE,Prop firm (funded accounts); Cyprus-based
319,Traders Central Fund,traders-central-fund,Prop Firm,Active,Unregulated,Low,Funded-trader prop firm; unregulated (web-verified),Med,3.3,FALSE,Funded-trader prop firm; unregulated
320,5paisa,5paisa,Other,Active,T2,Low,Equity/securities or multi-asset broker (non-forex focus); T2 (SEBI); India,Med,3.3,FALSE,Equities/neobroker — minimal retail FX; confirm relevance to forex roadmap
321,Fyers,fyers,Other,Active,T2,Low,Equity/securities or multi-asset broker (non-forex focus); T2 (SEBI); India,Med,3.3,FALSE,Equities/neobroker — minimal retail FX; confirm relevance to forex roadmap
322,AquaFunded,aquafunded,Prop Firm,Active,Unknown,Low,Prop/challenge firm; sim-funded challenge model (typically unregulated),Med,3.3,FALSE,
323,Blueberry Funded,blueberry-funded,Prop Firm,Active,Unknown,Low,Prop/challenge firm; sim-funded challenge model (typically unregulated),Med,3.3,FALSE,
324,Breakout Prop,breakout-prop,Prop Firm,Active,Unknown,Low,Prop/challenge firm; sim-funded challenge model (typically unregulated),Med,3.3,FALSE,
325,FX Capital Funding,fx-capital-funding,Prop Firm,Active,Unknown,Low,Prop/challenge firm; sim-funded challenge model (typically unregulated),Med,3.3,FALSE,
326,Funding Traders,funding-traders,Prop Firm,Active,Unknown,Low,Prop/challenge firm; sim-funded challenge model (typically unregulated),Med,3.3,FALSE,
327,Hola Prime,hola-prime,Prop Firm,Active,Unknown,Low,Prop/challenge firm; sim-funded challenge model (typically unregulated),Med,3.3,FALSE,
328,Maven Trading,maven-trading,Prop Firm,Active,Unknown,Low,Prop/challenge firm; sim-funded challenge model (typically unregulated),Med,3.3,FALSE,
329,PipFarm,pipfarm,Prop Firm,Active,Unknown,Low,Prop/challenge firm; sim-funded challenge model (typically unregulated),Med,3.3,FALSE,
330,The Trading Pit,the-trading-pit,Prop Firm,Active,Unknown,Low,Prop/challenge firm; sim-funded challenge model (typically unregulated),Med,3.3,FALSE,
331,ATFunded,atfunded,Prop Firm,Active,Unregulated,Low,"ATFX's prop firm brand, funded challenges (web-verified)",High,3.3,FALSE,"ATFX's prop firm brand, funded challenges"
332,Ascendx Capital,ascendx-capital,Prop Firm,Active,Unregulated,Low,"London-registered prop firm (Quant Tekel), unregulated (web-verified)",Med,3.3,FALSE,"London-registered prop firm (Quant Tekel), unregulated"
333,Blusky,blusky,Prop Firm,Active,Unregulated,Low,US Florida futures prop firm; unregulated (web-verified),Med,3.3,FALSE,US Florida futures prop firm; unregulated
334,Bulenox,bulenox,Prop Firm,Active,Unregulated,Low,"futures prop firm, sim-funded, unregulated (web-verified)",High,3.3,FALSE,"futures prop firm, sim-funded, unregulated"
335,FXIFY,fxify,Prop Firm,Active,Unregulated,Low,"Forex prop firm, London-based (web-verified)",High,3.3,FALSE,"Forex prop firm, London-based"
336,HyroTrader,hyrotrader,Prop Firm,Active,Unregulated,Low,Crypto prop firm (Bybit-based challenges) (web-verified),Med,3.3,FALSE,Crypto prop firm (Bybit-based challenges)
337,MyFundedFX,myfundedfx,Prop Firm,Active,Unregulated,Low,US forex prop/funding firm (web-verified),High,3.3,FALSE,US forex prop/funding firm
338,NexGen Futures Trader,nexgen-futures-trader,Prop Firm,Active,Unregulated,Low,futures funded-trader prop firm (web-verified),High,3.3,FALSE,futures funded-trader prop firm
339,ThinkCapital,thinkcapital,Prop Firm,Active,Unregulated,Low,ThinkMarkets-backed prop firm; challenge model (web-verified),Med,3.3,FALSE,ThinkMarkets-backed prop firm; challenge model
340,TopTier Trader,toptier-trader,Prop Firm,Active,Unregulated,Low,Well-known funded-trader prop firm (web-verified),Med,3.3,FALSE,Well-known funded-trader prop firm
341,Trade The Pool,trade-the-pool,Prop Firm,Active,Unregulated,Low,stock prop/challenge firm (The5ers); unregulated (web-verified),High,3.3,FALSE,stock prop/challenge firm (The5ers); unregulated
342,TradeDay,tradeday,Prop Firm,Active,Unregulated,Low,"futures prop firm, active 2026 (web-verified)",High,3.3,FALSE,"futures prop firm, active 2026"
343,Tradeify,tradeify,Prop Firm,Active,Unregulated,Low,US futures prop firm; instant funding (web-verified),High,3.3,FALSE,US futures prop firm; instant funding
344,Keyrock,keyrock,Crypto Exchange,Active,Unknown,Low,Crypto trading / market-making entity (no regulator on record),Med,3.3,FALSE,
345,Dhan,dhan,Other,Active,T2,Low,Equity/securities or multi-asset broker (non-forex focus); T2 (SEBI); India,Med,3.3,FALSE,Equities/neobroker — minimal retail FX; confirm relevance to forex roadmap
346,AJ Bell,aj-bell,Other,Active,Unknown,Low,Established other; Unknown-regulated (no regulator on record); mid-tier footprint,Med,3.3,FALSE,Equities/neobroker — minimal retail FX; confirm relevance to forex roadmap
347,Alpha Broking,alpha-broking,Other,Active,Unknown,Low,Established other; Unknown-regulated (no regulator on record); mid-tier footprint,Med,3.3,FALSE,
348,Futu Singapore,futu-singapore,Other,Active,Unknown,Low,Established other; Unknown-regulated (no regulator on record); mid-tier footprint,Med,3.3,FALSE,Equities/neobroker — minimal retail FX; confirm relevance to forex roadmap
349,BGC Brokers,bgc-brokers,Inter-dealer/Institutional,Active,T1,Low,Institutional/non-retail (SEC / FCA / MAS) — finance profile but negligible retail broker-review demand; flag reclassify,High,3.3,TRUE,NON-RETAIL: mislabeled for a forex directory — reclassify/relocate
350,Tradition,tradition,Inter-dealer/Institutional,Active,T1,Low,Institutional/non-retail (FINMA / FCA / SEC) — finance profile but negligible retail broker-review demand; flag reclassify,High,3.3,TRUE,NON-RETAIL: mislabeled for a forex directory — reclassify/relocate
351,Blue Forex Funds,blue-forex-funds,Prop Firm,Active,Unregulated,Low,"prop firm, flagged scam, unregulated (web-verified)",Med,3.2,FALSE,"prop firm, flagged scam, unregulated"
352,BuoyTrade,buoytrade,Prop Firm,Active,Unregulated,Low,No-evaluation forex prop firm; unregulated (web-verified),Med,3.2,FALSE,No-evaluation forex prop firm; unregulated
353,E-Fund Trader,e-fund-trader,Prop Firm,Active,Unregulated,Low,"Prop firm funded-account model; unregulated, no license (web-verified)",Med,3.2,FALSE,"Prop firm funded-account model; unregulated, no license"
354,For Traders,for-traders,Prop Firm,Active,Unregulated,Low,funded-challenge prop firm; unregulated (web-verified),Med,3.2,FALSE,funded-challenge prop firm; unregulated
355,Forex Capital Funds,forex-capital-funds,Prop Firm,Active,Unregulated,Low,forex prop/funding firm (web-verified),Med,3.2,FALSE,forex prop/funding firm
356,FunderPro,funderpro,Prop Firm,Active,Unregulated,Low,CFD prop/challenge firm; unregulated (web-verified),Med,3.2,FALSE,CFD prop/challenge firm; unregulated
357,FundingTicks,fundingticks,Prop Firm,Active,Unregulated,Low,"futures prop challenge firm, unregulated (web-verified)",Med,3.2,FALSE,"futures prop challenge firm, unregulated"
358,Global Trading Capital,global-trading-capital,Prop Firm,Active,Unregulated,Low,"Funded-trader prop firm, unregulated (web-verified)",Med,3.2,FALSE,"Funded-trader prop firm, unregulated"
359,GrandProp,grandprop,Prop Firm,Active,Unregulated,Low,"name implies prop firm, unverified (web-verified)",Low,3.2,TRUE,"name implies prop firm, unverified"
360,KAB Strategy,kab-strategy,Prop Firm,Active,Unregulated,Low,prop/challenge firm; unregulated (web-verified),Med,3.2,FALSE,prop/challenge firm; unregulated
361,MyFlashFunding,myflashfunding,Prop Firm,Active,Unregulated,Low,"forex prop/funding firm, challenge model (web-verified)",High,3.2,FALSE,"forex prop/funding firm, challenge model"
362,OneFunded,onefunded,Prop Firm,Active,Unregulated,Low,Funded-trader prop firm (web-verified),Med,3.2,FALSE,Funded-trader prop firm
363,Phidias Propfirm,phidias-propfirm,Prop Firm,Active,Unregulated,Low,"Live futures prop firm, unregulated (web-verified)",High,3.2,FALSE,"Live futures prop firm, unregulated"
364,Propify,propify,Prop Firm,Active,Unregulated,Low,"prop firm, sim-funded, unregulated (web-verified)",Med,3.2,FALSE,"prop firm, sim-funded, unregulated"
365,RebelsFunding,rebelsfunding,Prop Firm,Active,Unregulated,Low,"prop firm, funded accounts, unregulated (web-verified)",High,3.2,FALSE,"prop firm, funded accounts, unregulated"
366,Rocket21,rocket21,Prop Firm,Active,Unregulated,Low,Rocket21 Challenge prop trading firm (web-verified),High,3.2,FALSE,Rocket21 Challenge prop trading firm
367,SabioTrade,sabiotrade,Prop Firm,Active,Unregulated,Low,Prop trading firm (funded accounts) (web-verified),Med,3.2,FALSE,Prop trading firm (funded accounts)
368,SuperFunded,superfunded,Prop Firm,Active,Unregulated,Low,Funded-trader prop firm (web-verified),Med,3.2,FALSE,Funded-trader prop firm
369,The Forex Funder,the-forex-funder,Prop Firm,Active,Unregulated,Low,"forex prop firm, funded challenges (web-verified)",High,3.2,FALSE,"forex prop firm, funded challenges"
370,TickTickTrader,tickticktrader,Prop Firm,Active,Unregulated,Low,"Futures prop firm, challenge-based; unregulated (web-verified)",Med,3.2,FALSE,"Futures prop firm, challenge-based; unregulated"
371,TradeFundrr,tradefundrr,Prop Firm,Active,Unregulated,Low,forex prop/funding firm (web-verified),Med,3.2,FALSE,forex prop/funding firm
372,Traders With Edge,traders-with-edge,Prop Firm,Active,Unregulated,Low,Confirmed prop trading firm; funding challenges (web-verified),High,3.2,FALSE,Confirmed prop trading firm; funding challenges
373,TradingFunds,tradingfunds,Prop Firm,Active,Unregulated,Low,funded-account prop firm; unregulated (web-verified),Med,3.2,FALSE,funded-account prop firm; unregulated
374,vCap FX,vcap-fx,Prop Firm,Active,Unregulated,Low,Prop trading firm (funded accounts) (web-verified),Med,3.2,FALSE,Prop trading firm (funded accounts)
375,GFT Markets,gft-markets,Forex Broker,Acquired/Merged,Unknown,Mid,Acquired/merged — Acquired by GAIN Capital (2013); brand continuity uncertain,High,3.2,TRUE,Acquired by GAIN Capital (2013)
376,comdirect,comdirect,Other,Active,Unknown,Low,Equity/securities or multi-asset broker (non-forex focus); Unknown (no regulator on record); Germany,Med,3.2,FALSE,Equities/neobroker — minimal retail FX; confirm relevance to forex roadmap
377,flatex,flatex,Other,Active,Unknown,Low,Equity/securities or multi-asset broker (non-forex focus); Unknown (no regulator on record); Germany,Med,3.2,FALSE,Equities/neobroker — minimal retail FX; confirm relevance to forex roadmap
378,ATC Brokers,atc-brokers,Forex Broker,Active,T1,Low,T1-regulated forex broker (FCA / CIMA); United Kingdom; limited public footprint,High,3.2,FALSE,Merged 1 duplicate row(s): United States
379,Alpaca,alpaca,Forex Broker,Active,T1,Low,T1-regulated forex broker (FINRA / SEC); United States; limited public footprint,High,3.2,FALSE,
380,CFI Financial,cfi-financial,Forex Broker,Active,T1,Low,T1-regulated forex broker (FCA / CySEC / DFSA); United Kingdom; limited public footprint,High,3.2,FALSE,Merged 2 duplicate row(s): Cyprus/CySEC (Cyprus) | DFS ; Unknown
381,TopFX,topfx,Forex Broker,Active,T1,Low,T1-regulated forex broker (CySEC / FSA); Cyprus; limited public footprint,High,3.2,FALSE,Merged 1 duplicate row(s): Cyprus
382,Tradier Brokerage,tradier-brokerage,Forex Broker,Active,T1,Low,T1-regulated forex broker (FINRA / SIPC); United States; limited public footprint,High,3.2,FALSE,
383,Oppenheimer,oppenheimer-holdings,Inter-dealer/Institutional,Active,T1,Low,Institutional/non-retail (SEC / FINRA / SIPC) — finance profile but negligible retail broker-review demand; flag reclassify,High,3.2,TRUE,NON-RETAIL: mislabeled for a forex directory — reclassify/relocate
384,Bespoke Funding Program,bespoke-funding-program,Prop Firm,Active,Unknown,Low,Prop/challenge firm; sim-funded challenge model (typically unregulated),Med,3.2,FALSE,
385,Blueberry Funding,blueberry-funding,Prop Firm,Active,Unknown,Low,Prop/challenge firm; sim-funded challenge model (typically unregulated),Med,3.2,FALSE,
386,Central Funded Trader,central-funded-trader,Prop Firm,Active,Unknown,Low,Prop/challenge firm; sim-funded challenge model (typically unregulated),Med,3.2,FALSE,
387,City Funded,city-funded,Prop Firm,Active,Unknown,Low,Prop/challenge firm; sim-funded challenge model (typically unregulated),Med,3.2,FALSE,
388,DNA Funded,dna-funded,Prop Firm,Active,Unknown,Low,Prop/challenge firm; sim-funded challenge model (typically unregulated),Med,3.2,FALSE,
389,Direct Funded Trader,direct-funded-trader,Prop Firm,Active,Unknown,Low,Prop/challenge firm; sim-funded challenge model (typically unregulated),Med,3.2,FALSE,
390,Elite Funded Trader,elite-funded-trader,Prop Firm,Active,Unknown,Low,Prop/challenge firm; sim-funded challenge model (typically unregulated),Med,3.2,FALSE,
391,Elite Trader Funding,elite-trader-funding,Prop Firm,Active,Unknown,Low,Prop/challenge firm; sim-funded challenge model (typically unregulated),Med,3.2,FALSE,
392,FX2 Funding,fx2-funding,Prop Firm,Active,Unknown,Low,Prop/challenge firm; sim-funded challenge model (typically unregulated),Med,3.2,FALSE,
393,Finotive Funding,finotive-funding,Prop Firm,Active,Unknown,Low,Prop/challenge firm; sim-funded challenge model (typically unregulated),Med,3.2,FALSE,
394,Forex Prop Reviews,forex-prop-reviews,Prop Firm,Active,Unknown,Low,Prop/challenge firm; sim-funded challenge model (typically unregulated),Med,3.2,FALSE,
395,Funded Academy,funded-academy,Prop Firm,Active,Unknown,Low,Prop/challenge firm; sim-funded challenge model (typically unregulated),Med,3.2,FALSE,
396,Funded Accounts,funded-accounts,Prop Firm,Active,Unknown,Low,Prop/challenge firm; sim-funded challenge model (typically unregulated),Med,3.2,FALSE,
397,Funded Elite,funded-elite,Prop Firm,Active,Unknown,Low,Prop/challenge firm; sim-funded challenge model (typically unregulated),Med,3.2,FALSE,
398,Funded Firm,funded-firm,Prop Firm,Active,Unknown,Low,Prop/challenge firm; sim-funded challenge model (typically unregulated),Med,3.2,FALSE,
399,Funded Peaks,funded-peaks,Prop Firm,Active,Unknown,Low,Prop/challenge firm; sim-funded challenge model (typically unregulated),Med,3.2,FALSE,
400,Funded Squad,funded-squad,Prop Firm,Active,Unknown,Low,Prop/challenge firm; sim-funded challenge model (typically unregulated),Med,3.2,FALSE,
401,Funded Trader Markets,funded-trader-markets,Prop Firm,Active,Unknown,Low,Prop/challenge firm; sim-funded challenge model (typically unregulated),Med,3.1,FALSE,
402,Funding Talent,funding-talent,Prop Firm,Active,Unknown,Low,Prop/challenge firm; sim-funded challenge model (typically unregulated),Med,3.1,FALSE,
403,Future Funded,future-funded,Prop Firm,Active,Unknown,Low,Prop/challenge firm; sim-funded challenge model (typically unregulated),Med,3.1,FALSE,
404,Instant Funding Pro,instant-funding-pro,Prop Firm,Active,Unknown,Low,Prop/challenge firm; sim-funded challenge model (typically unregulated),Med,3.1,FALSE,
405,Lark Funding,lark-funding,Prop Firm,Active,Unknown,Low,Prop/challenge firm; sim-funded challenge model (typically unregulated),Med,3.1,FALSE,
406,Level Up Funding,level-up-funding,Prop Firm,Active,Unknown,Low,Prop/challenge firm; sim-funded challenge model (typically unregulated),Med,3.1,FALSE,
407,Ment Funding,ment-funding,Prop Firm,Active,Unknown,Low,Prop/challenge firm; sim-funded challenge model (typically unregulated),Med,3.1,FALSE,
408,Next Step Funded,next-step-funded,Prop Firm,Active,Unknown,Low,Prop/challenge firm; sim-funded challenge model (typically unregulated),Med,3.1,FALSE,
409,OFP Funding,ofp-funding,Prop Firm,Active,Unknown,Low,Prop/challenge firm; sim-funded challenge model (typically unregulated),Med,3.1,FALSE,
410,Pip Traders Funding,pip-traders-funding,Prop Firm,Active,Unknown,Low,Prop/challenge firm; sim-funded challenge model (typically unregulated),Med,3.1,FALSE,
411,Prop Account,prop-account,Prop Firm,Active,Unknown,Low,Prop/challenge firm; sim-funded challenge model (typically unregulated),Med,3.1,FALSE,
412,Prop Trader Pro,prop-trader-pro,Prop Firm,Active,Unknown,Low,Prop/challenge firm; sim-funded challenge model (typically unregulated),Med,3.1,FALSE,
413,Royal Funding Program,royal-funding-program,Prop Firm,Active,Unknown,Low,Prop/challenge firm; sim-funded challenge model (typically unregulated),Med,3.1,FALSE,
414,Skilled Funded Traders,skilled-funded-traders,Prop Firm,Active,Unknown,Low,Prop/challenge firm; sim-funded challenge model (typically unregulated),Med,3.1,FALSE,
415,Smart Prop Trader,smart-prop-trader,Prop Firm,Active,Unknown,Low,Prop/challenge firm; sim-funded challenge model (typically unregulated),Med,3.1,FALSE,
416,WorldFirst,worldfirst,Payment/Fintech,Acquired/Merged,Unknown,Low,Acquired/merged — Owned by Ant Group; brand continuity uncertain,High,3.1,TRUE,Owned by Ant Group; NON-RETAIL: mislabeled for a forex directory — reclassify/relocate
417,BlueSuisse,bluesuisse,Forex Broker,Active,T1,Low,T1-regulated forex broker (MFSA); Malta (with Germany office); limited public footprint,High,3.1,FALSE,
418,Piper Sandler,piper-sandler,Inter-dealer/Institutional,Active,T1,Low,Institutional/non-retail (SEC / FINRA / SIPC) — finance profile but negligible retail broker-review demand; flag reclassify,High,3.1,TRUE,NON-RETAIL: mislabeled for a forex directory — reclassify/relocate
419,TD Cowen,cowen-td,Inter-dealer/Institutional,Active,T1,Low,Institutional/non-retail (SEC / FINRA / FCA) — finance profile but negligible retail broker-review demand; flag reclassify,High,3.1,TRUE,NON-RETAIL: mislabeled for a forex directory — reclassify/relocate
420,Wedbush Securities,wedbush-securities,Inter-dealer/Institutional,Active,T1,Low,Institutional/non-retail (FINRA / SEC / SIPC) — finance profile but negligible retail broker-review demand; flag reclassify,High,3.1,TRUE,NON-RETAIL: mislabeled for a forex directory — reclassify/relocate
421,Alpha FX,alpha-fx,Payment/Fintech,Active,Unknown,Low,"Cross-border FX / payments brand, not a trading broker; flag reclassify",Med,3.1,TRUE,NON-RETAIL: mislabeled for a forex directory — reclassify/relocate
422,Argentex,argentex,Payment/Fintech,Active,Unknown,Low,"Cross-border FX / payments brand, not a trading broker; flag reclassify",Med,3.1,TRUE,NON-RETAIL: mislabeled for a forex directory — reclassify/relocate
423,Corpay Cross Border,corpay-cross-border,Payment/Fintech,Active,Unknown,Low,"Cross-border FX / payments brand, not a trading broker; flag reclassify",Med,3.1,TRUE,NON-RETAIL: mislabeled for a forex directory — reclassify/relocate
424,Kairon Labs,kairon-labs,Crypto Exchange,Active,Unknown,Low,Crypto trading / market-making entity (no regulator on record),Med,3.1,FALSE,
425,Ebury,ebury,Payment/Fintech,Acquired/Merged,Unknown,Low,Acquired/merged — Majority-owned by Santander; brand continuity uncertain,High,3.1,TRUE,Majority-owned by Santander; NON-RETAIL: mislabeled for a forex directory — reclassify/relocate
426,Blue Line Futures,blue-line-futures,Inter-dealer/Institutional,Active,T1,Low,Institutional/non-retail (NFA / CFTC) — finance profile but negligible retail broker-review demand; flag reclassify,High,3.1,TRUE,NON-RETAIL: mislabeled for a forex directory — reclassify/relocate
427,Daniels Trading,daniels-trading,Inter-dealer/Institutional,Active,T1,Low,Institutional/non-retail (NFA / CFTC) — finance profile but negligible retail broker-review demand; flag reclassify,High,3.1,TRUE,NON-RETAIL: mislabeled for a forex directory — reclassify/relocate; Merged 1 duplicate row(s): United States
428,DeCarley Trading,decarley-trading,Inter-dealer/Institutional,Active,T1,Low,Institutional/non-retail (NFA / CFTC) — finance profile but negligible retail broker-review demand; flag reclassify,High,3.1,TRUE,NON-RETAIL: mislabeled for a forex directory — reclassify/relocate
429,RJO Futures,rjo-futures,Inter-dealer/Institutional,Active,T1,Low,Institutional/non-retail (NFA / CFTC) — finance profile but negligible retail broker-review demand; flag reclassify,High,3.1,TRUE,NON-RETAIL: mislabeled for a forex directory — reclassify/relocate
430,Stage 5 Trading,stage5-trading,Inter-dealer/Institutional,Active,T1,Low,Institutional/non-retail (NFA / CFTC) — finance profile but negligible retail broker-review demand; flag reclassify,High,3.1,TRUE,NON-RETAIL: mislabeled for a forex directory — reclassify/relocate; Merged 1 duplicate row(s): United States
431,Zaner Group,zaner-group,Inter-dealer/Institutional,Active,T1,Low,Institutional/non-retail (NFA / CFTC) — finance profile but negligible retail broker-review demand; flag reclassify,High,3.1,TRUE,NON-RETAIL: mislabeled for a forex directory — reclassify/relocate
432,Axos Invest,axos-invest,Forex Broker,Active,T1,Low,T1-regulated forex broker (FINRA / SEC / SIPC); United States; limited public footprint,High,3.1,FALSE,
433,ChoiceTrade,choicetrade,Forex Broker,Active,T1,Low,T1-regulated forex broker (FINRA / SEC / SIPC); United States; limited public footprint,High,3.1,FALSE,
434,Cobra Trading,cobra-trading,Forex Broker,Active,T1,Low,T1-regulated forex broker (FINRA / SEC / SIPC); United States; limited public footprint,High,3.1,FALSE,Merged 1 duplicate row(s): United States
435,DriveWealth,drivewealth,Forex Broker,Active,T1,Low,T1-regulated forex broker (FINRA / SEC); United States; limited public footprint,High,3.1,FALSE,
436,OpenMarkets Australia,openmarkets-australia,Forex Broker,Active,T1,Low,T1-regulated forex broker (ASIC / ASX); Australia; limited public footprint,High,3.1,FALSE,
437,Pearler,pearler,Forex Broker,Active,T1,Low,T1-regulated forex broker (ASIC / AFSL); Australia; limited public footprint,High,3.1,FALSE,
438,TransAct Futures,transact-futures,Forex Broker,Active,T1,Low,T1-regulated forex broker (NFA / CFTC); United States; limited public footprint,High,3.1,FALSE,
439,Zacks Trade,zacks-trade,Forex Broker,Active,T1,Low,T1-regulated forex broker (FINRA / SEC / SIPC); United States; limited public footprint,High,3.1,FALSE,
440,Kantox,kantox,Payment/Fintech,Active,Unknown,Low,"Cross-border FX / payments brand, not a trading broker; flag reclassify",Med,3.1,TRUE,NON-RETAIL: mislabeled for a forex directory — reclassify/relocate
441,Monex Europe,monex-europe,Payment/Fintech,Active,Unknown,Low,"Cross-border FX / payments brand, not a trading broker; flag reclassify",Med,3.1,TRUE,NON-RETAIL: mislabeled for a forex directory — reclassify/relocate
442,EFG Hermes Kenya,efg-hermes-kenya,Forex Broker,Active,T1,Low,T1-regulated forex broker (CMA / FRA / FCA); Kenya; limited public footprint,High,3.1,FALSE,
443,Renaissance Capital Africa,renaissance-capital-africa,Forex Broker,Active,T1,Low,T1-regulated forex broker (FCA / SEC / CMA); South Africa; limited public footprint,High,3.1,FALSE,
444,Glow Node,glow-node,Prop Firm,Acquired/Merged,Unregulated,Low,Acquired/merged — prop firm acquired by Sway Funded; brand continuity uncertain,Med,3.1,TRUE,prop firm acquired by Sway Funded
445,Equals Money,equals-money,Payment/Fintech,Active,Unknown,Low,"Cross-border FX / payments brand, not a trading broker; flag reclassify",Med,3.1,TRUE,NON-RETAIL: mislabeled for a forex directory — reclassify/relocate
446,CME Group,cme-group,Inter-dealer/Institutional,Active,Unknown,Low,Institutional/non-retail (no regulator on record) — finance profile but negligible retail broker-review demand; flag reclassify,Med,3.1,TRUE,NON-RETAIL: mislabeled for a forex directory — reclassify/relocate
447,Sharesies,sharesies,Other,Active,Unknown,Low,Equity/securities or multi-asset broker (non-forex focus); Unknown (no regulator on record); New Zealand,Med,3.1,FALSE,Equities/neobroker — minimal retail FX; confirm relevance to forex roadmap
448,iBanFirst,ibanfirst,Payment/Fintech,Active,Unknown,Low,"Cross-border FX / payments brand, not a trading broker; flag reclassify",Med,3.1,TRUE,NON-RETAIL: mislabeled for a forex directory — reclassify/relocate
449,AAATrade,aaatrade,CFD Broker,Active,T1,Low,"CySEC-regulated investment firm, Cyprus (web-verified)",High,3.1,FALSE,"CySEC-regulated investment firm, Cyprus"
450,Alvexo,alvexo,CFD Broker,Active,T1,Low,"CySEC-regulated, VPR Safe Financial Group (web-verified)",High,3.1,FALSE,"CySEC-regulated, VPR Safe Financial Group"
451,Baxter FX,baxter-fx,Forex Broker,Active,T1,Low,Central Bank of Ireland + ASIC; Dublin-based (web-verified),Med,3.0,FALSE,Central Bank of Ireland + ASIC; Dublin-based
452,Blue Suisse International,blue-suisse-international,CFD Broker,Active,T1,Low,MFSA Malta regulated (license IS/59928) (web-verified),Med,3.0,FALSE,MFSA Malta regulated (license IS/59928)
453,Capex Invest,capex-invest,CFD Broker,Active,T1,Low,"CAPEX.com/Key Way, CySEC+ASIC regulated (web-verified)",Med,3.0,FALSE,"CAPEX.com/Key Way, CySEC+ASIC regulated"
454,DNA Markets,dna-markets,CFD Broker,Active,T1,Low,ASIC entity plus offshore Saint Lucia entity (web-verified),Med,3.0,FALSE,ASIC entity plus offshore Saint Lucia entity
455,Decode Global,decode-global,CFD Broker,Active,T1,Low,ASIC-regulated (plus VFSC Vanuatu) (web-verified),High,3.0,FALSE,ASIC-regulated (plus VFSC Vanuatu)
456,Doto,doto,CFD Broker,Active,T1,Low,CySEC/FSCA/FSC/FSA regulated; HQ Limassol (web-verified),Med,3.0,FALSE,CySEC/FSCA/FSC/FSA regulated; HQ Limassol
457,FXView,fxview,Forex Broker,Active,T1,Low,"CySEC and FSCA regulated, Cyprus (Finvasia) (web-verified)",High,3.0,FALSE,"CySEC and FSCA regulated, Cyprus (Finvasia)"
458,FinMarket,finmarket,CFD Broker,Active,T1,Low,CySEC-regulated (K-DNA Financial Services) (web-verified),Med,3.0,FALSE,CySEC-regulated (K-DNA Financial Services)
459,Forex Club Libertex Group,forex-club-libertex-group,Forex Broker,Active,T1,Low,"Libertex, CySEC (Indication Investments) (web-verified)",High,3.0,FALSE,"Libertex, CySEC (Indication Investments)"
460,FxGrow,fxgrow,Forex Broker,Active,T1,Low,Growell Capital Ltd; CySEC-regulated (web-verified),High,3.0,FALSE,Growell Capital Ltd; CySEC-regulated
461,Insignia Futures,insignia-futures,Forex Broker,Active,T1,Low,T1-regulated forex broker (NFA / CFTC); United States; limited public footprint,Med,3.0,FALSE,
462,InvestFW,investfw,CFD Broker,Active,T1,Low,iTrade Global Ltd; CySEC-licensed (web-verified),High,3.0,FALSE,iTrade Global Ltd; CySEC-licensed
463,Lakefront Futures,lakefront-futures,Forex Broker,Active,T1,Low,T1-regulated forex broker (NFA / CFTC); United States; limited public footprint,Med,3.0,FALSE,
464,Liberty Trading Group,liberty-trading-group,Forex Broker,Active,T1,Low,T1-regulated forex broker (NFA / CFTC); United States; limited public footprint,Med,3.0,FALSE,
465,Linn & Associates,linn-and-associates,Forex Broker,Active,T1,Low,T1-regulated forex broker (NFA / CFTC); United States; limited public footprint,Med,3.0,FALSE,
466,MAYZUS,mayzus,Forex Broker,Active,T1,Low,"CySEC CIF Cyprus, fined by CySEC (web-verified)",Med,3.0,FALSE,"CySEC CIF Cyprus, fined by CySEC"
467,OneRoyal,oneroyal-broker,Forex Broker,Active,T1,Low,ASIC AFSL 420268 & CySEC 312/16; ex-Royal Financial (web-verified),High,3.0,FALSE,ASIC AFSL 420268 & CySEC 312/16; ex-Royal Financial
468,Oqtima,oqtima,CFD Broker,Active,T1,Low,CySEC plus Seychelles FSA; founded 2023 (web-verified),Med,3.0,FALSE,CySEC plus Seychelles FSA; founded 2023
469,Ox Securities,ox-securities,Forex Broker,Active,T1,Low,"ASIC-regulated; also Vanuatu, CFTC RED list (web-verified)",High,3.0,FALSE,"ASIC-regulated; also Vanuatu, CFTC RED list"
470,TFIFX,tfifx,Forex Broker,Active,T1,Low,CySEC-regulated Cyprus FX/payments (TFI Markets/Ecommpay) (web-verified),Med,3.0,FALSE,CySEC-regulated Cyprus FX/payments (TFI Markets/Ecommpay)
471,TrioMarkets,triomarkets,CFD Broker,Active,T1,Low,"B.O.T Trading, CySEC + FSC Mauritius (web-verified)",Med,3.0,FALSE,"B.O.T Trading, CySEC + FSC Mauritius"
472,Vestle,vestle,CFD Broker,Active,T1,Low,"iFOREX EU brand; iCFD Ltd, CySEC-regulated (web-verified)",High,3.0,FALSE,"iFOREX EU brand; iCFD Ltd, CySEC-regulated"
473,XGLOBAL Markets,xglobal-markets,Forex Broker,Active,T1,Low,XGLOBAL Markets Ltd; CySEC-regulated (web-verified),High,3.0,FALSE,XGLOBAL Markets Ltd; CySEC-regulated
474,XPro Markets,xpro-markets,CFD Broker,Active,T1,Low,"CySEC+FSCA regulated, some scam reviews (web-verified)",Med,3.0,FALSE,"CySEC+FSCA regulated, some scam reviews"
475,XS.com,xs-com,Forex Broker,Active,T1,Low,Multi-regulated (ASIC/CySEC/FSC Mauritius); Australia-founded (web-verified),High,3.0,FALSE,Multi-regulated (ASIC/CySEC/FSC Mauritius); Australia-founded
476,Convera,convera,Payment/Fintech,Acquired/Merged,Unknown,Low,Acquired/merged — Formed from Western Union Business Solutions (2021-22); brand continuity uncertain,High,3.0,TRUE,Formed from Western Union Business Solutions (2021-22); NON-RETAIL: mislabeled for a forex directory — reclassify/relocate
477,Nuvama,nuvama,Other,Active,Unknown,Low,Equity/securities or multi-asset broker (non-forex focus); Unknown (no regulator on record); India,Med,3.0,FALSE,Equities/neobroker — minimal retail FX; confirm relevance to forex roadmap
478,ACY Securities,acy-securities,Other,Active,T1,Low,Equity/securities or multi-asset broker (non-forex focus); T1 (ASIC / VFSC); Australia,High,3.0,FALSE,Merged 1 duplicate row(s): Australia
479,Abshire Smith,abshire-smith,Forex Broker,Active,T1,Low,FCA-regulated London FX broker (web-verified),Med,3.0,FALSE,FCA-regulated London FX broker
480,Alpha Capital Markets Ltd,alpha-capital-markets-ltd,Forex Broker,Active,T1,Low,"FCA-regulated, London (Fleet Street) (web-verified)",Med,3.0,FALSE,"FCA-regulated, London (Fleet Street)"
481,BMFN,bmfn,Forex Broker,Active,T1,Low,ASIC + Bulgaria FSC; claims Russia HQ (web-verified),Low,3.0,TRUE,ASIC + Bulgaria FSC; claims Russia HQ
482,CPT International,cpt-international,CFD Broker,Active,T1,Low,"CPT Markets, FCA UK + Belize entity (web-verified)",Med,3.0,FALSE,"CPT Markets, FCA UK + Belize entity"
483,CPT Markets,cpt-markets,Forex Broker,Active,T1,Low,"FCA-regulated (Citypoint license), London (web-verified)",High,3.0,FALSE,"FCA-regulated (Citypoint license), London"
484,CWG Markets,cwg-markets,CFD Broker,Active,T1,Low,FCA-regulated (plus VFSC Vanuatu) (web-verified),High,3.0,FALSE,FCA-regulated (plus VFSC Vanuatu)
485,EBC Financial Group,ebc-financial-group,Forex Broker,Active,T1,Low,FCA-regulated London HQ; also ASIC/CIMA (web-verified),High,3.0,FALSE,FCA-regulated London HQ; also ASIC/CIMA
486,EC Markets,ec-markets,CFD Broker,Active,T1,Low,FCA-registered EC Markets Group; multi-regulated (web-verified),Med,3.0,FALSE,FCA-registered EC Markets Group; multi-regulated
487,FXOpen,fxopen,Forex Broker,Active,T1,Low,FXOpen UK; FCA-regulated ECN broker (web-verified),High,3.0,FALSE,FXOpen UK; FCA-regulated ECN broker
488,Fortissio,fortissio,CFD Broker,Active,T1,Low,"HCMC Greece and BaFin passport, EU-regulated (web-verified)",Med,3.0,FALSE,"HCMC Greece and BaFin passport, EU-regulated"
489,Lirunex,lirunex,CFD Broker,Active,T1,Low,CySEC plus Labuan/Mauritius; multi-asset broker (web-verified),Med,3.0,FALSE,CySEC plus Labuan/Mauritius; multi-asset broker
490,MH Markets,mh-markets,CFD Broker,Active,T1,Low,ASIC AFSL + FSCA; parent Mohicans Markets (web-verified),Med,3.0,FALSE,ASIC AFSL + FSCA; parent Mohicans Markets
491,One Financial Markets,one-financial-markets,CFD Broker,Active,T1,Low,C B Financial Services; FCA-regulated (Henyep) (web-verified),Med,3.0,FALSE,C B Financial Services; FCA-regulated (Henyep)
492,PIPTRADE,piptrade,CFD Broker,Active,T1,Low,"Henyep Group brand, FCA/FSA-regulated (web-verified)",Med,3.0,FALSE,"Henyep Group brand, FCA/FSA-regulated"
493,TIOmarkets,tiomarkets,CFD Broker,Active,T1,Low,FCA TIO Markets UK plus offshore SVG (web-verified),Med,3.0,FALSE,FCA TIO Markets UK plus offshore SVG
494,TeraFX,terafx,Forex Broker,Active,T1,Low,TeraFX UK Ltd; FCA-regulated (web-verified),High,3.0,FALSE,TeraFX UK Ltd; FCA-regulated
495,ZFX,zfx,Forex Broker,Active,T1,Low,Zeal Capital Market; FCA FRN 768451 (plus Seychelles FSA) (web-verified),High,3.0,FALSE,Zeal Capital Market; FCA FRN 768451 (plus Seychelles FSA)
496,Taurex (Zenfinex),taurex,Forex Broker,Active,T2,Low,T2-regulated forex broker (multi); International; limited public footprint,High,3.0,FALSE,Active; rebranded from Zenfinex
497,Citadel Securities,citadel-securities,Inter-dealer/Institutional,Active,Unknown,Low,Institutional/non-retail (no regulator on record) — finance profile but negligible retail broker-review demand; flag reclassify,Med,3.0,TRUE,NON-RETAIL: mislabeled for a forex directory — reclassify/relocate
498,Jane Street,jane-street,Inter-dealer/Institutional,Active,Unknown,Low,Institutional/non-retail (no regulator on record) — finance profile but negligible retail broker-review demand; flag reclassify,Med,3.0,TRUE,NON-RETAIL: mislabeled for a forex directory — reclassify/relocate
499,DV Chain,dv-chain,Crypto Exchange,Active,Unknown,Low,Crypto trading / market-making entity (no regulator on record),Med,3.0,FALSE,
500,LedgerPrime,ledgerprime,Crypto Exchange,Active,Unknown,Low,Crypto trading / market-making entity (no regulator on record),Med,3.0,FALSE,
501,SBI VC Trade,sbi-vc-trade,Crypto Exchange,Active,Unknown,Low,Crypto trading / market-making entity (no regulator on record),Med,2.9,FALSE,
502,Haitong Futures Hong Kong,haitong-futures-hk,Forex Broker,Active,T2,Low,T2-regulated forex broker (SFC); Hong Kong; limited public footprint,High,2.9,FALSE,
503,InvestNow,investnow,Forex Broker,Active,T2,Low,T2-regulated forex broker (FMA); New Zealand; limited public footprint,High,2.9,FALSE,
504,Phillip Futures Hong Kong,phillip-futures-hk,Forex Broker,Active,T2,Low,T2-regulated forex broker (SFC); Hong Kong; limited public footprint,High,2.9,FALSE,
505,Simplicity Investment Funds,simplicity-investment,Forex Broker,Active,T2,Low,T2-regulated forex broker (FMA); New Zealand; limited public footprint,High,2.9,FALSE,
506,Genesis Trading Capital,genesis-trading-capital,Crypto Exchange,Active,Unknown,Low,Crypto trading / market-making entity (no regulator on record),Med,2.9,FALSE,
507,SBS Trading,sbs-trading,Crypto Exchange,Active,Unknown,Low,Crypto trading / market-making entity (no regulator on record),Med,2.9,FALSE,
508,Firstrade Securities,firstrade-securities,Other,Active,T1,Low,Equity/securities or multi-asset broker (non-forex focus); T1 (FINRA / SEC / SIPC); United States,High,2.9,FALSE,
509,TradeUP Securities,tradeup-securities,Other,Active,T1,Low,Equity/securities or multi-asset broker (non-forex focus); T1 (FINRA / SEC / SIPC); United States,High,2.9,FALSE,
510,Chapel Hill Denham,chapel-hill-denham,Forex Broker,Active,T2,Low,T2-regulated forex broker (SEC / NGX); Nigeria; limited public footprint,High,2.9,FALSE,
511,Genghis Capital,genghis-capital,Forex Broker,Active,T2,Low,T2-regulated forex broker (CMA / NSE); Kenya; limited public footprint,High,2.9,FALSE,
512,Imara Capital,imara-capital,Forex Broker,Active,T2,Low,T2-regulated forex broker (NBFIRA / SECZ / SEC); Botswana; limited public footprint,High,2.9,FALSE,
513,PT Monex Investindo (MIFX),monex-indonesia,Forex Broker,Active,T2,Low,T2-regulated forex broker (BAPPEBTI); Indonesia; limited public footprint,High,2.9,FALSE,
514,Phillip Futures Malaysia,phillip-futures-malaysia,Forex Broker,Active,T2,Low,T2-regulated forex broker (SC Malaysia / Bursa Malaysia); Malaysia; limited public footprint,High,2.9,FALSE,
515,Vetiva Capital,vetiva-capital,Forex Broker,Active,T2,Low,T2-regulated forex broker (SEC / NGX); Nigeria; limited public footprint,High,2.9,FALSE,
516,Crypto Fund Trader,crypto-fund-trader,Crypto Exchange,Active,Unknown,Low,Crypto trading / market-making entity (no regulator on record),Med,2.9,FALSE,
517,CenterPoint Securities,centerpoint-securities,Inter-dealer/Institutional,Active,T1,Low,Institutional/non-retail (FINRA / SEC / SIPC) — finance profile but negligible retail broker-review demand; flag reclassify,High,2.9,TRUE,NON-RETAIL: mislabeled for a forex directory — reclassify/relocate
518,Clear Street,clear-street,Inter-dealer/Institutional,Active,T1,Low,Institutional/non-retail (FINRA / SEC) — finance profile but negligible retail broker-review demand; flag reclassify,High,2.9,TRUE,NON-RETAIL: mislabeled for a forex directory — reclassify/relocate
519,Lightspeed Financial,lightspeed-financial,Inter-dealer/Institutional,Active,T1,Low,Institutional/non-retail (FINRA / NFA / SIPC) — finance profile but negligible retail broker-review demand; flag reclassify,High,2.9,TRUE,NON-RETAIL: mislabeled for a forex directory — reclassify/relocate
520,Liquidnet,liquidnet,Inter-dealer/Institutional,Active,T1,Low,Institutional/non-retail (SEC / FINRA / FCA) — finance profile but negligible retail broker-review demand; flag reclassify,High,2.9,TRUE,NON-RETAIL: mislabeled for a forex directory — reclassify/relocate
521,StoneX (FC Stone),stonex-merchant,Inter-dealer/Institutional,Active,T1,Low,Institutional/non-retail (NFA / CFTC / FCA) — finance profile but negligible retail broker-review demand; flag reclassify,High,2.9,TRUE,NON-RETAIL: mislabeled for a forex directory — reclassify/relocate
522,T3 Trading Group,t3-trading-group,Inter-dealer/Institutional,Active,T1,Low,Institutional/non-retail (SEC / FINRA / SIPC) — finance profile but negligible retail broker-review demand; flag reclassify,High,2.9,TRUE,NON-RETAIL: mislabeled for a forex directory — reclassify/relocate
523,Axiance,axiance,CFD Broker,Acquired/Merged,T1,Low,Acquired/merged — operator ICC Intercertus + CySEC license bought by M4Markets; brand continuity uncertain,Med,2.9,TRUE,operator ICC Intercertus + CySEC license bought by M4Markets
524,Cambiste,cambiste,Forex Broker,Acquired/Merged,T1,Low,Acquired/merged — French broker acquired by Saxo; became Saxo Banque France; brand continuity uncertain,High,2.9,TRUE,French broker acquired by Saxo; became Saxo Banque France; Merged 1 duplicate row(s): Unknown
525,LegacyFX,legacyfx,Forex Broker,Acquired/Merged,T1,Low,Acquired/merged — CySEC entity (Notesco) acquired by Crypto.com 2024; brand continuity uncertain,High,2.9,TRUE,CySEC entity (Notesco) acquired by Crypto.com 2024
526,CMS Forex,cms-forex,Forex Broker,Acquired/Merged,T1,Low,Acquired/merged — Capital Market Services; retail FX bought by GAIN 2010; brand continuity uncertain,High,2.9,TRUE,Capital Market Services; retail FX bought by GAIN 2010
527,FX Solutions,fx-solutions,Forex Broker,Acquired/Merged,T1,Low,Acquired/merged — US NFA broker; clients acquired by GAIN 2011; brand continuity uncertain,Med,2.9,TRUE,US NFA broker; clients acquired by GAIN 2011
528,IBFX,ibfx,Forex Broker,Acquired/Merged,T1,Low,"Acquired/merged — US NFA broker; acquired by TradeStation/Monex, wound down; brand continuity uncertain",High,2.9,TRUE,"US NFA broker; acquired by TradeStation/Monex, wound down"
529,IFX Markets,ifx-markets,Forex Broker,Acquired/Merged,T1,Low,Acquired/merged — UK FCA broker; folded into City Index group; brand continuity uncertain,Med,2.9,TRUE,UK FCA broker; folded into City Index group
530,Interbank FX,interbank-fx,Forex Broker,Acquired/Merged,T1,Low,"Acquired/merged — acquired by TradeStation 2011 (IBFX, NFA-regulated); brand continuity uncertain",High,2.9,TRUE,"acquired by TradeStation 2011 (IBFX, NFA-regulated)"
531,Direct FX,direct-fx,Forex Broker,Active,T2,Low,NZ FSP; FX trading and currency transfer (web-verified),Med,2.9,FALSE,NZ FSP; FX trading and currency transfer
532,Jump Trading,jump-trading,Inter-dealer/Institutional,Active,Unknown,Low,Institutional/non-retail (no regulator on record) — finance profile but negligible retail broker-review demand; flag reclassify,Med,2.9,TRUE,NON-RETAIL: mislabeled for a forex directory — reclassify/relocate
533,Two Sigma,two-sigma,Inter-dealer/Institutional,Active,Unknown,Low,Institutional/non-retail (no regulator on record) — finance profile but negligible retail broker-review demand; flag reclassify,Med,2.9,TRUE,NON-RETAIL: mislabeled for a forex directory — reclassify/relocate
534,ADDX,addx,Inter-dealer/Institutional,Active,T1,Low,Institutional/non-retail (MAS) — finance profile but negligible retail broker-review demand; flag reclassify,High,2.9,TRUE,NON-RETAIL: mislabeled for a forex directory — reclassify/relocate
535,ADM Investor Services Canada,admis-canada,Inter-dealer/Institutional,Active,T1,Low,Institutional/non-retail (NFA / CFTC / FCA) — finance profile but negligible retail broker-review demand; flag reclassify,High,2.9,TRUE,NON-RETAIL: mislabeled for a forex directory — reclassify/relocate
536,Archax,archax,Inter-dealer/Institutional,Active,T1,Low,Institutional/non-retail (FCA) — finance profile but negligible retail broker-review demand; flag reclassify,High,2.9,TRUE,NON-RETAIL: mislabeled for a forex directory — reclassify/relocate
537,Assent,assent-trading,Inter-dealer/Institutional,Active,T1,Low,Institutional/non-retail (FINRA / SEC) — finance profile but negligible retail broker-review demand; flag reclassify,High,2.9,TRUE,NON-RETAIL: mislabeled for a forex directory — reclassify/relocate
538,Avatar Securities,avatar-securities,Inter-dealer/Institutional,Active,T1,Low,Institutional/non-retail (FINRA / SEC) — finance profile but negligible retail broker-review demand; flag reclassify,High,2.9,TRUE,NON-RETAIL: mislabeled for a forex directory — reclassify/relocate
539,BTIG,btig,Inter-dealer/Institutional,Active,T1,Low,Institutional/non-retail (SEC / FINRA / FCA) — finance profile but negligible retail broker-review demand; flag reclassify,High,2.9,TRUE,NON-RETAIL: mislabeled for a forex directory — reclassify/relocate
540,Baird,baird-investments,Inter-dealer/Institutional,Active,T1,Low,Institutional/non-retail (SEC / FINRA / SIPC) — finance profile but negligible retail broker-review demand; flag reclassify,High,2.9,TRUE,NON-RETAIL: mislabeled for a forex directory — reclassify/relocate
541,Cboe Europe,cboe-europe,Inter-dealer/Institutional,Active,T1,Low,Institutional/non-retail (FCA / AFM) — finance profile but negligible retail broker-review demand; flag reclassify,High,2.9,TRUE,NON-RETAIL: mislabeled for a forex directory — reclassify/relocate
542,Chimera Securities,chimera-securities,Inter-dealer/Institutional,Active,T1,Low,Institutional/non-retail (FINRA / SEC / SIPC) — finance profile but negligible retail broker-review demand; flag reclassify,High,2.9,TRUE,NON-RETAIL: mislabeled for a forex directory — reclassify/relocate
543,Dorman Futures,dorman-trading,Inter-dealer/Institutional,Active,T1,Low,Institutional/non-retail (NFA / CFTC) — finance profile but negligible retail broker-review demand; flag reclassify,High,2.9,TRUE,NON-RETAIL: mislabeled for a forex directory — reclassify/relocate
544,Euronext FX,euronext-fx,Inter-dealer/Institutional,Active,T1,Low,Institutional/non-retail (AFM / AMF) — finance profile but negligible retail broker-review demand; flag reclassify,High,2.9,TRUE,NON-RETAIL: mislabeled for a forex directory — reclassify/relocate
545,ForecastEx,forecastex,Inter-dealer/Institutional,Active,T1,Low,Institutional/non-retail (CFTC) — finance profile but negligible retail broker-review demand; flag reclassify,High,2.9,TRUE,NON-RETAIL: mislabeled for a forex directory — reclassify/relocate
546,Hilltop Securities,hilltop-securities,Inter-dealer/Institutional,Active,T1,Low,Institutional/non-retail (FINRA / SEC / SIPC) — finance profile but negligible retail broker-review demand; flag reclassify,High,2.9,TRUE,NON-RETAIL: mislabeled for a forex directory — reclassify/relocate
547,Hold Brothers Capital,hold-brothers-capital,Inter-dealer/Institutional,Active,T1,Low,Institutional/non-retail (FINRA / SEC) — finance profile but negligible retail broker-review demand; flag reclassify,High,2.9,TRUE,NON-RETAIL: mislabeled for a forex directory — reclassify/relocate
548,J P Jenkins,jp-jenkins,Inter-dealer/Institutional,Active,T1,Low,Institutional/non-retail (FCA) — finance profile but negligible retail broker-review demand; flag reclassify,High,2.9,TRUE,NON-RETAIL: mislabeled for a forex directory — reclassify/relocate
549,JonesTrading,jonestrading,Inter-dealer/Institutional,Active,T1,Low,Institutional/non-retail (SEC / FINRA) — finance profile but negligible retail broker-review demand; flag reclassify,High,2.9,TRUE,NON-RETAIL: mislabeled for a forex directory — reclassify/relocate
550,KeyBanc Capital Markets,keybanc-capital,Inter-dealer/Institutional,Active,T1,Low,Institutional/non-retail (SEC / FINRA / OCC) — finance profile but negligible retail broker-review demand; flag reclassify,High,2.9,TRUE,NON-RETAIL: mislabeled for a forex directory — reclassify/relocate
551,Lime Trading,lime-trading,Inter-dealer/Institutional,Active,T1,Low,Institutional/non-retail (FINRA / SEC / SIPC) — finance profile but negligible retail broker-review demand; flag reclassify,High,2.8,TRUE,NON-RETAIL: mislabeled for a forex directory — reclassify/relocate
552,MEMX,memx,Inter-dealer/Institutional,Active,T1,Low,Institutional/non-retail (SEC / FINRA) — finance profile but negligible retail broker-review demand; flag reclassify,High,2.8,TRUE,NON-RETAIL: mislabeled for a forex directory — reclassify/relocate
553,MIAX Options,miax-options,Inter-dealer/Institutional,Active,T1,Low,Institutional/non-retail (SEC / CFTC) — finance profile but negligible retail broker-review demand; flag reclassify,High,2.8,TRUE,NON-RETAIL: mislabeled for a forex directory — reclassify/relocate
554,Roth Capital Partners,roth-capital,Inter-dealer/Institutional,Active,T1,Low,Institutional/non-retail (SEC / FINRA / SIPC) — finance profile but negligible retail broker-review demand; flag reclassify,High,2.8,TRUE,NON-RETAIL: mislabeled for a forex directory — reclassify/relocate
555,SGX FX,sgx-fx,Inter-dealer/Institutional,Active,T1,Low,Institutional/non-retail (MAS) — finance profile but negligible retail broker-review demand; flag reclassify,High,2.8,TRUE,NON-RETAIL: mislabeled for a forex directory — reclassify/relocate
556,Seaport Global,seaport-global,Inter-dealer/Institutional,Active,T1,Low,Institutional/non-retail (SEC / FINRA) — finance profile but negligible retail broker-review demand; flag reclassify,High,2.8,TRUE,NON-RETAIL: mislabeled for a forex directory — reclassify/relocate
557,Singer Capital Markets,singer-capital-markets,Inter-dealer/Institutional,Active,T1,Low,Institutional/non-retail (FCA) — finance profile but negligible retail broker-review demand; flag reclassify,High,2.8,TRUE,NON-RETAIL: mislabeled for a forex directory — reclassify/relocate
558,SogoTrade,sogotrade,Inter-dealer/Institutional,Active,T1,Low,Institutional/non-retail (FINRA / SEC / SIPC) — finance profile but negligible retail broker-review demand; flag reclassify,High,2.8,TRUE,NON-RETAIL: mislabeled for a forex directory — reclassify/relocate
559,SpeedTrader,speedtrader,Inter-dealer/Institutional,Active,T1,Low,Institutional/non-retail (FINRA / SEC / SIPC) — finance profile but negligible retail broker-review demand; flag reclassify,High,2.8,TRUE,NON-RETAIL: mislabeled for a forex directory — reclassify/relocate
560,Stephens,stephens-inc,Inter-dealer/Institutional,Active,T1,Low,Institutional/non-retail (SEC / FINRA / SIPC) — finance profile but negligible retail broker-review demand; flag reclassify,High,2.8,TRUE,NON-RETAIL: mislabeled for a forex directory — reclassify/relocate
561,Templum Markets,templum-markets,Inter-dealer/Institutional,Active,T1,Low,Institutional/non-retail (SEC / FINRA) — finance profile but negligible retail broker-review demand; flag reclassify,High,2.8,TRUE,NON-RETAIL: mislabeled for a forex directory — reclassify/relocate
562,Turquoise (LSEG),lse-turquoise,Inter-dealer/Institutional,Active,T1,Low,Institutional/non-retail (FCA) — finance profile but negligible retail broker-review demand; flag reclassify,High,2.8,TRUE,NON-RETAIL: mislabeled for a forex directory — reclassify/relocate
563,WH Ireland,wh-ireland,Inter-dealer/Institutional,Active,T1,Low,Institutional/non-retail (FCA) — finance profile but negligible retail broker-review demand; flag reclassify,High,2.8,TRUE,NON-RETAIL: mislabeled for a forex directory — reclassify/relocate
564,Winterflood Securities,winterflood-securities,Inter-dealer/Institutional,Active,T1,Low,Institutional/non-retail (FCA / LSE) — finance profile but negligible retail broker-review demand; flag reclassify,High,2.8,TRUE,NON-RETAIL: mislabeled for a forex directory — reclassify/relocate
565,tZERO,tzero,Inter-dealer/Institutional,Active,T1,Low,Institutional/non-retail (SEC / FINRA) — finance profile but negligible retail broker-review demand; flag reclassify,High,2.8,TRUE,NON-RETAIL: mislabeled for a forex directory — reclassify/relocate
566,Striker Securities,striker-securities,Other,Active,T1,Low,Equity/securities or multi-asset broker (non-forex focus); T1 (NFA / CFTC); United States,Med,2.8,FALSE,
567,Sweet Futures,sweet-futures,Other,Active,T1,Low,Equity/securities or multi-asset broker (non-forex focus); T1 (NFA / CFTC); United States,Med,2.8,FALSE,
568,Amega,amega,Forex Broker,Active,T2,Low,FSC Mauritius-regulated offshore broker (web-verified),High,2.8,FALSE,FSC Mauritius-regulated offshore broker
569,BPForex,bpforex,Forex Broker,Active,T2,Low,"Hungarian FX/CFD broker, bpforex.hu (web-verified)",Med,2.8,FALSE,"Hungarian FX/CFD broker, bpforex.hu"
570,Bulbrokers,bulbrokers,Forex Broker,Active,T2,Low,Bulbrokers EAD; FSC Bulgaria-regulated (web-verified),High,2.8,FALSE,Bulbrokers EAD; FSC Bulgaria-regulated
571,CMS Prime,cms-prime,CFD Broker,Active,T2,Low,Mauritius FSC plus SVG registration; Dubai office (web-verified),Med,2.8,FALSE,Mauritius FSC plus SVG registration; Dubai office
572,CapitalXtend,capitalxtend,Forex Broker,Active,T2,Low,FSC Mauritius licensed forex/CFD broker (web-verified),Med,2.8,FALSE,FSC Mauritius licensed forex/CFD broker
573,DB Investing,db-investing,CFD Broker,Active,T2,Low,FSC Mauritius + FSA Seychelles regulated (web-verified),Med,2.8,FALSE,FSC Mauritius + FSA Seychelles regulated
574,Didimax Berjangka,didimax,Forex Broker,Active,T2,Low,T2-regulated forex broker (BAPPEBTI); Indonesia; limited public footprint,Med,2.8,FALSE,
575,Exinity,exinity,Forex Broker,Active,T2,Low,"group behind FXTM/Alpari, FSC Mauritius (web-verified)",High,2.8,FALSE,"group behind FXTM/Alpari, FSC Mauritius"
576,FXNovus,fxnovus,CFD Broker,Active,T2,Low,"FSCA-regulated (claimed), South Africa; newer broker (web-verified)",Med,2.8,FALSE,"FSCA-regulated (claimed), South Africa; newer broker"
577,Fintana,fintana,CFD Broker,Active,T2,Low,"FSC Mauritius licensed, multi-asset CFDs (web-verified)",High,2.8,FALSE,"FSC Mauritius licensed, multi-asset CFDs"
578,GKInvest,gkinvest,Forex Broker,Active,T2,Low,T2-regulated forex broker (BAPPEBTI); Indonesia; limited public footprint,Med,2.8,FALSE,
579,GMI Markets,gmi-markets,Forex Broker,Active,T2,Low,Global Market Index; FSC Mauritius license; Shanghai HQ (web-verified),Med,2.8,FALSE,Global Market Index; FSC Mauritius license; Shanghai HQ
580,GTCFX,gtcfx,CFD Broker,Active,T2,Low,multi-jurisdiction (FSC-Mauritius/Seychelles); Dubai-based (web-verified),Med,2.8,FALSE,multi-jurisdiction (FSC-Mauritius/Seychelles); Dubai-based
581,HFX,hfx,Forex Broker,Active,T2,Low,Jakarta Indonesia; BAPPEBTI-regulated (web-verified),Med,2.8,FALSE,Jakarta Indonesia; BAPPEBTI-regulated
582,IEXS,iexs,CFD Broker,Active,T2,Low,"Known broker; FSC Mauritius-regulated, multi-asset (web-verified)",Med,2.8,FALSE,"Known broker; FSC Mauritius-regulated, multi-asset"
583,Java Global Futures,java-global-futures,Forex Broker,Active,T2,Low,T2-regulated forex broker (BAPPEBTI); Indonesia; limited public footprint,Med,2.8,FALSE,
584,KCM Trade,kcm-trade,CFD Broker,Active,T2,Low,"Kohle Capital Markets, FSC Mauritius (web-verified)",Med,2.8,FALSE,"Kohle Capital Markets, FSC Mauritius"
585,Kenanga Futures,kenanga-futures,Forex Broker,Active,T2,Low,T2-regulated forex broker (SC Malaysia); Malaysia; limited public footprint,Med,2.8,FALSE,
586,MEX Atlantic,mex-atlantic,CFD Broker,Active,T2,Low,Cayman CIMA-regulated; MultiBank Group entity (web-verified),Med,2.8,FALSE,Cayman CIMA-regulated; MultiBank Group entity
587,Maxco Futures,maxco-futures,Forex Broker,Active,T2,Low,T2-regulated forex broker (BAPPEBTI); Indonesia; limited public footprint,Med,2.8,FALSE,
588,NCM Investment,ncm-investment,CFD Broker,Active,T2,Low,Noor Capital Markets; Kuwait CMA regulated (web-verified),High,2.8,FALSE,Noor Capital Markets; Kuwait CMA regulated
589,NEEX,neex,CFD Broker,Active,T2,Low,FSC Mauritius license; ASIC claim likely clone (web-verified),Med,2.8,FALSE,FSC Mauritius license; ASIC claim likely clone
590,Nano4x,nano4x,Forex Broker,Unknown,T2,Low,Claims FSC Mauritius; old MT4 micro broker (web-verified),Low,2.8,TRUE,
591,Orient Finance,orient-finance,CFD Broker,Active,T2,Low,"Orient Financial Brokers, SCA-regulated Dubai (web-verified)",High,2.8,FALSE,"Orient Financial Brokers, SCA-regulated Dubai"
592,PU Prime,pu-prime,CFD Broker,Active,T2,Low,FSA Seychelles + FSCA + FSC Mauritius licenses (web-verified),High,2.8,FALSE,FSA Seychelles + FSCA + FSC Mauritius licenses
593,STARTRADER,startrader,CFD Broker,Active,T2,Low,"multi-license: FSC Mauritius, FSCA, SCA (web-verified)",Med,2.8,FALSE,"multi-license: FSC Mauritius, FSCA, SCA"
594,Trust Capital TC,trust-capital-tc,Forex Broker,Active,T2,Low,Lebanon-based broker (Trust Capital) (web-verified),Med,2.8,FALSE,Lebanon-based broker (Trust Capital)
595,Ultima Markets,ultima-markets-broker,CFD Broker,Active,T2,Low,FSC Mauritius license; FCA UK entity; Australia HQ (web-verified),High,2.8,FALSE,FSC Mauritius license; FCA UK entity; Australia HQ
596,VCG Markets,vcg-markets,CFD Broker,Active,T2,Low,"FSC-Mauritius regulated, HQ St Vincent (web-verified)",Med,2.8,FALSE,"FSC-Mauritius regulated, HQ St Vincent"
597,Vida Markets,vida-markets,CFD Broker,Active,T2,Low,FSC Mauritius regulated (web-verified),Med,2.8,FALSE,FSC Mauritius regulated
598,Millennium Management,millennium-management,Inter-dealer/Institutional,Active,Unknown,Low,Institutional/non-retail (no regulator on record) — finance profile but negligible retail broker-review demand; flag reclassify,Med,2.8,TRUE,NON-RETAIL: mislabeled for a forex directory — reclassify/relocate
599,Point72,point72,Inter-dealer/Institutional,Active,Unknown,Low,Institutional/non-retail (no regulator on record) — finance profile but negligible retail broker-review demand; flag reclassify,Med,2.8,TRUE,NON-RETAIL: mislabeled for a forex directory — reclassify/relocate
600,StoneX,stonex,Inter-dealer/Institutional,Active,Unknown,Low,Institutional/non-retail (no regulator on record) — finance profile but negligible retail broker-review demand; flag reclassify,High,2.8,TRUE,Active; formed from INTL FCStone rebrand (2020-21); NON-RETAIL: mislabeled for a forex directory — reclassify/relocate
601,TP ICAP,tp-icap,Inter-dealer/Institutional,Active,Unknown,Low,Institutional/non-retail (no regulator on record) — finance profile but negligible retail broker-review demand; flag reclassify,Med,2.7,TRUE,NON-RETAIL: mislabeled for a forex directory — reclassify/relocate
602,Arini,arini-capital,Other,Active,T1,Minimal,credit hedge fund (Lemssouguer); FCA/SEC-registered London (web-verified),High,2.7,FALSE,credit hedge fund (Lemssouguer); FCA/SEC-registered London
603,T & K Futures,t-k-futures,Other,Active,T1,Minimal,"US NFA futures and options broker, Florida (web-verified)",Med,2.7,FALSE,"US NFA futures and options broker, Florida"
604,Headway,headway,Forex Broker,Active,T2,Minimal,"FSCA-regulated (South Africa), MT4/MT5, offshore group (web-verified)",Med,2.7,FALSE,"FSCA-regulated (South Africa), MT4/MT5, offshore group"
605,TradeZero,tradezero,Forex Broker,Active,Offshore,Minimal,Offshore-regulated forex broker (SCB); International; limited public footprint,Med,2.7,FALSE,
606,Advanced Currency Markets,advanced-currency-markets,Payment/Fintech,Active,Unknown,Minimal,"Cross-border FX / payments brand, not a trading broker; flag reclassify",Med,2.7,TRUE,NON-RETAIL: mislabeled for a forex directory — reclassify/relocate
607,Currency Trading USA,currency-trading-usa,Payment/Fintech,Active,Unknown,Minimal,"Cross-border FX / payments brand, not a trading broker; flag reclassify",Med,2.7,TRUE,NON-RETAIL: mislabeled for a forex directory — reclassify/relocate
608,Flowdesk,flowdesk,Payment/Fintech,Active,Unknown,Minimal,"Cross-border FX / payments brand, not a trading broker; flag reclassify",Med,2.7,TRUE,NON-RETAIL: mislabeled for a forex directory — reclassify/relocate
609,Instinet,instinet,Inter-dealer/Institutional,Acquired/Merged,T1,Low,Acquired/merged — Owned by Nomura; brand continuity uncertain,High,2.7,TRUE,Owned by Nomura; NON-RETAIL: mislabeled for a forex directory — reclassify/relocate
610,Marex Solutions,marex-solutions,Inter-dealer/Institutional,Acquired/Merged,T1,Low,Acquired/merged — Division of Marex; brand continuity uncertain,High,2.7,TRUE,Division of Marex; NON-RETAIL: mislabeled for a forex directory — reclassify/relocate
611,Virtu Financial (ITG),virtu-itg,Inter-dealer/Institutional,Acquired/Merged,T1,Low,Acquired/merged — ITG acquired by Virtu (2019); brand continuity uncertain,High,2.7,TRUE,ITG acquired by Virtu (2019); NON-RETAIL: mislabeled for a forex directory — reclassify/relocate
612,Kernel Wealth,kernel-wealth,Other,Active,T2,Minimal,Equity/securities or multi-asset broker (non-forex focus); T2 (FMA); New Zealand,High,2.7,FALSE,
613,Kiwi Wealth,kiwi-wealth,Other,Active,T2,Minimal,Equity/securities or multi-asset broker (non-forex focus); T2 (FMA); New Zealand,High,2.7,FALSE,
614,Infinox,infinox,Forex Broker,Active,Unknown,Minimal,Unknown-regulated forex broker ([object Object] / [object Object] / [object Object]); Bahamas; limited public footprint,Med,2.7,FALSE,Merged 1 duplicate row(s): United Kingdom
615,Brevan Howard,brevan-howard,Inter-dealer/Institutional,Active,Unknown,Minimal,Institutional/non-retail (no regulator on record) — finance profile but negligible retail broker-review demand; flag reclassify,Med,2.7,TRUE,NON-RETAIL: mislabeled for a forex directory — reclassify/relocate
616,D. E. Shaw Group,de-shaw-group,Inter-dealer/Institutional,Active,Unknown,Minimal,Institutional/non-retail (no regulator on record) — finance profile but negligible retail broker-review demand; flag reclassify,Med,2.7,TRUE,NON-RETAIL: mislabeled for a forex directory — reclassify/relocate
617,Hudson River Trading,hudson-river-trading,Inter-dealer/Institutional,Active,Unknown,Minimal,Institutional/non-retail (no regulator on record) — finance profile but negligible retail broker-review demand; flag reclassify,Med,2.7,TRUE,NON-RETAIL: mislabeled for a forex directory — reclassify/relocate
618,Optiver,optiver,Inter-dealer/Institutional,Active,Unknown,Minimal,Institutional/non-retail (no regulator on record) — finance profile but negligible retail broker-review demand; flag reclassify,Med,2.7,TRUE,NON-RETAIL: mislabeled for a forex directory — reclassify/relocate
619,Virtu Financial,virtu-financial,Inter-dealer/Institutional,Active,Unknown,Minimal,Institutional/non-retail (no regulator on record) — finance profile but negligible retail broker-review demand; flag reclassify,Med,2.7,TRUE,NON-RETAIL: mislabeled for a forex directory — reclassify/relocate
620,XTX Markets,xtx-markets,Inter-dealer/Institutional,Active,Unknown,Minimal,Institutional/non-retail (no regulator on record) — finance profile but negligible retail broker-review demand; flag reclassify,Med,2.7,TRUE,NON-RETAIL: mislabeled for a forex directory — reclassify/relocate
621,ForInvest Group,forinvest-group,Payment/Fintech,Active,Unknown,Minimal,"Cross-border FX / payments brand, not a trading broker; flag reclassify",Low,2.7,TRUE,Turkish investment-technology/fintech provider (Foreks); NON-RETAIL: mislabeled for a forex directory — reclassify/relocate
622,LedgerEdge,ledgeredge,Inter-dealer/Institutional,Active,T1,Minimal,Institutional/non-retail (FCA) — finance profile but negligible retail broker-review demand; flag reclassify,Med,2.7,TRUE,NON-RETAIL: mislabeled for a forex directory — reclassify/relocate
623,XS Prime,xs-prime,Inter-dealer/Institutional,Active,T1,Minimal,Institutional/non-retail (T1 (research)) — finance profile but negligible retail broker-review demand; flag reclassify,Med,2.7,TRUE,XS Prime Ltd ASIC Australia; XS.com prime arm; NON-RETAIL: mislabeled for a forex directory — reclassify/relocate
624,101Investing,101investing,CFD Broker,License revoked/Regulatory action,T1,Low,"Regulatory action — CySEC-closed CFD broker, fined 50K; retained for record",High,2.7,TRUE,"CySEC-closed CFD broker, fined 50K"
625,ACFX,acfx,Forex Broker,License revoked/Regulatory action,T1,Low,Regulatory action — CySEC withdrew license 2016; clients owed funds; retained for record,High,2.7,TRUE,CySEC withdrew license 2016; clients owed funds
626,AFX Capital,afx-capital,CFD Broker,License revoked/Regulatory action,T1,Low,Regulatory action — CySEC withdrew AFX Capital Markets license; retained for record,High,2.7,TRUE,CySEC withdrew AFX Capital Markets license
627,EuropeFX,europefx,CFD Broker,License revoked/Regulatory action,T1,Low,Regulatory action — Maxiflex/CySEC-licensed; many EU warnings; wound down; retained for record,High,2.7,TRUE,Maxiflex/CySEC-licensed; many EU warnings; wound down
628,EverFX,everfx,CFD Broker,License revoked/Regulatory action,T1,Low,Regulatory action — CySEC broker; regulatory action; brand wound down; retained for record,Med,2.7,TRUE,CySEC broker; regulatory action; brand wound down
629,FXGM,fxgm,CFD Broker,License revoked/Regulatory action,T1,Low,"Regulatory action — Depaho Ltd (CySEC); suspension, CNMV/CONSOB warnings; retained for record",Med,2.7,TRUE,"Depaho Ltd (CySEC); suspension, CNMV/CONSOB warnings"
630,FXORO,fxoro,CFD Broker,License revoked/Regulatory action,T1,Low,Regulatory action — CySEC (MCA Intelifunds) fined EUR360k; retained for record,Med,2.7,TRUE,CySEC (MCA Intelifunds) fined EUR360k
631,FXVC,fxvc,CFD Broker,License revoked/Regulatory action,T1,Low,Regulatory action — CySEC withdrew Finteractive Ltd CIF license; settlement; retained for record,High,2.7,TRUE,CySEC withdrew Finteractive Ltd CIF license; settlement
632,ForexCT,forexct,CFD Broker,License revoked/Regulatory action,T1,Low,Regulatory action — ASIC cancelled AFSL; Federal Court shutdown 2020; retained for record,High,2.7,TRUE,ASIC cancelled AFSL; Federal Court shutdown 2020
633,FxPulp,fxpulp,Forex Broker,License revoked/Regulatory action,T1,Low,Regulatory action — CySEC license terminated; ex-Crown Forex successor; retained for record,High,2.7,TRUE,CySEC license terminated; ex-Crown Forex successor
634,ROInvesting,roinvesting,CFD Broker,License revoked/Regulatory action,T1,Low,Regulatory action — Royal Forex/CySEC; many regulator warnings; wound down; retained for record,High,2.7,TRUE,Royal Forex/CySEC; many regulator warnings; wound down
635,TeleTrade Group,teletrade-group,Forex Broker,License revoked/Regulatory action,T1,Low,Regulatory action — Bank of Russia revoked license 2018; CySEC-regulated; retained for record,High,2.7,TRUE,Bank of Russia revoked license 2018; CySEC-regulated
636,Trendoks,trendoks,CFD Broker,License revoked/Regulatory action,T1,Low,Regulatory action — CySEC revoked CIF license; MT4/cTrader broker; retained for record,Med,2.7,TRUE,CySEC revoked CIF license; MT4/cTrader broker
637,UFX,ufx,CFD Broker,License revoked/Regulatory action,T1,Low,"Regulatory action — CySEC cancelled Reliantco license, shut 2024; retained for record",High,2.7,TRUE,"CySEC cancelled Reliantco license, shut 2024"
638,XForex,xforex,Forex Broker,License revoked/Regulatory action,T1,Low,Regulatory action — XFR Financial (CySEC) fined EUR225k; retained for record,Med,2.7,TRUE,XFR Financial (CySEC) fined EUR225k
639,ARM Securities,arm-securities,Other,Active,T2,Minimal,Equity/securities or multi-asset broker (non-forex focus); T2 (SEC / CBN / NGX); Nigeria,High,2.7,FALSE,
640,Afrinvest Securities,afrinvest-securities,Other,Active,T2,Minimal,Equity/securities or multi-asset broker (non-forex focus); T2 (SEC / NGX / FMDQ); Nigeria,High,2.7,FALSE,
641,CSL Stockbrokers,csl-stockbrokers,Other,Active,T2,Minimal,Equity/securities or multi-asset broker (non-forex focus); T2 (SEC / NGX); Nigeria,High,2.7,FALSE,
642,CardinalStone Securities,cardinalstone-securities,Other,Active,T2,Minimal,Equity/securities or multi-asset broker (non-forex focus); T2 (SEC / NSE / FMDQ); Nigeria,High,2.7,FALSE,
643,Cordros Securities,cordros-securities,Other,Active,T2,Minimal,Equity/securities or multi-asset broker (non-forex focus); T2 (SEC / NGX); Nigeria,High,2.7,FALSE,
644,Coronation Securities,coronation-securities,Other,Active,T2,Minimal,Equity/securities or multi-asset broker (non-forex focus); T2 (SEC / NGX); Nigeria,High,2.7,FALSE,
645,Dyer & Blair Investment Bank,dyer-and-blair,Other,Active,T2,Minimal,Equity/securities or multi-asset broker (non-forex focus); T2 (CMA / NSE); Kenya,High,2.7,FALSE,
646,FBNQuest Securities,fbnquest-securities,Other,Active,T2,Minimal,Equity/securities or multi-asset broker (non-forex focus); T2 (SEC / NGX / CBN); Nigeria,High,2.7,FALSE,
647,Meristem Securities,meristem-securities,Other,Active,T2,Minimal,Equity/securities or multi-asset broker (non-forex focus); T2 (SEC / NGX); Nigeria,High,2.7,FALSE,
648,Old Mutual Securities,old-mutual-securities,Other,Active,T2,Minimal,Equity/securities or multi-asset broker (non-forex focus); T2 (CMA / FSB / NSE); Kenya,High,2.7,FALSE,
649,Stanbic IBTC Stockbrokers,stanbic-ibtc-stockbrokers,Other,Active,T2,Minimal,Equity/securities or multi-asset broker (non-forex focus); T2 (SEC / NGX / CBN); Nigeria,High,2.7,FALSE,
650,United Capital Securities,united-capital-securities,Other,Active,T2,Minimal,Equity/securities or multi-asset broker (non-forex focus); T2 (SEC / NGX / CBN); Nigeria,High,2.7,FALSE,
651,FXGiants,fxgiants,CFD Broker,Active,Offshore,Minimal,IronFX/Notesco rebrand; BVI FSC regulated (web-verified),Med,2.6,FALSE,IronFX/Notesco rebrand; BVI FSC regulated
652,RTFX,rtfx,Forex Broker,Unknown,Offshore,Minimal,RTFX Group; NZ FSP MT4 broker; obscure (web-verified),Low,2.6,TRUE,
653,Sharesight,sharesight,Forex Broker,Active,Unknown,Minimal,Unknown-regulated forex broker (no regulator on record); New Zealand; limited public footprint,Med,2.6,FALSE,
654,White Bay Group,white-bay-group,Forex Broker,Active,Unknown,Minimal,Unknown-regulated forex broker (no regulator on record); Australia; limited public footprint,Med,2.6,FALSE,
655,DRW,drw,Inter-dealer/Institutional,Active,Unknown,Minimal,Institutional/non-retail (no regulator on record) — finance profile but negligible retail broker-review demand; flag reclassify,Med,2.6,TRUE,NON-RETAIL: mislabeled for a forex directory — reclassify/relocate
656,IMC Trading,imc-trading,Inter-dealer/Institutional,Active,Unknown,Minimal,Institutional/non-retail (no regulator on record) — finance profile but negligible retail broker-review demand; flag reclassify,Med,2.6,TRUE,NON-RETAIL: mislabeled for a forex directory — reclassify/relocate
657,Susquehanna International Group,susquehanna-international-group,Inter-dealer/Institutional,Active,Unknown,Minimal,Institutional/non-retail (no regulator on record) — finance profile but negligible retail broker-review demand; flag reclassify,Med,2.6,TRUE,NON-RETAIL: mislabeled for a forex directory — reclassify/relocate
658,Mako Trading,mako-trading,Inter-dealer/Institutional,Active,T1,Minimal,Institutional/non-retail (T1 (research)) — finance profile but negligible retail broker-review demand; flag reclassify,Med,2.6,TRUE,London derivatives liquidity provider; FCA-registered; NON-RETAIL: mislabeled for a forex directory — reclassify/relocate
659,XR Securities,xr-securities,Inter-dealer/Institutional,Active,T1,Minimal,Institutional/non-retail (T1 (research)) — finance profile but negligible retail broker-review demand; flag reclassify,Med,2.6,TRUE,FINRA/SEC broker-dealer; XR Trading Chicago prop; NON-RETAIL: mislabeled for a forex directory — reclassify/relocate
660,Cavendish Capital Markets,cavendish-capital,Inter-dealer/Institutional,Acquired/Merged,T1,Low,Acquired/merged — Formed from Cenkos + finnCap (2024); brand continuity uncertain,High,2.6,TRUE,Formed from Cenkos + finnCap (2024); NON-RETAIL: mislabeled for a forex directory — reclassify/relocate
661,LedgerX,ledgerx,Inter-dealer/Institutional,Acquired/Merged,T1,Low,Acquired/merged — Sold from FTX to Miami Int'l Holdings (2023); brand continuity uncertain,High,2.6,TRUE,Sold from FTX to Miami Int'l Holdings (2023); NON-RETAIL: mislabeled for a forex directory — reclassify/relocate
662,Direct TT,direct-tt,CFD Broker,License revoked/Regulatory action,T1,Low,"Regulatory action — FCA banned DTT UK, falsified audit records; retained for record",Med,2.6,TRUE,"FCA banned DTT UK, falsified audit records"
663,IKON Finance,ikon-finance,Forex Broker,License revoked/Regulatory action,T1,Low,"Regulatory action — FCA VREQ, trading suspended; retained for record",High,2.6,TRUE,"FCA VREQ, trading suspended"
664,4XC,4xc,Forex Broker,Active,Offshore,Minimal,Cook Islands FSC offshore registration; active 2026 (fxempire) (web-verified),High,2.6,FALSE,Cook Islands FSC offshore registration; active 2026 (fxempire)
665,4XDG,4xdg,Forex Broker,Unknown,Offshore,Minimal,BVI-based forex broker; directory/FPA listed (web-verified),Low,2.6,TRUE,
666,AdroFx,adrofx,CFD Broker,Active,Offshore,Minimal,"VFSC Vanuatu; offshore, no top-tier license (web-verified)",Med,2.6,FALSE,"VFSC Vanuatu; offshore, no top-tier license"
667,Alpho,alpho,CFD Broker,Active,Offshore,Minimal,Brand of Gulf Brokers; Seychelles FSA SD013 (web-verified),High,2.6,FALSE,Brand of Gulf Brokers; Seychelles FSA SD013
668,Anzo Capital,anzo-capital,CFD Broker,Active,Offshore,Minimal,"Belize FSC + SVG offshore, FCA claim dubious (web-verified)",Med,2.6,FALSE,"Belize FSC + SVG offshore, FCA claim dubious"
669,Axon Markets,axon-markets,CFD Broker,Active,Offshore,Minimal,Seychelles FSA regulated; multi-asset; active (web-verified),Med,2.6,FALSE,Seychelles FSA regulated; multi-asset; active
670,BelleoFX,belleofx,Forex Broker,Active,Offshore,Minimal,Dubai HQ; Mauritius GBC plus SVG offshore registrations (web-verified),High,2.6,FALSE,Dubai HQ; Mauritius GBC plus SVG offshore registrations
671,Blackridge Capital Management,blackridge-capital-management,CFD Broker,Active,Offshore,Minimal,SVG-registered forex/CFD broker (BlackRidge CM Ltd) (web-verified),Med,2.6,FALSE,SVG-registered forex/CFD broker (BlackRidge CM Ltd)
672,BoForex,boforex,Forex Broker,Active,Offshore,Minimal,"Offshore broker, likely SVG; scam-flagged reviews (web-verified)",Low,2.6,TRUE,"Offshore broker, likely SVG; scam-flagged reviews"
673,Capitalcore,capitalcore,CFD Broker,Active,Offshore,Minimal,offshore Saint Lucia IFC; FX/crypto/CFD; risky (web-verified),Med,2.6,FALSE,offshore Saint Lucia IFC; FX/crypto/CFD; risky
674,Capitalix,capitalix,CFD Broker,Active,Offshore,Minimal,Seychelles FSA regulated; active offshore broker (web-verified),Med,2.6,FALSE,Seychelles FSA regulated; active offshore broker
675,CedarFX,cedarfx,CFD Broker,Active,Offshore,Minimal,"unregulated, St. Vincent (Cedar LLC), no-swap broker (web-verified)",Med,2.6,FALSE,"unregulated, St. Vincent (Cedar LLC), no-swap broker"
676,ClickTrades,clicktrades,CFD Broker,Active,Offshore,Minimal,Offshore CFD broker; Seychelles FSA (KW Investments) (web-verified),Med,2.6,FALSE,Offshore CFD broker; Seychelles FSA (KW Investments)
677,Dominion Markets,dominion-markets-broker,Forex Broker,Active,Offshore,Minimal,"Anjouan Comoros license; offshore, active (web-verified)",High,2.6,FALSE,"Anjouan Comoros license; offshore, active"
678,ECN.Broker,ecn-broker,Forex Broker,Active,Offshore,Minimal,SVG (Esplanade Market Solutions); unregulated; ops Georgia (web-verified),Med,2.6,FALSE,SVG (Esplanade Market Solutions); unregulated; ops Georgia
679,EnviFX,envifx,Forex Broker,Active,Offshore,Minimal,"SVG-registered, anonymous/unregulated; scam-flagged (forexbrokerz) (web-verified)",Med,2.6,FALSE,"SVG-registered, anonymous/unregulated; scam-flagged (forexbrokerz)"
680,Exclusive Markets,exclusive-markets,CFD Broker,Active,Offshore,Minimal,Seychelles FSA SD-031 (web-verified),High,2.6,FALSE,Seychelles FSA SD-031
681,FXCM Markets,fxcm-markets,CFD Broker,Active,Offshore,Minimal,FXCM offshore arm (Bermuda); US ops banned 2017 (web-verified),Med,2.6,FALSE,FXCM offshore arm (Bermuda); US ops banned 2017
682,FXCentrum,fxcentrum,Forex Broker,Active,Offshore,Minimal,"FSA Seychelles; offshore, regulatory warnings (web-verified)",High,2.6,FALSE,"FSA Seychelles; offshore, regulatory warnings"
683,FXGlory,fxglory,Forex Broker,Active,Offshore,Minimal,SVG FSA offshore #23463; UAE HQ; 1:3000 leverage (web-verified),High,2.6,FALSE,SVG FSA offshore #23463; UAE HQ; 1:3000 leverage
684,FXON,fxon,Forex Broker,Active,Offshore,Minimal,Seychelles FSA; launched 2025 (web-verified),High,2.6,FALSE,Seychelles FSA; launched 2025
685,FXOptimax,fxoptimax,Forex Broker,Active,Offshore,Minimal,"SVG-registered, unregulated offshore (web-verified)",Med,2.6,FALSE,"SVG-registered, unregulated offshore"
686,FXPIG,fxpig,Forex Broker,Active,Offshore,Minimal,VFSC Vanuatu; ECN multi-asset broker (web-verified),High,2.6,FALSE,VFSC Vanuatu; ECN multi-asset broker
687,FXRoad,fxroad,Forex Broker,Active,Offshore,Minimal,Seychelles FSA (4Square SY Ltd); active (web-verified),Med,2.6,FALSE,Seychelles FSA (4Square SY Ltd); active
688,Finq.com,finq-com,CFD Broker,Active,Offshore,Minimal,Leadcapital Corp Seychelles FSA offshore; 2026 reviews active (web-verified),Med,2.6,FALSE,Leadcapital Corp Seychelles FSA offshore; 2026 reviews active
689,ForexChief,forexchief,Forex Broker,Active,Offshore,Minimal,Offshore VFSC Vanuatu / Marshall Islands (web-verified),Med,2.6,FALSE,Offshore VFSC Vanuatu / Marshall Islands
690,ForexOptimum,forexoptimum,Forex Broker,Active,Offshore,Minimal,SVG-registered IBC; unregulated offshore (web-verified),Med,2.6,FALSE,SVG-registered IBC; unregulated offshore
691,Forexite,forexite,Forex Broker,Active,Offshore,Minimal,Belize FSC/BVI offshore incorporation; operating since 1999 (web-verified),Med,2.6,FALSE,Belize FSC/BVI offshore incorporation; operating since 1999
692,GFC Global Financial Contracts,gfc-global-financial-contracts,CFD Broker,Active,Offshore,Minimal,Belize FSC licence 000299/419 (web-verified),Med,2.6,FALSE,Belize FSC licence 000299/419
693,Gerchik & Co,gerchik-co,Forex Broker,Active,Offshore,Minimal,IFSC Belize; Russian-origin offshore broker (web-verified),Med,2.6,FALSE,IFSC Belize; Russian-origin offshore broker
694,Global GT,global-gt,Forex Broker,Active,Offshore,Minimal,Seychelles FSA (plus FSCA SA) offshore; est. 2020 (web-verified),High,2.6,FALSE,Seychelles FSA (plus FSCA SA) offshore; est. 2020
695,Hankotrade,hankotrade,Forex Broker,Active,Offshore,Minimal,Seychelles offshore; CFTC RED list 2022; unregulated (web-verified),High,2.6,FALSE,Seychelles offshore; CFTC RED list 2022; unregulated
696,HeroFX,herofx,CFD Broker,Active,Offshore,Minimal,Saint Lucia; unregulated; FCA warning; active (web-verified),Med,2.6,FALSE,Saint Lucia; unregulated; FCA warning; active
697,Hugo's Way,hugos-way,CFD Broker,Active,Offshore,Minimal,Offshore SVG broker; no major license (web-verified),Med,2.6,FALSE,Offshore SVG broker; no major license
698,ICM Brokers,icm-brokers,Forex Broker,Active,Offshore,Minimal,SVG/Marshall Is registered; no valid forex license (web-verified),Med,2.6,FALSE,SVG/Marshall Is registered; no valid forex license
699,IFC Markets,ifc-markets,CFD Broker,Active,Offshore,Minimal,BVI FSC (also Labuan LFSA) (web-verified),Med,2.6,FALSE,BVI FSC (also Labuan LFSA)
700,InvestMarkets,investmarkets,CFD Broker,Active,Offshore,Minimal,KW Investments (FSA Seychelles) (web-verified),Med,2.6,FALSE,KW Investments (FSA Seychelles)
701,Investizo,investizo,Forex Broker,Active,Offshore,Minimal,SVG-registered; unregulated (bogus NFA claim) (web-verified),Med,2.5,FALSE,SVG-registered; unregulated (bogus NFA claim)
702,JMI Brokers,jmi-brokers,Forex Broker,Active,Offshore,Minimal,VFSC Vanuatu license; offshore; jmibrokers.com (web-verified),Med,2.5,FALSE,VFSC Vanuatu license; offshore; jmibrokers.com
703,Juno Markets,juno-markets,Forex Broker,Active,Offshore,Minimal,"VFSC Vanuatu regulated, offshore (web-verified)",High,2.5,FALSE,"VFSC Vanuatu regulated, offshore"
704,Juno Markets Prime,juno-markets-prime,Forex Broker,Active,Offshore,Minimal,Juno Markets; Vanuatu VFSC-regulated (web-verified),Med,2.5,FALSE,Juno Markets; Vanuatu VFSC-regulated
705,LQDFX,lqdfx,Forex Broker,Active,Offshore,Minimal,"Marshall Islands offshore, unregulated ECN (web-verified)",High,2.5,FALSE,"Marshall Islands offshore, unregulated ECN"
706,Land FX,land-fx,Forex Broker,Active,Offshore,Minimal,Land Prime Ltd; FSA Seychelles; offshore (web-verified),Med,2.5,FALSE,Land Prime Ltd; FSA Seychelles; offshore
707,LonghornFX,longhornfx,CFD Broker,Active,Offshore,Minimal,offshore SVG-registered broker (web-verified),Med,2.5,FALSE,offshore SVG-registered broker
708,M4Markets,m4markets,Forex Broker,Active,Offshore,Minimal,FSA Seychelles (Trinota Markets); also FSCA (web-verified),High,2.5,FALSE,FSA Seychelles (Trinota Markets); also FSCA
709,MBCFX,mbcfx,Forex Broker,Unknown,Offshore,Minimal,BVI-registered MENA broker; dormant since ~2014 (web-verified),Low,2.5,TRUE,
710,MTrading,mtrading,Forex Broker,Active,Offshore,Minimal,ServiceCom SVG LLC; Financial Commission member; no top-tier (web-verified),High,2.5,FALSE,ServiceCom SVG LLC; Financial Commission member; no top-tier
711,MarketsVox,marketsvox,Forex Broker,Active,Offshore,Minimal,Seychelles FSA securities dealer SD142 (web-verified),High,2.5,FALSE,Seychelles FSA securities dealer SD142
712,Milton Prime,milton-prime,Forex Broker,Active,Offshore,Minimal,offshore ECN broker; Seychelles FSA-type (web-verified),Low,2.5,TRUE,offshore ECN broker; Seychelles FSA-type
713,NPB Invest,npb-invest,Forex Broker,Active,Offshore,Minimal,"NPBFX/NPB Markets brand; Belize-registered, Russian-origin (web-verified)",Med,2.5,FALSE,"NPBFX/NPB Markets brand; Belize-registered, Russian-origin"
714,NPBFX,npbfx,Forex Broker,Active,Offshore,Minimal,Belize IFSC; ex-Nefteprombank (Russia) (web-verified),Med,2.5,FALSE,Belize IFSC; ex-Nefteprombank (Russia)
715,OpoFinance,opofinance,Forex Broker,Active,Offshore,Minimal,"Offshore Seychelles/SVG, Iran-focused; WikiFX office survey (web-verified)",Med,2.5,FALSE,"Offshore Seychelles/SVG, Iran-focused; WikiFX office survey"
716,PSS Forex,pss-forex,Forex Broker,Active,Offshore,Minimal,"PSS Global Trading; Marshall Islands, unregulated, 2023 (web-verified)",High,2.5,FALSE,"PSS Global Trading; Marshall Islands, unregulated, 2023"
717,PaxForex,paxforex,Forex Broker,Active,Offshore,Minimal,Laino Group Ltd; SVG-registered offshore broker (web-verified),Med,2.5,FALSE,Laino Group Ltd; SVG-registered offshore broker
718,Prime Codex,prime-codex,Forex Broker,Active,Offshore,Minimal,"SVG-based, MISA Comoros license; fake NFA claim (web-verified)",Med,2.5,FALSE,"SVG-based, MISA Comoros license; fake NFA claim"
719,RannForex,rannforex,Forex Broker,Active,Offshore,Minimal,SVG-registered; unregulated offshore broker (web-verified),Med,2.5,FALSE,SVG-registered; unregulated offshore broker
720,SGT Markets,sgt-markets,CFD Broker,Active,Offshore,Minimal,BVI FSC regulated; Road Town; forex/CFD (web-verified),Med,2.5,FALSE,BVI FSC regulated; Road Town; forex/CFD
721,Scope Markets,scope-markets,CFD Broker,Active,Offshore,Minimal,FSC/IFSC Belize (also CySEC); active (web-verified),Med,2.5,FALSE,FSC/IFSC Belize (also CySEC); active
722,Seacrest Markets,seacrest-markets,CFD Broker,Active,Offshore,Minimal,FSA Seychelles; CFD broker behind MyFundedFX prop (web-verified),High,2.5,FALSE,FSA Seychelles; CFD broker behind MyFundedFX prop
723,SmartFX,smartfx,CFD Broker,Active,Offshore,Minimal,"Vanuatu FSC (40491); Smart Securities & Commodities, UAE (web-verified)",Med,2.5,FALSE,"Vanuatu FSC (40491); Smart Securities & Commodities, UAE"
724,TradeEU Global,tradeeu-global,CFD Broker,Active,Offshore,Minimal,Mauritius-based offshore arm of TradeEU; regulation questioned (web-verified),Med,2.5,FALSE,Mauritius-based offshore arm of TradeEU; regulation questioned
725,TradeWill,tradewill,CFD Broker,Active,Offshore,Minimal,Tradewill Global; FSA Seychelles SD111 (also SVG) (web-verified),High,2.5,FALSE,Tradewill Global; FSA Seychelles SD111 (also SVG)
726,Tradear,tradear,CFD Broker,Active,Offshore,Minimal,"Vanuatu VFSC offshore, Capitalia Group (web-verified)",Med,2.5,FALSE,"Vanuatu VFSC offshore, Capitalia Group"
727,Uniglobe Markets,uniglobe-markets,Forex Broker,Active,Offshore,Minimal,"Marshall Is-registered, unregulated, scam complaints (web-verified)",Med,2.5,FALSE,"Marshall Is-registered, unregulated, scam complaints"
728,WForex,wforex,Forex Broker,Active,Offshore,Minimal,World Forex; St Kitts & Nevis; offshore (web-verified),Med,2.5,FALSE,World Forex; St Kitts & Nevis; offshore
729,WeTrade,wetrade,CFD Broker,Active,Offshore,Minimal,"SVG-based, claims CySEC/ASIC/Seychelles (web-verified)",Med,2.5,FALSE,"SVG-based, claims CySEC/ASIC/Seychelles"
730,XBTFX,xbtfx,CFD Broker,Active,Offshore,Minimal,Marshall Islands multi-asset MT5/cTrader broker (web-verified),High,2.5,FALSE,Marshall Islands multi-asset MT5/cTrader broker
731,YaMarkets,yamarkets,Forex Broker,Active,Offshore,Minimal,SVG-registered; VFSC/FSCA/FSC-Mauritius; no tier-1 (web-verified),Med,2.5,FALSE,SVG-registered; VFSC/FSCA/FSC-Mauritius; no tier-1
732,Balyasny Asset Management,balyasny-asset-management,Inter-dealer/Institutional,Active,Unknown,Minimal,Institutional/non-retail (no regulator on record) — finance profile but negligible retail broker-review demand; flag reclassify,Med,2.5,TRUE,NON-RETAIL: mislabeled for a forex directory — reclassify/relocate
733,Flow Traders,flow-traders,Inter-dealer/Institutional,Active,Unknown,Minimal,Institutional/non-retail (no regulator on record) — finance profile but negligible retail broker-review demand; flag reclassify,Med,2.5,TRUE,NON-RETAIL: mislabeled for a forex directory — reclassify/relocate
734,Man AHL,man-ahl,Inter-dealer/Institutional,Active,Unknown,Minimal,Institutional/non-retail (no regulator on record) — finance profile but negligible retail broker-review demand; flag reclassify,Med,2.5,TRUE,NON-RETAIL: mislabeled for a forex directory — reclassify/relocate
735,Marshall Wace,marshall-wace,Inter-dealer/Institutional,Active,Unknown,Minimal,Institutional/non-retail (no regulator on record) — finance profile but negligible retail broker-review demand; flag reclassify,Med,2.5,TRUE,NON-RETAIL: mislabeled for a forex directory — reclassify/relocate
736,Tower Research Capital,tower-research-capital,Inter-dealer/Institutional,Active,Unknown,Minimal,Institutional/non-retail (no regulator on record) — finance profile but negligible retail broker-review demand; flag reclassify,Med,2.5,TRUE,NON-RETAIL: mislabeled for a forex directory — reclassify/relocate
737,Direct Broking,direct-broking,Inter-dealer/Institutional,Active,T2,Minimal,Institutional/non-retail (FMA / ANZ Bank Group) — finance profile but negligible retail broker-review demand; flag reclassify,High,2.5,TRUE,NON-RETAIL: mislabeled for a forex directory — reclassify/relocate
738,RockGlobal Securities,rockglobal-securities,Other,Active,T2,Minimal,Equity/securities or multi-asset broker (non-forex focus); T2 (FMA); New Zealand,Med,2.5,FALSE,
739,Azurite Markets,azurite-markets,Forex Broker,Active,Offshore,Minimal,"flagged scam broker, unregulated (web-verified)",Low,2.5,TRUE,
740,Brisk Markets,brisk-markets,CFD Broker,Active,Offshore,Minimal,offshore broker; fabricated regulatory claims; likely scam (web-verified),Low,2.5,TRUE,offshore broker; fabricated regulatory claims; likely scam
741,Capital Street FX,capital-street-fx,Forex Broker,Active,Offshore,Minimal,FinTelegram offshore warning; red compliance rating (web-verified),Med,2.5,FALSE,FinTelegram offshore warning; red compliance rating
742,DLS Markets,dls-markets,CFD Broker,Active,Offshore,Minimal,global CFD/FX broker (DLSM); offshore caution flags (web-verified),Low,2.5,TRUE,global CFD/FX broker (DLSM); offshore caution flags
743,FX Grant,fx-grant,Forex Broker,Active,Offshore,Minimal,obscure offshore FX broker; minimal footprint (web-verified),Low,2.5,TRUE,
744,FXM Broker Group,fxm-broker-group,Forex Broker,Active,Offshore,Minimal,"offshore FX broker, no top-tier reg (web-verified)",Low,2.5,TRUE,
745,FXcast,fxcast,Forex Broker,Unknown,Offshore,Minimal,offshore FX broker (CIS); safety-flagged (web-verified),Low,2.5,TRUE,
746,IGM FX,igm-fx,Forex Broker,Active,Offshore,Minimal,offshore FX broker; LeoPrime-linked (web-verified),Low,2.5,TRUE,offshore FX broker; LeoPrime-linked
747,IHFOREX,ihforex,Forex Broker,Active,Offshore,Minimal,"IH Global Markets, offshore/unregulated (web-verified)",Low,2.5,TRUE,
748,MadaFX,madafx,Forex Broker,Unknown,Offshore,Minimal,"aka Magna Dana; offshore, flagged (web-verified)",Low,2.5,TRUE,
749,Neom Markets,neom-markets,Forex Broker,Active,Offshore,Minimal,offshore FX broker; scam warnings (Neomarkets) (web-verified),Low,2.5,TRUE,
750,Sunbird Trading,sunbird-trading,Forex Broker,Active,Offshore,Minimal,Sunbird FX; ForexPeaceArmy scam warning; offshore (web-verified),Low,2.5,TRUE,Sunbird FX; ForexPeaceArmy scam warning; offshore
751,ARA Markets,ara-markets,Forex Broker,Active,Unregulated,Minimal,"Unregulated; WikiFX-flagged (ARA Forex), Australia claimed (web-verified)",Low,2.4,TRUE,"Unregulated; WikiFX-flagged (ARA Forex), Australia claimed"
752,NordMarkets,nordmarkets,Forex Broker,Unknown,Unregulated,Minimal,"claims Swedish AML reg, not licensed (web-verified)",Med,2.4,FALSE,
753,RockGlobal Markets,rockglobal-markets,Forex Broker,Active,Unregulated,Minimal,NZ-based; fund-deduction complaints; unregulated (web-verified),Med,2.4,FALSE,NZ-based; fund-deduction complaints; unregulated
754,Sucden Financial,sucden-financial,Inter-dealer/Institutional,Active,Unknown,Minimal,Institutional/non-retail (no regulator on record) — finance profile but negligible retail broker-review demand; flag reclassify,Med,2.4,TRUE,NON-RETAIL: mislabeled for a forex directory — reclassify/relocate
755,AfrAsia Capital Management,afrasia-capital,Inter-dealer/Institutional,Active,T2,Minimal,Institutional/non-retail (Bank of Mauritius / FSC) — finance profile but negligible retail broker-review demand; flag reclassify,High,2.4,TRUE,NON-RETAIL: mislabeled for a forex directory — reclassify/relocate
756,Bolsa Mexicana de Valores (BMV),bmv-mexico,Inter-dealer/Institutional,Active,T2,Minimal,Institutional/non-retail (CNBV / Banxico) — finance profile but negligible retail broker-review demand; flag reclassify,High,2.4,TRUE,NON-RETAIL: mislabeled for a forex directory — reclassify/relocate
757,Bolsa de Santiago,bolsa-de-santiago,Inter-dealer/Institutional,Active,T2,Minimal,Institutional/non-retail (CMF) — finance profile but negligible retail broker-review demand; flag reclassify,High,2.4,TRUE,NON-RETAIL: mislabeled for a forex directory — reclassify/relocate
758,Bolsa de Valores de Colombia (BVC),bvc-colombia,Inter-dealer/Institutional,Active,T2,Minimal,Institutional/non-retail (SFC) — finance profile but negligible retail broker-review demand; flag reclassify,High,2.4,TRUE,NON-RETAIL: mislabeled for a forex directory — reclassify/relocate
759,Bursa Malaysia Derivatives,bursa-malaysia-derivatives,Inter-dealer/Institutional,Active,T2,Minimal,Institutional/non-retail (SC / BNM) — finance profile but negligible retail broker-review demand; flag reclassify,High,2.4,TRUE,NON-RETAIL: mislabeled for a forex directory — reclassify/relocate
760,Dubai Financial Market (DFM),dfm,Inter-dealer/Institutional,Active,T2,Minimal,Institutional/non-retail (SCA / DFSA) — finance profile but negligible retail broker-review demand; flag reclassify,High,2.4,TRUE,NON-RETAIL: mislabeled for a forex directory — reclassify/relocate
761,MATba ROFEX,matba-rofex,Inter-dealer/Institutional,Active,T2,Minimal,Institutional/non-retail (CNV / BCRA) — finance profile but negligible retail broker-review demand; flag reclassify,High,2.4,TRUE,NON-RETAIL: mislabeled for a forex directory — reclassify/relocate
762,Rand Merchant Bank Nigeria,rand-merchant-bank-nigeria,Inter-dealer/Institutional,Active,T2,Minimal,Institutional/non-retail (CBN / SEC / NGX) — finance profile but negligible retail broker-review demand; flag reclassify,High,2.4,TRUE,NON-RETAIL: mislabeled for a forex directory — reclassify/relocate
763,African Alliance Securities,african-alliance-securities,Other,Active,T2,Minimal,Equity/securities or multi-asset broker (non-forex focus); T2 (SEC / NGX); Nigeria,Med,2.4,FALSE,
764,Anchoria Securities,anchoria-securities,Other,Active,T2,Minimal,Equity/securities or multi-asset broker (non-forex focus); T2 (SEC / NGX); Nigeria,Med,2.4,FALSE,
765,DLM Securities,dlm-securities,Other,Active,T2,Minimal,Equity/securities or multi-asset broker (non-forex focus); T2 (SEC / NGX); Nigeria,Med,2.4,FALSE,
766,FSDH Securities,fsdh-securities,Other,Active,T2,Minimal,Equity/securities or multi-asset broker (non-forex focus); T2 (SEC / FMDQ / NGX); Nigeria,Med,2.4,FALSE,
767,Faida Investment Bank,faida-investment-bank,Other,Active,T2,Minimal,Equity/securities or multi-asset broker (non-forex focus); T2 (CMA / NSE); Kenya,Med,2.4,FALSE,
768,GTI Securities,gti-securities,Other,Active,T2,Minimal,Equity/securities or multi-asset broker (non-forex focus); T2 (SEC / NGX); Nigeria,Med,2.4,FALSE,
769,Greenwich Securities,greenwich-securities,Other,Active,T2,Minimal,Equity/securities or multi-asset broker (non-forex focus); T2 (SEC / NGX / FMDQ); Nigeria,Med,2.4,FALSE,
770,PAC Securities,pac-securities,Other,Active,T2,Minimal,Equity/securities or multi-asset broker (non-forex focus); T2 (SEC / NGX); Nigeria,Med,2.4,FALSE,
771,Crib Markets,crib-markets,Forex Broker,Active,Unregulated,Minimal,Crib Markets (Mauritius) Ltd; WikiFX flags unregulated (web-verified),Med,2.4,FALSE,Crib Markets (Mauritius) Ltd; WikiFX flags unregulated
772,DLC ForexTrade,dlc-forextrade,Forex Broker,Active,Unregulated,Minimal,"No license, Kazakhstan, withdrawal complaints (WikiFX) (web-verified)",Med,2.4,FALSE,
773,EuroBroker,eurobroker,Forex Broker,Active,Unregulated,Minimal,"Unregulated, Bosnia-based, WikiFX low score (web-verified)",Med,2.4,FALSE,"Unregulated, Bosnia-based, WikiFX low score"
774,EverestsCM,everestscm,Forex Broker,Unknown,Unregulated,Minimal,"Mauritius, suspicious license, flagged unregulated (web-verified)",Low,2.4,TRUE,
775,Forex EuroClub,forex-euroclub,Forex Broker,Active,Unregulated,Minimal,"Russia-based, unregulated; operating since 2008 (web-verified)",Med,2.4,FALSE,"Russia-based, unregulated; operating since 2008"
776,ForexLine,forexline,Forex Broker,Active,Unregulated,Minimal,"unregulated China broker, no license (web-verified)",Med,2.4,FALSE,"unregulated China broker, no license"
777,GCG Markets,gcg-markets,Forex Broker,Active,Unregulated,Minimal,"Unregulated, founded 2023; high-risk, claims US (web-verified)",Med,2.4,FALSE,"Unregulated, founded 2023; high-risk, claims US"
778,GainScope,gainscope,Forex Broker,Active,Unregulated,Minimal,"Indonesian IB/portal for FXDD, unregulated (web-verified)",Med,2.4,FALSE,"Indonesian IB/portal for FXDD, unregulated"
779,Hudson Global Capital,hudson-global-capital,Forex Broker,Active,Unregulated,Minimal,"unregulated, WikiFX 1.59; London shell address (web-verified)",Med,2.4,FALSE,"unregulated, WikiFX 1.59; London shell address"
780,Marret Invest,marret-invest,Forex Broker,Active,Unregulated,Minimal,Russia/Hong Kong-based; no regulation disclosed (web-verified),Med,2.4,FALSE,Russia/Hong Kong-based; no regulation disclosed
781,MasterForex,masterforex-batch8,Forex Broker,Active,Unregulated,Minimal,"Russia-based, no genuine regulator (web-verified)",Med,2.4,FALSE,"Russia-based, no genuine regulator"
782,NobleTrading,nobletrading,Forex Broker,Active,Unregulated,Minimal,Unregulated offshore; false US claims; BVI entity (web-verified),Med,2.4,FALSE,Unregulated offshore; false US claims; BVI entity
783,North West Financial Broker,north-west-financial-broker,Forex Broker,Active,Unregulated,Minimal,Russian broker nwbroker.ru; unregulated (web-verified),Low,2.4,TRUE,
784,Phi Capital Management,phi-capital-management,Forex Broker,Active,Unregulated,Minimal,Only WikiFX listing; no verifiable license; unregulated (web-verified),Low,2.4,TRUE,Only WikiFX listing; no verifiable license; unregulated
785,ProFinanceService,profinanceservice,Forex Broker,Active,Unregulated,Minimal,Russian FX platform/portal (forexpf.ru) (web-verified),Med,2.4,FALSE,Russian FX platform/portal (forexpf.ru)
786,ProfiForex,profiforex,Forex Broker,Active,Unregulated,Minimal,Unregulated offshore broker (Russian); WikiFX scam alerts (web-verified),Med,2.4,FALSE,Unregulated offshore broker (Russian); WikiFX scam alerts
787,RaiseFX,raisefx,Forex Broker,Active,Unregulated,Minimal,unregulated 'suspicious clone'; Cape Town address (web-verified),Med,2.4,FALSE,unregulated 'suspicious clone'; Cape Town address
788,Ultima Capital,ultima-capital,Forex Broker,Active,Unregulated,Minimal,"Unregulated, claims UK; WikiFX no-license, high-risk (web-verified)",Med,2.4,FALSE,"Unregulated, claims UK; WikiFX no-license, high-risk"
789,United Markets Capital,united-markets-capital,CFD Broker,Active,Unregulated,Minimal,"unregulated (PM Invest Consult), Sofia; withdrawal complaints (web-verified)",Med,2.4,FALSE,"unregulated (PM Invest Consult), Sofia; withdrawal complaints"
790,AETOS,aetos,Forex Broker,Active,Unknown,Minimal,Unknown-regulated forex broker (no regulator on record); Australia; limited public footprint,Med,2.4,FALSE,
791,AUS Global,aus-global,Forex Broker,Active,Unknown,Minimal,Unknown-regulated forex broker (no regulator on record); United Kingdom; limited public footprint,Med,2.4,FALSE,
792,Accendo Markets,accendo-markets,Forex Broker,Active,Unknown,Minimal,Unknown-regulated forex broker (no regulator on record); United Kingdom; limited public footprint,Med,2.4,FALSE,
793,Ace Koeki,ace-koeki,Forex Broker,Active,Unknown,Minimal,Unknown-regulated forex broker (no regulator on record); Japan; limited public footprint,Med,2.4,FALSE,
794,Acetop,acetop,Forex Broker,Active,Unknown,Minimal,Unknown-regulated forex broker (no regulator on record); United Kingdom; limited public footprint,Med,2.4,FALSE,
795,Advanced Markets,advanced-markets,Forex Broker,Active,Unknown,Minimal,Unknown-regulated forex broker (no regulator on record); United States; limited public footprint,Med,2.4,FALSE,
796,Advantage Futures,advantage-futures,Forex Broker,Active,Unknown,Minimal,Unknown-regulated forex broker (no regulator on record); United States; limited public footprint,Med,2.4,FALSE,
797,All Options International,all-options-international,Forex Broker,Active,Unknown,Minimal,Unknown-regulated forex broker (no regulator on record); Netherlands; limited public footprint,Med,2.4,FALSE,
798,Alpari NZ,alpari-nz,Forex Broker,Active,Unknown,Minimal,Unknown-regulated forex broker (no regulator on record); New Zealand; limited public footprint,Med,2.4,FALSE,
799,Amplify Trading,amplify-trading,Forex Broker,Active,Unknown,Minimal,Unknown-regulated forex broker (no regulator on record); United Kingdom; limited public footprint,Med,2.4,FALSE,
800,Ava FX,ava-fx,Forex Broker,Active,Unknown,Minimal,Unknown-regulated forex broker (no regulator on record); Ireland; limited public footprint,Med,2.4,FALSE,
801,BCR,bcr,Forex Broker,Active,Unknown,Minimal,Unknown-regulated forex broker (no regulator on record); Australia; limited public footprint,Med,2.3,FALSE,
802,BCR Markets,bcr-markets,Forex Broker,Active,Unknown,Minimal,Unknown-regulated forex broker (no regulator on record); Australia; limited public footprint,Med,2.3,FALSE,
803,Bacera International,bacera-international,Forex Broker,Active,Unknown,Minimal,Unknown-regulated forex broker (no regulator on record); Australia; limited public footprint,Med,2.3,FALSE,
804,Banca Sella Trading,banca-sella-trading,Forex Broker,Active,Unknown,Minimal,Unknown-regulated forex broker (no regulator on record); Italy; limited public footprint,Med,2.3,FALSE,
805,Banque Cantonale Vaudoise Trading,bcv-trading,Forex Broker,Active,Unknown,Minimal,Unknown-regulated forex broker (no regulator on record); Switzerland; limited public footprint,Med,2.3,FALSE,
806,Berkeley Futures,berkeley-futures,Forex Broker,Active,Unknown,Minimal,Unknown-regulated forex broker (no regulator on record); United Kingdom; limited public footprint,Med,2.3,FALSE,
807,BrokerCreditService Cyprus,brokercreditservice-cyprus,Forex Broker,Active,Unknown,Minimal,Unknown-regulated forex broker (no regulator on record); Cyprus; limited public footprint,Med,2.3,FALSE,Merged 1 duplicate row(s): Cyprus
808,Brokerpoint,brokerpoint,Forex Broker,Active,Unknown,Minimal,Unknown-regulated forex broker (no regulator on record); Germany; limited public footprint,Med,2.3,FALSE,
809,Bulltick,bulltick,Forex Broker,Active,Unknown,Minimal,Unknown-regulated forex broker (no regulator on record); United States; limited public footprint,Med,2.3,FALSE,
810,CICC Hong Kong,cicc-hong-kong,Forex Broker,Active,Unknown,Minimal,Unknown-regulated forex broker (no regulator on record); Hong Kong; limited public footprint,Med,2.3,FALSE,
811,CIM Bank Trading,cim-bank-trading,Forex Broker,Active,Unknown,Minimal,Unknown-regulated forex broker (no regulator on record); Switzerland; limited public footprint,Med,2.3,FALSE,
812,CIMB Futures,cimb-futures,Forex Broker,Active,Unknown,Minimal,Unknown-regulated forex broker (no regulator on record); Singapore; limited public footprint,Med,2.3,FALSE,
813,CKFX,ckfx,Forex Broker,Unknown,Unknown,Minimal,"Cyprus IB for ForexYard, est. 2010 (web-verified)",Low,2.3,TRUE,
814,CLSA,clsa,Forex Broker,Active,Unknown,Minimal,Unknown-regulated forex broker (no regulator on record); Hong Kong; limited public footprint,Med,2.3,FALSE,
815,CapTrader,captrader,Forex Broker,Active,Unknown,Minimal,Unknown-regulated forex broker (no regulator on record); Germany; limited public footprint,Med,2.3,FALSE,
816,Central Tanshi FX,central-tanshi-fx,Forex Broker,Active,Unknown,Minimal,Unknown-regulated forex broker (no regulator on record); Japan; limited public footprint,Med,2.3,FALSE,
817,Cfx Intermediazioni,cfx-intermediazioni,Forex Broker,Active,Unknown,Minimal,Unknown-regulated forex broker (no regulator on record); Italy; limited public footprint,Med,2.3,FALSE,
818,China Galaxy International,china-galaxy-international,Forex Broker,Active,Unknown,Minimal,Unknown-regulated forex broker (no regulator on record); Hong Kong; limited public footprint,Med,2.3,FALSE,
819,CitiFX Pro,citifx-pro,Forex Broker,Active,Unknown,Minimal,Unknown-regulated forex broker (no regulator on record); United States; limited public footprint,Med,2.3,FALSE,
820,City Credit Capital,city-credit-capital,Forex Broker,Active,Unknown,Minimal,Unknown-regulated forex broker (no regulator on record); United Kingdom; limited public footprint,Med,2.3,FALSE,
821,Consorsbank,consorsbank,Forex Broker,Active,Unknown,Minimal,Unknown-regulated forex broker (no regulator on record); Germany; limited public footprint,Med,2.3,FALSE,
822,Cortal Consors,cortal-consors,Forex Broker,Active,Unknown,Minimal,Unknown-regulated forex broker (no regulator on record); Germany; limited public footprint,Med,2.3,FALSE,
823,Currensee,currensee,Forex Broker,Active,Unknown,Minimal,Unknown-regulated forex broker (no regulator on record); United States; limited public footprint,Med,2.3,FALSE,
824,DAB Bank,dab-bank,Forex Broker,Active,Unknown,Minimal,Unknown-regulated forex broker (no regulator on record); Germany; limited public footprint,Med,2.3,FALSE,
825,DBS Futures,dbs-futures,Forex Broker,Active,Unknown,Minimal,Unknown-regulated forex broker (no regulator on record); Singapore; limited public footprint,Med,2.3,FALSE,
826,DBS Vickers,dbs-vickers,Forex Broker,Active,Unknown,Minimal,Unknown-regulated forex broker (no regulator on record); Singapore; limited public footprint,Med,2.3,FALSE,
827,DF Markets,df-markets,Forex Broker,Active,Unknown,Minimal,Unknown-regulated forex broker (no regulator on record); United Kingdom; limited public footprint,Med,2.3,FALSE,
828,DKB Broker,dkb-broker,Forex Broker,Active,Unknown,Minimal,Unknown-regulated forex broker (no regulator on record); Germany; limited public footprint,Med,2.3,FALSE,
829,Day Trade Austria,day-trade-austria,Forex Broker,Active,Unknown,Minimal,Unknown-regulated forex broker (no regulator on record); Austria; limited public footprint,Med,2.3,FALSE,
830,Directa SIM,directa-sim,Forex Broker,Active,Unknown,Minimal,Unknown-regulated forex broker (no regulator on record); Italy; limited public footprint,Med,2.3,FALSE,
831,ElanFX,elanfx,Forex Broker,Active,Unknown,Minimal,Unknown-regulated forex broker (no regulator on record); Germany; limited public footprint,Med,2.3,FALSE,
832,Enfinium International,enfinium-international,Forex Broker,Active,Unknown,Minimal,Unknown-regulated forex broker (no regulator on record); Australia; limited public footprint,Med,2.3,FALSE,
833,EuroForex,euroforex,Forex Broker,Active,Unknown,Minimal,Unknown-regulated forex broker (no regulator on record); Italy; limited public footprint,Med,2.3,FALSE,
834,ExodusPoint,exoduspoint,Forex Broker,Active,Unknown,Minimal,Unknown-regulated forex broker (no regulator on record); United States; limited public footprint,Med,2.3,FALSE,
835,FX Broadnet,fx-broadnet,Forex Broker,Active,Unknown,Minimal,Unknown-regulated forex broker (no regulator on record); Japan; limited public footprint,Med,2.3,FALSE,
836,FXCBS,fxcbs,Forex Broker,Unknown,Unknown,Minimal,Cyprus-based since 2007; regulation unverified (web-verified),Low,2.3,TRUE,
837,FXTSwiss,fxtswiss,Forex Broker,Active,Unknown,Minimal,Unknown-regulated forex broker (no regulator on record); Switzerland; limited public footprint,Med,2.3,FALSE,
838,FinFx Trading,finfx-trading,Forex Broker,Active,Unknown,Minimal,Unknown-regulated forex broker (no regulator on record); Finland; limited public footprint,Med,2.3,FALSE,
839,Finalto,finalto,Forex Broker,Active,Unknown,Minimal,Unknown-regulated forex broker (no regulator on record); United Kingdom; limited public footprint,Med,2.3,FALSE,
840,FinecoBank,finecobank,Forex Broker,Active,Unknown,Minimal,Unknown-regulated forex broker (no regulator on record); Italy; limited public footprint,Med,2.3,FALSE,
841,FinecoBank Italy,finecobank-italy,Forex Broker,Active,Unknown,Minimal,Unknown-regulated forex broker (no regulator on record); Italy; limited public footprint,Med,2.3,FALSE,
842,Firstrade,firstrade,Forex Broker,Active,Unknown,Minimal,Unknown-regulated forex broker (no regulator on record); United States; limited public footprint,Med,2.3,FALSE,
843,Forex.ee,forex-ee,Forex Broker,Active,Unknown,Minimal,Unknown-regulated forex broker (no regulator on record); Estonia; limited public footprint,Med,2.3,FALSE,
844,Friedberg Direct,friedberg-direct,Forex Broker,Active,Unknown,Minimal,Unknown-regulated forex broker (no regulator on record); Canada; limited public footprint,Med,2.3,FALSE,
845,Fx Direkt Bank,fx-direkt-bank,Forex Broker,Active,Unknown,Minimal,Unknown-regulated forex broker (no regulator on record); Germany; limited public footprint,Med,2.3,FALSE,
846,GET Financial,get-financial,Forex Broker,Active,Unknown,Minimal,Unknown-regulated forex broker (no regulator on record); Australia; limited public footprint,Med,2.3,FALSE,
847,GMO Gaika,gmo-gaika,Forex Broker,Active,Unknown,Minimal,Unknown-regulated forex broker (no regulator on record); Japan; limited public footprint,Med,2.3,FALSE,
848,Gaitame.com,gaitame-com,Forex Broker,Active,Unknown,Minimal,Unknown-regulated forex broker (no regulator on record); Japan; limited public footprint,Med,2.3,FALSE,
849,Got Money FX,got-money-fx,Forex Broker,Active,Unknown,Minimal,"Australian FX brand ~2011, likely defunct (web-verified)",Low,2.3,TRUE,
850,Guotai Junan International,guotai-junan-international,Forex Broker,Active,Unknown,Minimal,Unknown-regulated forex broker (no regulator on record); Hong Kong; limited public footprint,Med,2.3,FALSE,
851,HMS Markets Luxembourg,hms-markets-luxembourg,Forex Broker,Active,Unknown,Minimal,Unknown-regulated forex broker (no regulator on record); Luxembourg; limited public footprint,Med,2.2,FALSE,
852,Haitong International,haitong-international,Forex Broker,Active,Unknown,Minimal,Unknown-regulated forex broker (no regulator on record); Hong Kong; limited public footprint,Med,2.2,FALSE,
853,Halifax Online,halifax-online,Forex Broker,Active,Unknown,Minimal,Unknown-regulated forex broker (no regulator on record); Australia; limited public footprint,Med,2.2,FALSE,
854,Hanseatic Brokerhouse,hanseatic-brokerhouse,Forex Broker,Active,Unknown,Minimal,Unknown-regulated forex broker (no regulator on record); Germany; limited public footprint,Med,2.2,FALSE,
855,Hirose Tusyo,hirose-tusyo,Forex Broker,Active,Unknown,Minimal,Unknown-regulated forex broker (no regulator on record); Japan; limited public footprint,Med,2.2,FALSE,
856,Huatai International,huatai-international,Forex Broker,Active,Unknown,Minimal,Unknown-regulated forex broker (no regulator on record); Hong Kong; limited public footprint,Med,2.2,FALSE,
857,ICM Capital,icm-capital,Forex Broker,Active,Unknown,Minimal,Unknown-regulated forex broker (no regulator on record); United Kingdom; limited public footprint,Med,2.2,FALSE,
858,ING Germany Brokerage,ing-germany-brokerage,Forex Broker,Active,Unknown,Minimal,Unknown-regulated forex broker (no regulator on record); Germany; limited public footprint,Med,2.2,FALSE,
859,IS Trading,is-trading,Forex Broker,Active,Unknown,Minimal,Unknown-regulated forex broker (no regulator on record); Germany; limited public footprint,Med,2.2,FALSE,
860,ISI Group,isi-group,Forex Broker,Active,Unknown,Minimal,Unknown-regulated forex broker (no regulator on record); United States; limited public footprint,Med,2.2,FALSE,
861,IWBank,iwbank,Forex Broker,Active,Unknown,Minimal,Unknown-regulated forex broker (no regulator on record); Italy; limited public footprint,Med,2.2,FALSE,
862,Iberia Forex,iberia-forex,Forex Broker,Active,Unknown,Minimal,Unknown-regulated forex broker (no regulator on record); Spain; limited public footprint,Med,2.2,FALSE,
863,Invast Global,invast-global,Forex Broker,Active,Unknown,Minimal,Unknown-regulated forex broker (no regulator on record); Australia; limited public footprint,Med,2.2,FALSE,
864,KGI Asia,kgi-asia,Forex Broker,Active,Unknown,Minimal,Unknown-regulated forex broker (no regulator on record); Hong Kong; limited public footprint,Med,2.2,FALSE,
865,KGI Futures Singapore,kgi-futures-singapore,Forex Broker,Active,Unknown,Minimal,Unknown-regulated forex broker (no regulator on record); Singapore; limited public footprint,Med,2.2,FALSE,
866,KVB Global Capital,kvb-global-capital,Forex Broker,Active,Unknown,Minimal,Unknown-regulated forex broker (no regulator on record); Hong Kong; limited public footprint,Med,2.2,FALSE,
867,Kabu,kabu,Forex Broker,Active,Unknown,Minimal,Unknown-regulated forex broker (no regulator on record); Japan; limited public footprint,Med,2.2,FALSE,
868,Keytrade Pro,keytrade-pro,Forex Broker,Active,Unknown,Minimal,Unknown-regulated forex broker (no regulator on record); Belgium; limited public footprint,Med,2.2,FALSE,
869,LINE FX,line-fx,Forex Broker,Active,Unknown,Minimal,Unknown-regulated forex broker (no regulator on record); Japan; limited public footprint,Med,2.2,FALSE,
870,LMAX Global,lmax-global,Forex Broker,Active,Unknown,Minimal,Unknown-regulated forex broker (no regulator on record); United Kingdom; limited public footprint,Med,2.2,FALSE,
871,London FX,london-fx,Forex Broker,Active,Unknown,Minimal,Unknown-regulated forex broker (no regulator on record); United Kingdom; limited public footprint,Med,2.2,FALSE,
872,Lynx Broker,lynx-broker,Forex Broker,Active,Unknown,Minimal,Unknown-regulated forex broker (no regulator on record); Netherlands; limited public footprint,Med,2.2,FALSE,
873,MB Trading,mb-trading,Forex Broker,Active,Unknown,Minimal,Unknown-regulated forex broker (no regulator on record); United States; limited public footprint,Med,2.2,FALSE,
874,MahiFX,mahifx,Forex Broker,Active,Unknown,Minimal,Unknown-regulated forex broker (no regulator on record); New Zealand; limited public footprint,Med,2.2,FALSE,
875,Matsui FX,matsui-fx,Forex Broker,Active,Unknown,Minimal,Unknown-regulated forex broker (no regulator on record); Japan; limited public footprint,Med,2.2,FALSE,
876,Maverick Currencies,maverick-currencies,Forex Broker,Active,Unknown,Minimal,Unknown-regulated forex broker (no regulator on record); United States; limited public footprint,Med,2.2,FALSE,
877,Maybank Futures,maybank-futures,Forex Broker,Active,Unknown,Minimal,Unknown-regulated forex broker (no regulator on record); Singapore; limited public footprint,Med,2.2,FALSE,
878,Mesirow Currency Management,mesirow-currency-management,Forex Broker,Active,Unknown,Minimal,Unknown-regulated forex broker (no regulator on record); United States; limited public footprint,Med,2.2,FALSE,
879,Migros Bank Trading,migros-bank-trading,Forex Broker,Active,Unknown,Minimal,Unknown-regulated forex broker (no regulator on record); Switzerland; limited public footprint,Med,2.2,FALSE,
880,Minna no FX,minna-no-fx,Forex Broker,Active,Unknown,Minimal,Unknown-regulated forex broker (no regulator on record); Japan; limited public footprint,Med,2.2,FALSE,
881,Mirus FX,mirus-fx,Forex Broker,Active,Unknown,Minimal,Unknown-regulated forex broker (no regulator on record); United States; limited public footprint,Med,2.2,FALSE,
882,Monex,monex-japan,Forex Broker,Active,Unknown,Minimal,Unknown-regulated forex broker (no regulator on record); Japan; limited public footprint,Med,2.2,FALSE,
883,Monex International Investments,monex-international-investments,Forex Broker,Active,Unknown,Minimal,Unknown-regulated forex broker (no regulator on record); United States; limited public footprint,Med,2.2,FALSE,
884,Money Partners,money-partners,Forex Broker,Active,Unknown,Minimal,Unknown-regulated forex broker (no regulator on record); Japan; limited public footprint,Med,2.2,FALSE,
885,Openbank Broker,openbank-broker,Forex Broker,Active,Unknown,Minimal,Unknown-regulated forex broker (no regulator on record); Spain; limited public footprint,Med,2.2,FALSE,
886,Phillip Futures,phillip-futures,Forex Broker,Active,Unknown,Minimal,Unknown-regulated forex broker (no regulator on record); Singapore; limited public footprint,Med,2.2,FALSE,
887,Phillip Futures Singapore,phillip-futures-singapore,Forex Broker,Active,Unknown,Minimal,Unknown-regulated forex broker (no regulator on record); Singapore; limited public footprint,Med,2.2,FALSE,
888,Phillip Nova,phillip-nova,Forex Broker,Active,Unknown,Minimal,Unknown-regulated forex broker (no regulator on record); Singapore; limited public footprint,Med,2.2,FALSE,
889,Phillip Nova Futures,phillip-nova-futures,Forex Broker,Active,Unknown,Minimal,Unknown-regulated forex broker (no regulator on record); Singapore; limited public footprint,Med,2.2,FALSE,
890,PhillipCapital,phillipcapital,Forex Broker,Active,Unknown,Minimal,Unknown-regulated forex broker (no regulator on record); Singapore; limited public footprint,Med,2.2,FALSE,
891,PhillipCapital Singapore,phillipcapital-singapore,Forex Broker,Active,Unknown,Minimal,Unknown-regulated forex broker (no regulator on record); Singapore; limited public footprint,Med,2.2,FALSE,
892,PostFinance Trading,postfinance-trading,Forex Broker,Active,Unknown,Minimal,Unknown-regulated forex broker (no regulator on record); Switzerland; limited public footprint,Med,2.2,FALSE,
893,Price Markets,price-markets,Forex Broker,Active,Unknown,Minimal,Unknown-regulated forex broker (no regulator on record); United Kingdom; limited public footprint,Med,2.2,FALSE,
894,QTrade GmbH,qtrade-gmbh,Forex Broker,Active,Unknown,Minimal,Unknown-regulated forex broker (no regulator on record); Germany; limited public footprint,Med,2.2,FALSE,
895,RBS marketindex,rbs-marketindex,Forex Broker,Active,Unknown,Minimal,Unknown-regulated forex broker (no regulator on record); United Kingdom; limited public footprint,Med,2.2,FALSE,
896,Renta 4 Banco,renta-4-banco,Forex Broker,Active,Unknown,Minimal,Unknown-regulated forex broker (no regulator on record); Spain; limited public footprint,Med,2.2,FALSE,
897,Robbins Trading Company,robbins-trading-company,Forex Broker,Active,Unknown,Minimal,Unknown-regulated forex broker (no regulator on record); United States; limited public footprint,Med,2.2,FALSE,
898,S Broker,s-broker,Forex Broker,Active,Unknown,Minimal,Unknown-regulated forex broker (no regulator on record); Germany; limited public footprint,Med,2.2,FALSE,
899,SBI FXTRADE,sbi-fxtrade,Forex Broker,Active,Unknown,Minimal,Unknown-regulated forex broker (no regulator on record); Japan; limited public footprint,Med,2.2,FALSE,
900,SBI Liquidity Market,sbi-liquidity-market,Forex Broker,Active,Unknown,Minimal,Unknown-regulated forex broker (no regulator on record); Japan; limited public footprint,Med,2.2,FALSE,
901,SVSFX,svsfx,Forex Broker,Active,Unknown,Minimal,Unknown-regulated forex broker (no regulator on record); United Kingdom; limited public footprint,Med,2.1,FALSE,
902,SaxoInvestor,saxoinvestor,Forex Broker,Active,Unknown,Minimal,Unknown-regulated forex broker (no regulator on record); Denmark; limited public footprint,Med,2.1,FALSE,
903,Self Bank,self-bank,Forex Broker,Active,Unknown,Minimal,Unknown-regulated forex broker (no regulator on record); Spain; limited public footprint,Med,2.1,FALSE,
904,Sony Bank FX,sony-bank-fx,Forex Broker,Active,Unknown,Minimal,Unknown-regulated forex broker (no regulator on record); Japan; limited public footprint,Med,2.1,FALSE,
905,Sun Hung Kai Forex,sun-hung-kai-forex,Forex Broker,Active,Unknown,Minimal,Unknown-regulated forex broker (no regulator on record); Hong Kong; limited public footprint,Med,2.1,FALSE,
906,Swiss Forex Bank,swiss-forex-bank,Forex Broker,Active,Unknown,Minimal,Unknown-regulated forex broker (no regulator on record); Switzerland; limited public footprint,Med,2.1,FALSE,
907,Swiss International,swiss-international,Forex Broker,Active,Unknown,Minimal,Unknown-regulated forex broker (no regulator on record); Switzerland; limited public footprint,Med,2.1,FALSE,
908,Swiss Markets,swiss-markets,Forex Broker,Active,Unknown,Minimal,Unknown-regulated forex broker (no regulator on record); Cyprus; limited public footprint,Med,2.1,FALSE,
909,Swiss e Trade,swiss-e-trade,Forex Broker,Active,Unknown,Minimal,Unknown-regulated forex broker (no regulator on record); Switzerland; limited public footprint,Med,2.1,FALSE,
910,Swissco,swissco,Forex Broker,Active,Unknown,Minimal,Unknown-regulated forex broker (no regulator on record); Switzerland; limited public footprint,Med,2.1,FALSE,
911,Swistrade,swistrade,Forex Broker,Active,Unknown,Minimal,Unknown-regulated forex broker (no regulator on record); Switzerland; limited public footprint,Med,2.1,FALSE,
912,Targobank Brokerage,targobank-brokerage,Forex Broker,Active,Unknown,Minimal,Unknown-regulated forex broker (no regulator on record); Germany; limited public footprint,Med,2.1,FALSE,
913,UFXBank,ufxbank,Forex Broker,Active,Unknown,Minimal,Unknown-regulated forex broker (no regulator on record); Cyprus; limited public footprint,Med,2.1,FALSE,
914,UOB Bullion And Futures,uob-bullion-futures,Forex Broker,Active,Unknown,Minimal,Unknown-regulated forex broker (no regulator on record); Singapore; limited public footprint,Med,2.1,FALSE,
915,UOB Kay Hian,uob-kay-hian,Forex Broker,Active,Unknown,Minimal,Unknown-regulated forex broker (no regulator on record); Singapore; limited public footprint,Med,2.1,FALSE,
916,Union Pacific Limited,union-pacific-limited,Forex Broker,Unknown,Unknown,Minimal,old Australian forex broker; no regulation info (web-verified),Low,2.1,TRUE,
917,Valbury Capital,valbury-capital,Forex Broker,Active,Unknown,Minimal,Unknown-regulated forex broker (no regulator on record); United Kingdom; limited public footprint,Med,2.1,FALSE,
918,ViTrade,vitrade,Forex Broker,Active,Unknown,Minimal,Unknown-regulated forex broker (no regulator on record); Germany; limited public footprint,Med,2.1,FALSE,
919,WH SelfInvest,wh-selfinvest,Forex Broker,Active,Unknown,Minimal,Unknown-regulated forex broker (no regulator on record); Luxembourg; limited public footprint,Med,2.1,FALSE,
920,Weatherstone Capital,weatherstone-capital,Forex Broker,Active,Unknown,Minimal,Unknown-regulated forex broker (no regulator on record); United States; limited public footprint,Med,2.1,FALSE,
921,Zhongtai International,zhongtai-international,Forex Broker,Active,Unknown,Minimal,Unknown-regulated forex broker (no regulator on record); Hong Kong; limited public footprint,Med,2.1,FALSE,
922,actior,actior,Forex Broker,Active,Unknown,Minimal,Unknown-regulated forex broker (no regulator on record); Germany; limited public footprint,Med,2.1,FALSE,
923,swissDirekt,swissdirekt,Forex Broker,Active,Unknown,Minimal,Unknown-regulated forex broker (no regulator on record); Switzerland; limited public footprint,Med,2.1,FALSE,
924,trading-house.net,trading-house-net,Forex Broker,Active,Unknown,Minimal,Unknown-regulated forex broker (no regulator on record); Germany; limited public footprint,Med,2.1,FALSE,
925,vPE Bank,vpe-bank,Forex Broker,Active,Unknown,Minimal,Unknown-regulated forex broker (no regulator on record); Germany; limited public footprint,Med,2.1,FALSE,
926,HPC Trading,hpc-trading,Inter-dealer/Institutional,Acquired/Merged,T1,Minimal,Acquired/merged — HPC SA inter-dealer broker; Marex-acquired 2023; brand continuity uncertain,Med,2.1,TRUE,HPC SA inter-dealer broker; Marex-acquired 2023; NON-RETAIL: mislabeled for a forex directory — reclassify/relocate
927,Avivafx,avivafx,Forex Broker,Unknown,Unregulated,Minimal,"Unregulated Aviva clone, WikiFX low-score flag (web-verified)",Low,2.1,TRUE,
928,BlackHorseFX,blackhorsefx,Forex Broker,Unknown,Unregulated,Minimal,ForexPeaceArmy flagged untrusted/spam; unregulated (web-verified),Low,2.1,TRUE,
929,Blaze Markets,blaze-markets,Forex Broker,Active,Unregulated,Minimal,"offshore broker, scam-flagged by WikiFX (web-verified)",Med,2.1,FALSE,"offshore broker, scam-flagged by WikiFX"
930,Bold Prime,bold-prime,CFD Broker,Active,Unregulated,Minimal,Only Financial Commission member; no government regulator (web-verified),Med,2.1,FALSE,Only Financial Commission member; no government regulator
931,BrightWin Securities,brightwin-securities,Forex Broker,Active,Unregulated,Minimal,scam-flagged FX broker; ex US-license applicant (web-verified),Low,2.1,TRUE,
932,Brokereo,brokereo,CFD Broker,Active,Unregulated,Minimal,"offshore CFD broker, no top-tier license (web-verified)",Med,2.1,FALSE,"offshore CFD broker, no top-tier license"
933,Capital Edge,capital-edge,CFD Broker,Unknown,Unregulated,Minimal,"brokerchooser: unregulated, no top-tier license (web-verified)",Low,2.1,TRUE,
934,Caya Capital Markets,caya-capital-markets,Forex Broker,Active,Unregulated,Minimal,"flagged forex scam scheme, unregulated (web-verified)",Low,2.1,TRUE,Merged 1 duplicate row(s): Unknown
935,Dominion Markets Capital,dominion-markets-capital,Forex Broker,Active,Unregulated,Minimal,Scam-flagged; unregulated per WikiFX (web-verified),Med,2.1,FALSE,Scam-flagged; unregulated per WikiFX
936,Elland Road Capital,elland-road-capital,Forex Broker,Active,Unregulated,Minimal,Multiple scam warnings; dubious or absent regulation (web-verified),Med,2.1,FALSE,Multiple scam warnings; dubious or absent regulation
937,FinForce,finforce,Forex Broker,Unknown,Unregulated,Minimal,Reviewed FX broker; no verifiable regulation (web-verified),Low,2.1,TRUE,
938,Forex Broker Univell,forex-broker-univell,Forex Broker,Active,Unregulated,Minimal,Univell Broker (ex Forex-Broker); unregulated; scam reports (web-verified),Low,2.1,TRUE,
939,ForexElite,forexelite,Forex Broker,Active,Unregulated,Minimal,Scam-flagged (Elite Trading Academy Ltd); unregulated (web-verified),Low,2.1,TRUE,
940,GCI Financial,gci-financial,CFD Broker,Active,Unregulated,Minimal,"Established FX/CFD broker; now unregulated, scam-flagged (web-verified)",Med,2.1,FALSE,"Established FX/CFD broker; now unregulated, scam-flagged"
941,Gbtrade International,gbtrade-international,Forex Broker,Active,Unregulated,Minimal,GBTRADE Intl Worldwide Ltd; unregulated; scam warnings (web-verified),Low,2.1,TRUE,GBTRADE Intl Worldwide Ltd; unregulated; scam warnings
942,Global Clearing Group,global-clearing-group,Forex Broker,Active,Unregulated,Minimal,Obscure; likely offshore/unregulated; scam-or-legit reviews (web-verified),Low,2.1,TRUE,
943,Grand Trade,grand-trade,Forex Broker,Active,Unregulated,Minimal,WikiFX flags scam; unregulated (web-verified),Low,2.1,TRUE,
944,Intercore Financial,intercore-financial,Forex Broker,Unknown,Unregulated,Minimal,Unregulated broker; listed on scam-review site (web-verified),Low,2.1,TRUE,
945,Invest Ecapitals,invest-ecapitals,Forex Broker,Active,Unregulated,Minimal,"unlicensed broker, mass scam complaints (web-verified)",Med,2.1,FALSE,"unlicensed broker, mass scam complaints"
946,KonohaFX,konohafx,Forex Broker,Active,Unregulated,Minimal,"unlicensed konohafx.io, widely flagged scam (web-verified)",Med,2.1,FALSE,"unlicensed konohafx.io, widely flagged scam"
947,Lionstone Investment Services,lionstone-investment-services,Forex Broker,Unknown,Unregulated,Minimal,Unregulated; ForexPeaceArmy scam reports (web-verified),Low,2.1,TRUE,
948,MFFX,mffx,Forex Broker,Active,Unregulated,Minimal,MF Financial Ltd; unregulated per review sites (web-verified),Low,2.1,TRUE,MF Financial Ltd; unregulated per review sites
949,MercaForex,mercaforex,Forex Broker,Active,Unregulated,Minimal,LatAm forex broker (DailyForex); no regulator found (web-verified),Low,2.1,TRUE,LatAm forex broker (DailyForex); no regulator found
950,Nobel500,nobel500,CFD Broker,Unknown,Unregulated,Minimal,chargeback/scam complaints; unregulated (web-verified),Low,2.1,TRUE,
951,RoyalCM,royalcm,CFD Broker,Unknown,Unregulated,Minimal,offshore FX/CFD/crypto (rcmtrading); scam warnings (web-verified),Low,2.0,TRUE,
952,Sage FX,sage-fx,Forex Broker,Active,Unregulated,Minimal,unregulated offshore multi-asset broker (web-verified),Med,2.0,FALSE,
953,SetForex,setforex,Forex Broker,Active,Unregulated,Minimal,"Scam-listed, unregulated forex broker (web-verified)",Low,2.0,TRUE,"Scam-listed, unregulated forex broker"
954,Skyline Brokers,skyline-brokers,Forex Broker,Active,Unregulated,Minimal,offshore FX broker; scam-flagged (web-verified),Low,2.0,TRUE,
955,Smart Trade FX,smart-trade-fx,Forex Broker,Active,Unregulated,Minimal,"unregulated, flagged scam (web-verified)",Low,2.0,TRUE,
956,Starfish FX,starfish-fx,Forex Broker,Active,Unregulated,Minimal,"unregulated, falsely claims UK (web-verified)",Med,2.0,FALSE,"unregulated, falsely claims UK"
957,Trade Land FX,trade-land-fx,Forex Broker,Active,Unregulated,Minimal,"Unregulated, scam-flagged (WikiFX/FPA/Scamadviser) (web-verified)",Med,2.0,FALSE,
958,UnitedForex,unitedforex,Forex Broker,Active,Unregulated,Minimal,unregulated/scam-flagged; name ambiguous (web-verified),Low,2.0,TRUE,
959,UnitedPips,unitedpips,Forex Broker,Active,Unregulated,Minimal,Unregulated high-leverage broker; accepts US (web-verified),Med,2.0,FALSE,Unregulated high-leverage broker; accepts US
960,DAS Trader,das-trader,Other,Active,Unknown,Minimal,Equity/securities or multi-asset broker (non-forex focus); Unknown (no regulator on record); United States,Med,2.0,FALSE,
961,Trading Technologies (TT),trading-technologies,Other,Active,Unknown,Minimal,Equity/securities or multi-asset broker (non-forex focus); Unknown (no regulator on record); United States,Med,2.0,FALSE,
962,ACM Gold,acm-gold,Forex Broker,Active,Unknown,Minimal,Unknown-regulated forex broker (no regulator on record); South Africa; limited public footprint,Med,2.0,FALSE,
963,AIB AXYS Africa,aib-axys-africa,Forex Broker,Active,Unknown,Minimal,Unknown-regulated forex broker (no regulator on record); Africa; limited public footprint,Med,2.0,FALSE,
964,AIS Futures,ais-futures,Forex Broker,Active,Unknown,Minimal,Unknown-regulated forex broker (no regulator on record); Thailand; limited public footprint,Med,2.0,FALSE,
965,Acorn Derivatives Management,acorn-derivatives-management,Forex Broker,Active,Unknown,Minimal,Unknown-regulated forex broker (no regulator on record); International; limited public footprint,Med,2.0,FALSE,
966,Actinver,actinver,Forex Broker,Active,Unknown,Minimal,Unknown-regulated forex broker (no regulator on record); Mexico; limited public footprint,Med,2.0,FALSE,
967,Agrodana Futures,agrodana-futures,Forex Broker,Active,Unknown,Minimal,Unknown-regulated forex broker (no regulator on record); Indonesia; limited public footprint,Med,2.0,FALSE,
968,Akforex,akforex,Forex Broker,Active,Unknown,Minimal,Turkish FX brand; details unverifiable (web-verified),Low,2.0,TRUE,
969,Allaria Ledesma,allaria-ledesma,Forex Broker,Active,Unknown,Minimal,Unknown-regulated forex broker (no regulator on record); Argentina; limited public footprint,Med,2.0,FALSE,
970,Alpari FS,alpari-fs,Forex Broker,Active,Unknown,Minimal,Unknown-regulated forex broker (no regulator on record); Saint Vincent and the Grenadines; limited public footprint,Med,2.0,FALSE,
971,AlphaGrep,alphagrep,Forex Broker,Active,Unknown,Minimal,Unknown-regulated forex broker (no regulator on record); India; limited public footprint,Med,2.0,FALSE,
972,Arab Financial Brokers,arab-financial-brokers,Forex Broker,Active,Unknown,Minimal,Unknown-regulated forex broker (no regulator on record); Kuwait; limited public footprint,Med,2.0,FALSE,
973,Arab Forex Online,arab-forex-online,Forex Broker,Active,Unknown,Minimal,Unknown-regulated forex broker (no regulator on record); UAE; limited public footprint,Med,2.0,FALSE,
974,Askap Futures,askap-futures,Forex Broker,Active,Unknown,Minimal,Unknown-regulated forex broker (no regulator on record); Indonesia; limited public footprint,Med,2.0,FALSE,
975,BCS Forex,bcs-forex,Forex Broker,Active,Unknown,Minimal,Unknown-regulated forex broker (no regulator on record); Russia; limited public footprint,Med,2.0,FALSE,
976,BICE Inversiones,bice-inversiones,Forex Broker,Active,Unknown,Minimal,Unknown-regulated forex broker (no regulator on record); Chile; limited public footprint,Med,2.0,FALSE,
977,BTG Pactual Digital,btg-pactual-digital,Forex Broker,Active,Unknown,Minimal,Unknown-regulated forex broker (no regulator on record); Brazil; limited public footprint,Med,2.0,FALSE,
978,Banchile Inversiones,banchile-inversiones,Forex Broker,Active,Unknown,Minimal,Unknown-regulated forex broker (no regulator on record); Chile; limited public footprint,Med,2.0,FALSE,
979,Banco BiG,banco-big,Forex Broker,Active,Unknown,Minimal,Unknown-regulated forex broker (no regulator on record); Portugal; limited public footprint,Med,2.0,FALSE,
980,Banco Inter Invest,banco-inter-invest,Forex Broker,Active,Unknown,Minimal,Unknown-regulated forex broker (no regulator on record); Brazil; limited public footprint,Med,2.0,FALSE,
981,Banco Invest,banco-invest,Forex Broker,Active,Unknown,Minimal,Unknown-regulated forex broker (no regulator on record); Portugal; limited public footprint,Med,2.0,FALSE,
982,Berkeley Bahamas,berkeley-bahamas,Forex Broker,Active,Unknown,Minimal,Unknown-regulated forex broker (no regulator on record); Bahamas; limited public footprint,Med,2.0,FALSE,
983,Bestprofit Futures,bestprofit-futures,Forex Broker,Active,Unknown,Minimal,Unknown-regulated forex broker (no regulator on record); Indonesia; limited public footprint,Med,2.0,FALSE,
984,Blue Capital Trading,blue-capital-trading,Forex Broker,Active,Unknown,Minimal,Unknown-regulated forex broker (no regulator on record); International; limited public footprint,Med,2.0,FALSE,
985,Bonanza Portfolio,bonanza-portfolio,Forex Broker,Active,Unknown,Minimal,Unknown-regulated forex broker (no regulator on record); India; limited public footprint,Med,2.0,FALSE,
986,CGS International Malaysia,cgs-international-malaysia,Forex Broker,Active,Unknown,Minimal,Unknown-regulated forex broker (no regulator on record); Malaysia; limited public footprint,Med,2.0,FALSE,
987,CGS International Thailand,cgs-international-thailand,Forex Broker,Active,Unknown,Minimal,Unknown-regulated forex broker (no regulator on record); Thailand; limited public footprint,Med,2.0,FALSE,
988,CM Capital,cm-capital,Forex Broker,Active,Unknown,Minimal,Unknown-regulated forex broker (no regulator on record); Brazil; limited public footprint,Med,2.0,FALSE,
989,CMS Financial,cms-financial,Forex Broker,Active,Unknown,Minimal,Unknown-regulated forex broker (no regulator on record); UAE; limited public footprint,Med,2.0,FALSE,
990,Colosseum Financial Markets,colosseum-financial-markets,Forex Broker,Active,Unknown,Minimal,Unknown-regulated forex broker (no regulator on record); Czech Republic; limited public footprint,Med,2.0,FALSE,
991,DIF Broker,dif-broker,Forex Broker,Active,Unknown,Minimal,Unknown-regulated forex broker (no regulator on record); Portugal; limited public footprint,Med,2.0,FALSE,
992,Delta Stock AD,delta-stock-ad,Forex Broker,Active,Unknown,Minimal,Unknown-regulated forex broker (no regulator on record); Bulgaria; limited public footprint,Med,2.0,FALSE,
993,DeltaStock,deltastock,Forex Broker,Active,Unknown,Minimal,Unknown-regulated forex broker (no regulator on record); Bulgaria; limited public footprint,Med,2.0,FALSE,
994,ELANA Trading,elana-trading,Forex Broker,Active,Unknown,Minimal,Unknown-regulated forex broker (no regulator on record); Bulgaria; limited public footprint,Med,2.0,FALSE,
995,Equilor Trader,equilor-trader,Forex Broker,Active,Unknown,Minimal,Unknown-regulated forex broker (no regulator on record); Hungary; limited public footprint,Med,2.0,FALSE,
996,Equityworld Futures,equityworld-futures,Forex Broker,Active,Unknown,Minimal,Unknown-regulated forex broker (no regulator on record); Indonesia; limited public footprint,Med,2.0,FALSE,
997,FOREX Ukraine,forex-ukraine,Forex Broker,Active,Unknown,Minimal,Unknown-regulated forex broker (no regulator on record); Ukraine; limited public footprint,Med,2.0,FALSE,
998,FXPesa,fxpesa,Forex Broker,Active,Unknown,Minimal,Unknown-regulated forex broker (no regulator on record); Kenya; limited public footprint,Med,2.0,FALSE,
999,Finansia HERO,finansia-hero,Forex Broker,Active,Unknown,Minimal,Unknown-regulated forex broker (no regulator on record); Thailand; limited public footprint,Med,2.0,FALSE,
1000,Forex Arabia,forex-arabia,Forex Broker,Active,Unknown,Minimal,Unknown-regulated forex broker (no regulator on record); UAE; limited public footprint,Med,2.0,FALSE,
1001,Forex Turkey,forex-turkey,Forex Broker,Active,Unknown,Minimal,Unknown-regulated forex broker (no regulator on record); Turkey; limited public footprint,Med,1.9,FALSE,
1002,ForexChile,forexchile,Forex Broker,Active,Unknown,Minimal,Unknown-regulated forex broker (no regulator on record); Chile; limited public footprint,Med,1.9,FALSE,
1003,Futura Invest,futura-invest,Forex Broker,Active,Unknown,Minimal,Unknown-regulated forex broker (no regulator on record); Brazil; limited public footprint,Med,1.9,FALSE,
1004,GBM Mexico,gbm-mexico,Forex Broker,Active,Unknown,Minimal,Unknown-regulated forex broker (no regulator on record); Mexico; limited public footprint,Med,1.9,FALSE,
1005,GEPL Capital,gepl-capital,Forex Broker,Active,Unknown,Minimal,Unknown-regulated forex broker (no regulator on record); India; limited public footprint,Med,1.9,FALSE,
1006,GIB Capital,gib-capital,Forex Broker,Active,Unknown,Minimal,Unknown-regulated forex broker (no regulator on record); International; limited public footprint,Med,1.9,FALSE,
1007,Gajah Tunggal Futures,gajah-tunggal-futures,Forex Broker,Active,Unknown,Minimal,Unknown-regulated forex broker (no regulator on record); Indonesia; limited public footprint,Med,1.9,FALSE,
1008,Globalview Capital,globalview-capital,Forex Broker,Active,Unknown,Minimal,Unknown-regulated forex broker (no regulator on record); Africa; limited public footprint,Med,1.9,FALSE,
1009,Globe Capital,globe-capital,Forex Broker,Active,Unknown,Minimal,Unknown-regulated forex broker (no regulator on record); India; limited public footprint,Med,1.9,FALSE,
1010,HFM Kenya,hfm-kenya,Forex Broker,Active,Unknown,Minimal,Unknown-regulated forex broker (no regulator on record); Kenya; limited public footprint,Med,1.9,FALSE,
1011,HFX International Berjangka,hfx-international-berjangka,Forex Broker,Active,Unknown,Minimal,Unknown-regulated forex broker (no regulator on record); Indonesia; limited public footprint,Med,1.9,FALSE,
1012,In-Arabia,in-arabia,Forex Broker,Active,Unknown,Minimal,Unknown-regulated forex broker (no regulator on record); UAE; limited public footprint,Med,1.9,FALSE,
1013,InvestAZ,investaz,Forex Broker,Active,Unknown,Minimal,Unknown-regulated forex broker (no regulator on record); Azerbaijan; limited public footprint,Med,1.9,FALSE,
1014,InvestorsEurope,investorseurope,Forex Broker,Active,Unknown,Minimal,Unknown-regulated forex broker (no regulator on record); Gibraltar; limited public footprint,Med,1.9,FALSE,
1015,Inviu,inviu,Forex Broker,Active,Unknown,Minimal,Unknown-regulated forex broker (no regulator on record); Argentina; limited public footprint,Med,1.9,FALSE,
1016,JM Financial Services,jm-financial-services,Forex Broker,Active,Unknown,Minimal,Unknown-regulated forex broker (no regulator on record); India; limited public footprint,Med,1.9,FALSE,
1017,KAF Equities,kaf-equities,Forex Broker,Active,Unknown,Minimal,Unknown-regulated forex broker (no regulator on record); Malaysia; limited public footprint,Med,1.9,FALSE,
1018,KGI Futures,kgi-futures,Forex Broker,Active,Unknown,Minimal,Unknown-regulated forex broker (no regulator on record); Taiwan; limited public footprint,Med,1.9,FALSE,
1019,KTZMICO,ktzmico,Forex Broker,Active,Unknown,Minimal,Unknown-regulated forex broker (no regulator on record); Thailand; limited public footprint,Med,1.9,FALSE,
1020,KVB PRIME,kvb-prime,Forex Broker,Active,Unknown,Minimal,Unknown-regulated forex broker (no regulator on record); International; limited public footprint,Med,1.9,FALSE,Merged 1 duplicate row(s): Unknown
1021,Kharkov Dealing Center,kharkov-dealing-center,Forex Broker,Active,Unknown,Minimal,Unknown-regulated forex broker (no regulator on record); Ukraine; limited public footprint,Med,1.9,FALSE,
1022,Kiev Dealing Center,kiev-dealing-center,Forex Broker,Active,Unknown,Minimal,Unknown-regulated forex broker (no regulator on record); Ukraine; limited public footprint,Med,1.9,FALSE,
1023,Kresna Futures,kresna-futures,Forex Broker,Active,Unknown,Minimal,Unknown-regulated forex broker (no regulator on record); Indonesia; limited public footprint,Med,1.9,FALSE,
1024,Kuspit,kuspit,Forex Broker,Active,Unknown,Minimal,Unknown-regulated forex broker (no regulator on record); Mexico; limited public footprint,Med,1.9,FALSE,
1025,Kwakol Markets,kwakol-markets,Forex Broker,Active,Unknown,Minimal,Nigeria HQ; claims ASIC/NFA/FINTRAC (unverified) (web-verified),Med,1.9,FALSE,Nigeria HQ; claims ASIC/NFA/FINTRAC (unverified)
1026,LarrainVial,larrainvial,Forex Broker,Active,Unknown,Minimal,Unknown-regulated forex broker (no regulator on record); Chile; limited public footprint,Med,1.9,FALSE,
1027,London Capital Group Bahamas,lcg-bahamas,Forex Broker,Active,Unknown,Minimal,Unknown-regulated forex broker (no regulator on record); Bahamas; limited public footprint,Med,1.9,FALSE,
1028,MRG Mega Berjangka,mrg-mega-berjangka,Forex Broker,Active,Unknown,Minimal,Unknown-regulated forex broker (no regulator on record); Indonesia; limited public footprint,Med,1.9,FALSE,
1029,Manduca Trading,manduca-trading,Forex Broker,Active,Unknown,Minimal,"small US trading firm listed, unverified (web-verified)",Low,1.9,TRUE,
1030,Marwadi Shares,marwadi-shares,Forex Broker,Active,Unknown,Minimal,Unknown-regulated forex broker (no regulator on record); India; limited public footprint,Med,1.9,FALSE,
1031,Millennium Penata Futures,millennium-penata-futures,Forex Broker,Active,Unknown,Minimal,Unknown-regulated forex broker (no regulator on record); Indonesia; limited public footprint,Med,1.9,FALSE,
1032,Mirae Asset Brasil,mirae-asset-brasil,Forex Broker,Active,Unknown,Minimal,Unknown-regulated forex broker (no regulator on record); Brazil; limited public footprint,Med,1.9,FALSE,
1033,Modal DTVM,modal-dtvm,Forex Broker,Active,Unknown,Minimal,Unknown-regulated forex broker (no regulator on record); Brazil; limited public footprint,Med,1.9,FALSE,
1034,Modalmais,modalmais,Forex Broker,Active,Unknown,Minimal,Unknown-regulated forex broker (no regulator on record); Brazil; limited public footprint,Med,1.9,FALSE,
1035,Monarch Networth Capital,monarch-networth-capital,Forex Broker,Active,Unknown,Minimal,Unknown-regulated forex broker (no regulator on record); India; limited public footprint,Med,1.9,FALSE,
1036,Monex Investindo Futures,monex-investindo-futures,Forex Broker,Active,Unknown,Minimal,Unknown-regulated forex broker (no regulator on record); Indonesia; limited public footprint,Med,1.9,FALSE,
1037,NuInvest,nuinvest,Forex Broker,Active,Unknown,Minimal,Unknown-regulated forex broker (no regulator on record); Brazil; limited public footprint,Med,1.9,FALSE,
1038,OnePro Global,onepro-global,Forex Broker,Active,Unknown,Minimal,Unknown-regulated forex broker (no regulator on record); International; limited public footprint,Med,1.9,FALSE,
1039,Open Broker,open-broker,Forex Broker,Active,Unknown,Minimal,Unknown-regulated forex broker (no regulator on record); Russia; limited public footprint,Med,1.9,FALSE,
1040,Orama,orama,Forex Broker,Active,Unknown,Minimal,Unknown-regulated forex broker (no regulator on record); Brazil; limited public footprint,Med,1.9,FALSE,
1041,PSB Forex,psb-forex,Forex Broker,Active,Unknown,Minimal,Unknown-regulated forex broker (no regulator on record); Russia; limited public footprint,Med,1.9,FALSE,
1042,Patria Forex,patria-forex,Forex Broker,Active,Unknown,Minimal,Unknown-regulated forex broker (no regulator on record); Czech Republic; limited public footprint,Med,1.9,FALSE,
1043,Phillip Capital Malaysia,phillip-capital-malaysia,Forex Broker,Active,Unknown,Minimal,Unknown-regulated forex broker (no regulator on record); Malaysia; limited public footprint,Med,1.9,FALSE,
1044,Phillip Futures Indonesia,phillip-futures-indonesia,Forex Broker,Active,Unknown,Minimal,Unknown-regulated forex broker (no regulator on record); Indonesia; limited public footprint,Med,1.9,FALSE,
1045,PhillipCapital Thailand Futures,phillipcapital-thailand-futures,Forex Broker,Active,Unknown,Minimal,Unknown-regulated forex broker (no regulator on record); Thailand; limited public footprint,Med,1.9,FALSE,
1046,Prabhudas Lilladher,prabhudas-lilladher,Forex Broker,Active,Unknown,Minimal,Unknown-regulated forex broker (no regulator on record); India; limited public footprint,Med,1.9,FALSE,
1047,Prima Markets,prima-markets,Forex Broker,Active,Unknown,Minimal,Unknown-regulated forex broker (no regulator on record); International; limited public footprint,Med,1.9,FALSE,
1048,Public Invest,public-invest,Forex Broker,Active,Unknown,Minimal,Unknown-regulated forex broker (no regulator on record); Malaysia; limited public footprint,Med,1.9,FALSE,
1049,QNB Invest,qnb-invest,Forex Broker,Active,Unknown,Minimal,Unknown-regulated forex broker (no regulator on record); Turkey; limited public footprint,Med,1.9,FALSE,
1050,RBC Forex,rbc-forex,Forex Broker,Active,Unknown,Minimal,Unknown-regulated forex broker (no regulator on record); Russia; limited public footprint,Med,1.9,FALSE,
1051,Rakuten Trade,rakuten-trade-malaysia,Forex Broker,Active,Unknown,Minimal,Unknown-regulated forex broker (no regulator on record); Malaysia; limited public footprint,Med,1.8,FALSE,
1052,Renesource Capital,renesource-capital,Forex Broker,Active,Unknown,Minimal,Unknown-regulated forex broker (no regulator on record); Latvia; limited public footprint,Med,1.8,FALSE,
1053,Renta 4 Chile,renta-4-chile,Forex Broker,Active,Unknown,Minimal,Unknown-regulated forex broker (no regulator on record); Chile; limited public footprint,Med,1.8,FALSE,
1054,Rietumu Trading,rietumu-trading,Forex Broker,Active,Unknown,Minimal,Unknown-regulated forex broker (no regulator on record); Latvia; limited public footprint,Med,1.8,FALSE,
1055,Rifan Financindo Berjangka,rifan-financindo-berjangka,Forex Broker,Active,Unknown,Minimal,Unknown-regulated forex broker (no regulator on record); Indonesia; limited public footprint,Med,1.8,FALSE,
1056,Russian Dealing Center,russian-dealing-center,Forex Broker,Active,Unknown,Minimal,Unknown-regulated forex broker (no regulator on record); Russia; limited public footprint,Med,1.8,FALSE,
1057,SDIC Essence Futures,sdic-essence-futures,Forex Broker,Active,Unknown,Minimal,Unknown-regulated forex broker (no regulator on record); China; limited public footprint,Med,1.8,FALSE,
1058,Sembank,sembank,Forex Broker,Active,Unknown,Minimal,Unknown-regulated forex broker (no regulator on record); Russia; limited public footprint,Med,1.8,FALSE,
1059,ServisInform,servisinform,Forex Broker,Active,Unknown,Minimal,Unknown-regulated forex broker (no regulator on record); Russia; limited public footprint,Med,1.8,FALSE,
1060,Shriram Insight,shriram-insight,Forex Broker,Active,Unknown,Minimal,Unknown-regulated forex broker (no regulator on record); India; limited public footprint,Med,1.8,FALSE,
1061,Soegee Futures,soegee-futures,Forex Broker,Active,Unknown,Minimal,Unknown-regulated forex broker (no regulator on record); Indonesia; limited public footprint,Med,1.8,FALSE,
1062,Solid Gold Berjangka,solid-gold-berjangka,Forex Broker,Active,Unknown,Minimal,Unknown-regulated forex broker (no regulator on record); Indonesia; limited public footprint,Med,1.8,FALSE,
1063,Swastika Investmart,swastika-investmart,Forex Broker,Active,Unknown,Minimal,Unknown-regulated forex broker (no regulator on record); India; limited public footprint,Med,1.8,FALSE,
1064,Tadawul FX,tadawul-fx,Forex Broker,Active,Unknown,Minimal,Unknown-regulated forex broker (no regulator on record); Saudi Arabia; limited public footprint,Med,1.8,FALSE,
1065,Topgrowth Futures,topgrowth-futures,Forex Broker,Active,Unknown,Minimal,Unknown-regulated forex broker (no regulator on record); Indonesia; limited public footprint,Med,1.8,FALSE,
1066,Trade The Matrix,trade-the-matrix,Forex Broker,Active,Unknown,Minimal,Unknown-regulated forex broker (no regulator on record); International; limited public footprint,Med,1.8,FALSE,
1067,TradersChoiceFX,traderschoicefx,Forex Broker,Unknown,Unknown,Minimal,US Massachusetts forex introducing broker (Alex Nekritin) (web-verified),Med,1.8,FALSE,
1068,Trijaya Pratama Futures,trijaya-pratama-futures,Forex Broker,Active,Unknown,Minimal,Unknown-regulated forex broker (no regulator on record); Indonesia; limited public footprint,Med,1.8,FALSE,
1069,UOB Kay Hian Indonesia,uob-kay-hian-indonesia,Forex Broker,Active,Unknown,Minimal,Unknown-regulated forex broker (no regulator on record); Indonesia; limited public footprint,Med,1.8,FALSE,
1070,UOB Kay Hian Malaysia,uob-kay-hian-malaysia,Forex Broker,Active,Unknown,Minimal,Unknown-regulated forex broker (no regulator on record); Malaysia; limited public footprint,Med,1.8,FALSE,
1071,United Markets Information Syndicate,united-markets-information-syndicate,Forex Broker,Active,Unknown,Minimal,Unknown-regulated forex broker (no regulator on record); Russia; limited public footprint,Med,1.8,FALSE,
1072,Valbury Asia Futures,valbury-asia-futures,Forex Broker,Active,Unknown,Minimal,Unknown-regulated forex broker (no regulator on record); Indonesia; limited public footprint,Med,1.8,FALSE,
1073,Wallfort Financial Services,wallfort-financial-services,Forex Broker,Active,Unknown,Minimal,Unknown-regulated forex broker (no regulator on record); India; limited public footprint,Med,1.8,FALSE,
1074,XTB MENA,xtb-mena,Forex Broker,Active,Unknown,Minimal,Unknown-regulated forex broker (no regulator on record); UAE; limited public footprint,Med,1.8,FALSE,
1075,Yongan Futures,yongan-futures,Forex Broker,Active,Unknown,Minimal,Unknown-regulated forex broker (no regulator on record); China; limited public footprint,Med,1.8,FALSE,
1076,Yuanta Futures Thailand,yuanta-futures-thailand,Forex Broker,Active,Unknown,Minimal,Unknown-regulated forex broker (no regulator on record); Thailand; limited public footprint,Med,1.8,FALSE,
1077,AAAECN,aaaecn,Forex Broker,Unknown,Unknown,Minimal,offshore ECN broker; scam-recovery listings; regulation unverified (web-verified),Low,1.8,TRUE,
1078,AB Forex Company,ab-forex-company,Forex Broker,Active,Unknown,Minimal,name implies forex; otherwise unverifiable (web-verified),Low,1.8,TRUE,
1079,AFB FX,afb-fx,Forex Broker,Active,Unknown,Minimal,"small retail FX broker, regulation unverifiable (web-verified)",Low,1.8,TRUE,
1080,AFT FX,aft-fx,Forex Broker,Active,Unknown,Minimal,WikiFX-listed only; no verifiable regulation (web-verified),Low,1.8,TRUE,Merged 1 duplicate row(s): Unknown
1081,AMIFOX Brokerhouse,amifox-brokerhouse,Forex Broker,Active,Unknown,Minimal,Only obscure broker-review listing; unverifiable (web-verified),Low,1.8,TRUE,
1082,ARK World Market,ark-world-market,Forex Broker,Active,Unknown,Minimal,bare FX-broker directory listing; unverifiable (web-verified),Low,1.8,TRUE,Merged 1 duplicate row(s): Unknown
1083,Adrenalin Forex,adrenalin-forex,Forex Broker,Active,Unknown,Minimal,unverifiable (web-verified),Low,1.8,TRUE,
1084,Advanced Futures,advanced-futures,Forex Broker,Active,Unknown,Minimal,Unverifiable; conflated with Advantage Futures (web-verified),Low,1.8,TRUE,
1085,Alipes Forex Trading Services,alipes-forex-trading-services,Forex Broker,Active,Unknown,Minimal,"listed FX broker, specifics unverifiable (web-verified)",Low,1.8,TRUE,
1086,AssistForex,assistforex,Forex Broker,Active,Unknown,Minimal,Only in forex-broker list; unverifiable (web-verified),Low,1.8,TRUE,
1087,BIP Trading,bip-trading,Forex Broker,Active,Unknown,Minimal,unverifiable (web-verified),Low,1.8,TRUE,
1088,BNFX,bnfx,Forex Broker,Unknown,Unknown,Minimal,"small FX broker, details unverifiable (web-verified)",Low,1.8,TRUE,
1089,BeamFX,beamfx,Forex Broker,Unknown,Unknown,Minimal,Review-site-listed small broker; regulation unverifiable (web-verified),Low,1.8,TRUE,
1090,Bearman Forex,bearman-forex,Forex Broker,Active,Unknown,Minimal,Minimal footprint; unverifiable (web-verified),Low,1.8,TRUE,
1091,Black Stone Trading & Investment,black-stone-trading-investment,Forex Broker,Active,Unknown,Minimal,"obscure FX brand, unverified (web-verified)",Low,1.8,TRUE,
1092,CA Markets,ca-markets,Forex Broker,Active,Unknown,Minimal,Review-listed broker; regulation and country unclear (web-verified),Low,1.8,TRUE,Review-listed broker; regulation and country unclear
1093,CFD Market,cfd-market,CFD Broker,Active,Unknown,Minimal,Name implies CFD broker; unverifiable (web-verified),Low,1.8,TRUE,Merged 1 duplicate row(s): Unknown
1094,Capital Group LIFE,capital-group-life,Forex Broker,Unknown,Unknown,Minimal,Only found in forex-broker directory listing (web-verified),Low,1.8,TRUE,
1095,Capital Standard Corporation,capital-standard-corporation,Forex Broker,Unknown,Unknown,Minimal,Listed on forex-broker directory; otherwise unverifiable (web-verified),Low,1.8,TRUE,
1096,Charter FX,charter-fx,Forex Broker,Active,Unknown,Minimal,unverifiable (web-verified),Low,1.8,TRUE,
1097,Dealing City,dealing-city,Forex Broker,Unknown,Unknown,Minimal,"obscure trading brand, unverifiable (web-verified)",Low,1.8,TRUE,
1098,Dealing24,dealing24,Forex Broker,Unknown,Unknown,Minimal,"obscure; 2012-era broker listing, unverified (web-verified)",Low,1.8,TRUE,
1099,DfxTrade,dfxtrade,Forex Broker,Unknown,Unknown,Minimal,"older retail FX broker, details unverifiable (web-verified)",Low,1.8,TRUE,
1100,ECI Invest,eci-invest,Forex Broker,Unknown,Unknown,Minimal,only aggregator forex listing; otherwise unverifiable (web-verified),Low,1.8,TRUE,
1101,ECN Market,ecn-market,Forex Broker,Active,Unknown,Minimal,"name implies FX broker, unverifiable (web-verified)",Low,1.7,TRUE,
1102,ECN Trade Capital Market,ecn-trade-capital-market,Forex Broker,Active,Unknown,Minimal,closest match ECN Trade (Australia); exact entity unverified (web-verified),Low,1.7,TRUE,
1103,EFX Financial,efx-financial,Forex Broker,Unknown,Unknown,Minimal,WikiFX-listed EFX; details unverifiable (web-verified),Low,1.7,TRUE,
1104,EU Trade,eu-trade,CFD Broker,Active,Unknown,Minimal,"not top-tier regulated, untrustworthy (web-verified)",Med,1.7,FALSE,"not top-tier regulated, untrustworthy"
1105,Emporium Capital,emporium-capital,Forex Broker,Active,Unknown,Minimal,WikiFX/FPA reviewed; regulation unverified (web-verified),Low,1.7,TRUE,WikiFX/FPA reviewed; regulation unverified
1106,Everybody FX,everybody-fx,Forex Broker,Active,Unknown,Minimal,listed on forex broker directory only (web-verified),Low,1.7,TRUE,Merged 1 duplicate row(s): Unknown
1107,FX Dealer,fx-dealer,Forex Broker,Active,Unknown,Minimal,unverifiable (web-verified),Low,1.7,TRUE,
1108,FX Financial Group,fx-financial-group,Forex Broker,Active,Unknown,Minimal,unverifiable (web-verified),Low,1.7,TRUE,
1109,FXBEST,fxbest,Forex Broker,Unknown,Unknown,Minimal,"name implies FX broker, unverifiable (web-verified)",Low,1.7,TRUE,
1110,FXLive Capital,fxlive-capital,Forex Broker,Unknown,Unknown,Minimal,obscure offshore forex broker; scam-review listings (web-verified),Low,1.7,TRUE,
1111,FXSalt,fxsalt,Forex Broker,Unknown,Unknown,Minimal,Small review-listed broker; regulation/country unverifiable (web-verified),Low,1.7,TRUE,
1112,FXSway,fxsway,Forex Broker,Active,Unknown,Minimal,Reviews question regulation; unverified (web-verified),Low,1.7,TRUE,Reviews question regulation; unverified
1113,Foremost Forex,foremost-forex,Forex Broker,Active,Unknown,Minimal,"name implies FX broker, unverifiable (web-verified)",Low,1.7,TRUE,
1114,Forex AZ,forex-az,Forex Broker,Active,Unknown,Minimal,WikiFX-listed; regulation/country unverified (web-verified),Low,1.7,TRUE,
1115,Forex Capital Inc,forex-capital-inc,Forex Broker,Active,Unknown,Minimal,Generic name; specific entity unverifiable (web-verified),Low,1.7,TRUE,
1116,Forex Day Trading,forex-day-trading,Forex Broker,Active,Unknown,Minimal,"unverifiable; generic term, no distinct brand (web-verified)",Low,1.7,TRUE,
1117,Forex Ltd,forex-ltd,Forex Broker,Active,Unknown,Minimal,Name-only; unverifiable (web-verified),Low,1.7,TRUE,
1118,Forex Trading First,forex-trading-first,Forex Broker,Active,Unknown,Minimal,unverifiable (web-verified),Low,1.7,TRUE,
1119,Forex Trading Scout,forex-trading-scout,Forex Broker,Active,Unknown,Minimal,bare directory listing; unverifiable (web-verified),Low,1.7,TRUE,
1120,ForexPark,forexpark,Forex Broker,Active,Unknown,Minimal,Unverifiable; no distinct records found (web-verified),Low,1.7,TRUE,
1121,FxCompany,fxcompany,Forex Broker,Unknown,Unknown,Minimal,"obscure FX broker, details unverifiable (web-verified)",Low,1.7,TRUE,
1122,GTL Forex,gtl-forex,Forex Broker,Active,Unknown,Minimal,Global Tradewaves Ltd; obscure/old broker (web-verified),Low,1.7,TRUE,
1123,Genforex,genforex,Forex Broker,Active,Unknown,Minimal,unverifiable (web-verified),Low,1.7,TRUE,
1124,GloCap Markets,glocap-markets,Forex Broker,Active,Unknown,Minimal,Only found in forex-broker directory listing (web-verified),Low,1.7,TRUE,
1125,Global Trading Stations,global-trading-stations,Forex Broker,Active,Unknown,Minimal,no verifiable footprint; unverifiable (web-verified),Low,1.7,TRUE,
1126,Goldberg Forex Group,goldberg-forex-group,Forex Broker,Active,Unknown,Minimal,name implies forex; otherwise unverifiable (web-verified),Low,1.7,TRUE,
1127,Golder Markets,golder-markets,Forex Broker,Active,Unknown,Minimal,unverifiable (web-verified),Low,1.7,TRUE,
1128,Hupro FX,hupro-fx,Forex Broker,Active,Unknown,Minimal,unverifiable (web-verified),Low,1.7,TRUE,
1129,IGTFX,igtfx,Forex Broker,Unknown,Unknown,Minimal,Investment Gate Trade ECN broker; obscure (web-verified),Low,1.7,TRUE,
1130,IK Trust,ik-trust,Forex Broker,Unknown,Unknown,Minimal,listed broker (iktrust.com); details unverified (web-verified),Low,1.7,TRUE,
1131,IP Forex,ip-forex,Forex Broker,Active,Unknown,Minimal,ipforex.com; no verifiable regulation (web-verified),Low,1.7,TRUE,
1132,Ideal World Forex,ideal-world-forex,Forex Broker,Active,Unknown,Minimal,unverifiable (web-verified),Low,1.7,TRUE,
1133,IjenFX,ijenfx,Forex Broker,Unknown,Unknown,Minimal,Only found in forex-broker directory listing (web-verified),Low,1.7,TRUE,
1134,Intel FX,intel-fx,Forex Broker,Active,Unknown,Minimal,obscure micro-broker; aggregator-only listings (web-verified),Low,1.7,TRUE,
1135,Liquid Markets,liquid-markets,Forex Broker,Active,Unknown,Minimal,ambiguous; multiple 'Liquid' brands (web-verified),Low,1.7,TRUE,
1136,Lucror FX,lucror-fx,Forex Broker,Active,Unknown,Minimal,"retail FX broker (lucrorltd.com), reg unverified (web-verified)",Low,1.7,TRUE,
1137,Mezan Trade,mezan-trade,Forex Broker,Active,Unknown,Minimal,unverifiable (web-verified),Low,1.7,TRUE,
1138,Murphy & Williams Financial Group,murphy-williams-financial-group,Forex Broker,Unknown,Unknown,Minimal,"obscure FX broker (MW Headway), unverified (web-verified)",Low,1.7,TRUE,
1139,NTB FX,ntb-fx,Forex Broker,Active,Unknown,Minimal,unverifiable (web-verified),Low,1.7,TRUE,
1140,New Era Financial Group,new-era-financial-group,Forex Broker,Unknown,Unknown,Minimal,obscure forex brand newerainv.com; ambiguous name (web-verified),Low,1.7,TRUE,
1141,OKT FX,okt-fx,Forex Broker,Active,Unknown,Minimal,unverifiable (web-verified),Low,1.7,TRUE,
1142,Premier Investments FXPremier,premier-investments-fxpremier,Forex Broker,Unknown,Unknown,Minimal,"listed FX broker, unverified reg (web-verified)",Low,1.7,TRUE,
1143,Providencial FX,providencial-fx,Forex Broker,Active,Unknown,Minimal,Only found in forex-broker directory listing (web-verified),Low,1.7,TRUE,
1144,Real Forex,real-forex,Forex Broker,Active,Unknown,Minimal,"older retail FX broker, reg unverified (web-verified)",Low,1.7,TRUE,
1145,Real Stream Trading,real-stream-trading,Forex Broker,Active,Unknown,Minimal,unverifiable (web-verified),Low,1.7,TRUE,
1146,Shaw Markets,shaw-markets,Forex Broker,Active,Unknown,Minimal,Name implies broker; unverifiable (web-verified),Low,1.7,TRUE,
1147,SparenFX,sparenfx,Forex Broker,Unknown,Unknown,Minimal,"listed among FX brokers, details unverifiable (web-verified)",Low,1.7,TRUE,
1148,SystemForex,systemforex,Forex Broker,Active,Unknown,Minimal,Only empty myfxbook broker listing; no data (web-verified),Low,1.7,TRUE,
1149,Top Star Development,top-star-development,Forex Broker,Unknown,Unknown,Minimal,Listed on forex-broker directory; otherwise unverifiable (web-verified),Low,1.7,TRUE,
1150,Trade Club,trade-club,Forex Broker,Active,Unknown,Minimal,"unverifiable; ambiguous name, only similar-named scam warnings (web-verified)",Low,1.7,TRUE,
1151,Uni FX,uni-fx,Forex Broker,Active,Unknown,Minimal,WikiFX-listed (Unifx); regulation unverified (web-verified),Low,1.6,TRUE,WikiFX-listed (Unifx); regulation unverified
1152,Union Forex,union-forex,Forex Broker,Active,Unknown,Minimal,unverifiable; no clear footprint (web-verified),Low,1.6,TRUE,
1153,VTLFOREX,vtlforex,Forex Broker,Active,Unknown,Minimal,vtlforex.com live; details unverifiable (web-verified),Low,1.6,TRUE,
1154,WSBrokers,wsbrokers,Forex Broker,Unknown,Unknown,Minimal,old Wall Street Brokers; aggregator-only listings (web-verified),Low,1.6,TRUE,
1155,Westbury Capital,westbury-capital,Forex Broker,Unknown,Unknown,Minimal,listed on forex broker directory only (web-verified),Low,1.6,TRUE,
1156,forex47,forex47,Forex Broker,Active,Unknown,Minimal,"name implies FX broker, unverifiable (web-verified)",Low,1.6,TRUE,
1157,xDirect,xdirect,Forex Broker,Unknown,Unknown,Minimal,"retail FX broker, regulation/country unverifiable (web-verified)",Low,1.6,TRUE,
1158,Optimas Capital,optimas-capital,Other,License revoked/Regulatory action,T1,Low,Regulatory action — HK SFC-licensed asset manager; fined US$1.05m 2021; retained for record,Med,1.6,TRUE,HK SFC-licensed asset manager; fined US$1.05m 2021
1159,Scope Prime,scope-prime,Inter-dealer/Institutional,Active,T2,Minimal,Institutional/non-retail (T2 (research)) — finance profile but negligible retail broker-review demand; flag reclassify,Med,1.6,TRUE,"institutional liquidity/prime, Scope Markets; NON-RETAIL: mislabeled for a forex directory — reclassify/relocate"
1160,FlexTrade,flextrade,Other,Active,Unknown,Minimal,Equity/securities or multi-asset broker (non-forex focus); Unknown (no regulator on record); United States,Med,1.6,FALSE,
1161,RealTick (Eze EMS),realtick-eze,Other,Active,Unknown,Minimal,Equity/securities or multi-asset broker (non-forex focus); Unknown (no regulator on record); United States,Med,1.6,FALSE,
1162,Sterling Trading Tech,sterling-trading-tech,Other,Active,Unknown,Minimal,Equity/securities or multi-asset broker (non-forex focus); Unknown (no regulator on record); United States,Med,1.6,FALSE,
1163,Takion Technologies,takion-technologies,Other,Active,Unknown,Minimal,Equity/securities or multi-asset broker (non-forex focus); Unknown (no regulator on record); United States,Med,1.6,FALSE,
1164,Banxso,banxso,CFD Broker,License revoked/Regulatory action,T2,Low,"Regulatory action — FSCA withdrew license, deepfake-ad scandal; retained for record",High,1.6,TRUE,"FSCA withdrew license, deepfake-ad scandal"
1165,Veracity Markets,veracity-markets,Forex Broker,License revoked/Regulatory action,T2,Low,Regulatory action — FSCA stop-order; unlicensed for CFDs (SA); retained for record,High,1.6,TRUE,FSCA stop-order; unlicensed for CFDs (SA)
1166,GFI Group,gfi-group,Inter-dealer/Institutional,Acquired/Merged,Unknown,Minimal,Acquired/merged — Acquired by BGC Partners (2016); brand continuity uncertain,High,1.6,TRUE,Acquired by BGC Partners (2016); NON-RETAIL: mislabeled for a forex directory — reclassify/relocate
1167,BinaryCent,binarycent,Other,Active,Offshore,Minimal,"Binary options, CFTC RED List, offshore (web-verified)",Med,1.6,FALSE,"Binary options, CFTC RED List, offshore"
1168,Binomo,binomo,Other,Active,Offshore,Minimal,binary/fixed-time options; Dolphin Corp SVG; regulator warnings (web-verified),High,1.6,FALSE,binary/fixed-time options; Dolphin Corp SVG; regulator warnings
1169,ForexCopy System,forexcopy-system,Other,Active,Offshore,Minimal,InstaForex copy-trading service (web-verified),Med,1.6,FALSE,InstaForex copy-trading service
1170,Pocket Option,pocket-option,Other,Active,Offshore,Minimal,binary options; Marshall Islands; CFTC-flagged (web-verified),Med,1.6,FALSE,binary options; Marshall Islands; CFTC-flagged
1171,Quotex,quotex,Other,Active,Offshore,Minimal,Binary options; ON SPOT LLC St Kitts; CFTC RED-list (web-verified),High,1.6,FALSE,Binary options; ON SPOT LLC St Kitts; CFTC RED-list
1172,Trillium Trading,trillium-trading,Inter-dealer/Institutional,Active,Unknown,Minimal,Institutional/non-retail (no regulator on record) — finance profile but negligible retail broker-review demand; flag reclassify,Med,1.6,TRUE,NON-RETAIL: mislabeled for a forex directory — reclassify/relocate
1173,Securities Africa,securities-africa,Other,Active,Unknown,Minimal,Equity/securities or multi-asset broker (non-forex focus); Unknown (FSB / SEC); South Africa,Med,1.6,FALSE,
1174,Internaxx Bank,internaxx-bank,Forex Broker,Acquired/Merged,Unknown,Minimal,Acquired/merged — Rebranded/merged into Swissquote Luxembourg; brand continuity uncertain,High,1.6,TRUE,Rebranded/merged into Swissquote Luxembourg
1175,RaceOption,raceoption,Other,Active,Offshore,Minimal,"offshore binary options broker, unregulated (web-verified)",Low,1.6,TRUE,"offshore binary options broker, unregulated"
1176,Newedge,newedge,Inter-dealer/Institutional,Acquired/Merged,Unknown,Minimal,Acquired/merged — Merged into Societe Generale (2015); brand continuity uncertain,High,1.6,TRUE,Merged into Societe Generale (2015); NON-RETAIL: mislabeled for a forex directory — reclassify/relocate
1177,CloseOption,closeoption,Other,Active,Unregulated,Minimal,"Georgia binary options, CFTC Red List (web-verified)",High,1.6,FALSE,"Georgia binary options, CFTC Red List"
1178,CompassFX,compassfx,Other,Active,Unregulated,Minimal,forex training/mentoring + IB; not a broker (web-verified),Med,1.6,FALSE,forex training/mentoring + IB; not a broker
1179,Corsa Capital Investments,corsa-capital-investments,Other,Active,Unregulated,Minimal,Russian unregulated binary-options platform (web-verified),Med,1.6,FALSE,Russian unregulated binary-options platform
1180,BlueMountain Capital,bluemountain-capital,Inter-dealer/Institutional,Active,Unknown,Minimal,Institutional/non-retail (no regulator on record) — finance profile but negligible retail broker-review demand; flag reclassify,Med,1.6,TRUE,NON-RETAIL: mislabeled for a forex directory — reclassify/relocate
1181,Bluefin Trading,bluefin-trading,Inter-dealer/Institutional,Active,Unknown,Minimal,Institutional/non-retail (no regulator on record) — finance profile but negligible retail broker-review demand; flag reclassify,Med,1.6,TRUE,NON-RETAIL: mislabeled for a forex directory — reclassify/relocate
1182,Bracebridge Capital,bracebridge-capital,Inter-dealer/Institutional,Active,Unknown,Minimal,Institutional/non-retail (no regulator on record) — finance profile but negligible retail broker-review demand; flag reclassify,Med,1.6,TRUE,NON-RETAIL: mislabeled for a forex directory — reclassify/relocate
1183,Cutler Group,cutler-group,Inter-dealer/Institutional,Active,Unknown,Minimal,Institutional/non-retail (no regulator on record) — finance profile but negligible retail broker-review demand; flag reclassify,Med,1.6,TRUE,NON-RETAIL: mislabeled for a forex directory — reclassify/relocate
1184,Great Point Capital,great-point-capital,Inter-dealer/Institutional,Active,Unknown,Minimal,Institutional/non-retail (no regulator on record) — finance profile but negligible retail broker-review demand; flag reclassify,Med,1.6,TRUE,NON-RETAIL: mislabeled for a forex directory — reclassify/relocate
1185,HRT Futures,hrt-futures,Inter-dealer/Institutional,Active,Unknown,Minimal,Institutional/non-retail (no regulator on record) — finance profile but negligible retail broker-review demand; flag reclassify,Med,1.6,TRUE,NON-RETAIL: mislabeled for a forex directory — reclassify/relocate
1186,Lucid Trading,lucid-trading,Inter-dealer/Institutional,Active,Unknown,Minimal,Institutional/non-retail (no regulator on record) — finance profile but negligible retail broker-review demand; flag reclassify,Med,1.6,TRUE,NON-RETAIL: mislabeled for a forex directory — reclassify/relocate
1187,Quantitative Brokers,quantitative-brokers,Inter-dealer/Institutional,Active,Unknown,Minimal,Institutional/non-retail (no regulator on record) — finance profile but negligible retail broker-review demand; flag reclassify,Med,1.6,TRUE,NON-RETAIL: mislabeled for a forex directory — reclassify/relocate
1188,Seven Points Capital,seven-points-capital,Inter-dealer/Institutional,Active,Unknown,Minimal,Institutional/non-retail (no regulator on record) — finance profile but negligible retail broker-review demand; flag reclassify,Med,1.6,TRUE,NON-RETAIL: mislabeled for a forex directory — reclassify/relocate
1189,AgenBolsa,agenbolsa,Other,Unknown,Unknown,Minimal,Spanish equities/CFD broker (Rankia/X-Trader); regulator/status unverified (web-verified),Low,1.6,TRUE,
1190,Brokeree Solutions,brokeree-solutions,Other,Active,Unknown,Minimal,Equity/securities or multi-asset broker (non-forex focus); Unknown (no regulator on record); Estonia,Med,1.6,FALSE,
1191,CGS International Securities,cgs-international-securities,Other,Active,Unknown,Minimal,Equity/securities or multi-asset broker (non-forex focus); Unknown (no regulator on record); Singapore,Med,1.6,FALSE,
1192,CQG,cqg,Other,Active,Unknown,Minimal,Equity/securities or multi-asset broker (non-forex focus); Unknown (no regulator on record); United States,Med,1.6,FALSE,
1193,Chief Securities,chief-securities,Other,Active,Unknown,Minimal,Equity/securities or multi-asset broker (non-forex focus); Unknown (no regulator on record); Hong Kong,Med,1.6,FALSE,
1194,Collective2,collective2,Other,Active,Unknown,Minimal,Equity/securities or multi-asset broker (non-forex focus); Unknown (no regulator on record); United States,Med,1.6,FALSE,
1195,DEGIRO UK,degiro-uk,Other,Active,Unknown,Minimal,Equity/securities or multi-asset broker (non-forex focus); Unknown (no regulator on record); United Kingdom,Med,1.6,FALSE,Equities/neobroker — minimal retail FX; confirm relevance to forex roadmap
1196,Devexperts,devexperts,Other,Active,Unknown,Minimal,Equity/securities or multi-asset broker (non-forex focus); Unknown (no regulator on record); Germany,Med,1.6,FALSE,
1197,EdgeProX,edgeprox,Other,Active,Unknown,Minimal,Equity/securities or multi-asset broker (non-forex focus); Unknown (no regulator on record); United States,Med,1.6,FALSE,
1198,Emperor Securities,emperor-securities,Other,Active,Unknown,Minimal,Equity/securities or multi-asset broker (non-forex focus); Unknown (no regulator on record); Hong Kong,Med,1.6,FALSE,
1199,Endowus,endowus,Other,Active,Unknown,Minimal,Equity/securities or multi-asset broker (non-forex focus); Unknown (no regulator on record); Singapore,Med,1.6,FALSE,Equities/neobroker — minimal retail FX; confirm relevance to forex roadmap
1200,FSMOne,fsmone,Other,Active,Unknown,Minimal,Equity/securities or multi-asset broker (non-forex focus); Unknown (no regulator on record); Singapore,Med,1.6,FALSE,Equities/neobroker — minimal retail FX; confirm relevance to forex roadmap
1201,Fukuoka Financial Group Securities,fukuoka-financial-group-securities,Other,Active,Unknown,Minimal,Equity/securities or multi-asset broker (non-forex focus); Unknown (no regulator on record); Japan,Med,1.5,FALSE,
1202,Hirogin Securities,hirogin-securities,Other,Active,Unknown,Minimal,Equity/securities or multi-asset broker (non-forex focus); Unknown (no regulator on record); Japan,Med,1.5,FALSE,
1203,Ichiyoshi Securities,ichiyoshi-securities,Other,Active,Unknown,Minimal,Equity/securities or multi-asset broker (non-forex focus); Unknown (no regulator on record); Japan,Med,1.5,FALSE,
1204,Integral,integral,Other,Active,Unknown,Minimal,Equity/securities or multi-asset broker (non-forex focus); Unknown (no regulator on record); United States,Med,1.5,FALSE,
1205,JustTrade,justtrade,Other,Active,Unknown,Minimal,Equity/securities or multi-asset broker (non-forex focus); Unknown (no regulator on record); Germany,Med,1.5,FALSE,Equities/neobroker — minimal retail FX; confirm relevance to forex roadmap
1206,KGI Securities Singapore,kgi-securities-singapore,Other,Active,Unknown,Minimal,Equity/securities or multi-asset broker (non-forex focus); Unknown (no regulator on record); Singapore,Med,1.5,FALSE,
1207,Kingston Securities,kingston-securities,Other,Active,Unknown,Minimal,Equity/securities or multi-asset broker (non-forex focus); Unknown (no regulator on record); Hong Kong,Med,1.5,FALSE,
1208,Kokusai Securities,kokusai-securities,Other,Active,Unknown,Minimal,Equity/securities or multi-asset broker (non-forex focus); Unknown (no regulator on record); Japan,Med,1.5,FALSE,
1209,Kyokuto Securities,kyokuto-securities,Other,Active,Unknown,Minimal,Equity/securities or multi-asset broker (non-forex focus); Unknown (no regulator on record); Japan,Med,1.5,FALSE,
1210,Lim & Tan Securities,lim-tan-securities,Other,Active,Unknown,Minimal,Equity/securities or multi-asset broker (non-forex focus); Unknown (no regulator on record); Singapore,Med,1.5,FALSE,
1211,Marusan Securities,marusan-securities,Other,Active,Unknown,Minimal,Equity/securities or multi-asset broker (non-forex focus); Unknown (no regulator on record); Japan,Med,1.5,FALSE,
1212,Matsui Securities,matsui-securities,Other,Active,Unknown,Minimal,Equity/securities or multi-asset broker (non-forex focus); Unknown (no regulator on record); Japan,Med,1.5,FALSE,
1213,Maybank Securities,maybank-securities,Other,Active,Unknown,Minimal,Equity/securities or multi-asset broker (non-forex focus); Unknown (no regulator on record); Singapore,Med,1.5,FALSE,
1214,MetaQuotes,metaquotes,Other,Active,Unknown,Minimal,Equity/securities or multi-asset broker (non-forex focus); Unknown (no regulator on record); Cyprus,Med,1.5,FALSE,
1215,MotiveWave,motivewave,Other,Active,Unknown,Minimal,Equity/securities or multi-asset broker (non-forex focus); Unknown (no regulator on record); Canada,Med,1.5,FALSE,
1216,MultiCharts,multicharts,Other,Active,Unknown,Minimal,Equity/securities or multi-asset broker (non-forex focus); Unknown (no regulator on record); United States,Med,1.5,FALSE,
1217,Musashi Securities,musashi-securities,Other,Active,Unknown,Minimal,Equity/securities or multi-asset broker (non-forex focus); Unknown (no regulator on record); Japan,Med,1.5,FALSE,
1218,NatWest Stockbrokers,natwest-stockbrokers,Other,Active,Unknown,Minimal,Equity/securities or multi-asset broker (non-forex focus); Unknown (no regulator on record); United Kingdom,Med,1.5,FALSE,
1219,OCBC Securities,ocbc-securities,Other,Active,Unknown,Minimal,Equity/securities or multi-asset broker (non-forex focus); Unknown (no regulator on record); Singapore,Med,1.5,FALSE,
1220,OCBC Securities Futures,ocbc-securities-futures,Other,Active,Unknown,Minimal,Equity/securities or multi-asset broker (non-forex focus); Unknown (no regulator on record); Singapore,Med,1.5,FALSE,
1221,Oddo Securities,oddo-securities,Other,Active,Unknown,Minimal,Equity/securities or multi-asset broker (non-forex focus); Unknown (no regulator on record); France,Med,1.5,FALSE,
1222,Okasan Online Securities,okasan-online-securities,Other,Active,Unknown,Minimal,Equity/securities or multi-asset broker (non-forex focus); Unknown (no regulator on record); Japan,Med,1.5,FALSE,
1223,Okasan Securities,okasan-securities,Other,Active,Unknown,Minimal,Equity/securities or multi-asset broker (non-forex focus); Unknown (no regulator on record); Japan,Med,1.5,FALSE,
1224,Open E Cry,open-e-cry,Other,Active,Unknown,Minimal,Equity/securities or multi-asset broker (non-forex focus); Unknown (no regulator on record); United States,Med,1.5,FALSE,
1225,Orient Securities International,orient-securities-international,Other,Active,Unknown,Minimal,Equity/securities or multi-asset broker (non-forex focus); Unknown (no regulator on record); Hong Kong,Med,1.5,FALSE,
1226,PayPay Securities,paypay-securities,Other,Active,Unknown,Minimal,Equity/securities or multi-asset broker (non-forex focus); Unknown (no regulator on record); Japan,Med,1.5,FALSE,
1227,Phillip Securities Hong Kong,phillip-securities-hong-kong,Other,Active,Unknown,Minimal,Equity/securities or multi-asset broker (non-forex focus); Unknown (no regulator on record); Hong Kong,Med,1.5,FALSE,
1228,Phillip Securities Japan,phillip-securities-japan,Other,Active,Unknown,Minimal,Equity/securities or multi-asset broker (non-forex focus); Unknown (no regulator on record); Japan,Med,1.5,FALSE,
1229,PrimeXM,primexm,Other,Active,Unknown,Minimal,Equity/securities or multi-asset broker (non-forex focus); Unknown (no regulator on record); Switzerland,Med,1.5,FALSE,
1230,Quant Securities,quant-securities,Other,Active,Unknown,Minimal,Equity/securities or multi-asset broker (non-forex focus); Unknown (no regulator on record); Australia,Med,1.5,FALSE,
1231,Rakuten Securities Australia,rakuten-securities-australia,Other,Active,Unknown,Minimal,Equity/securities or multi-asset broker (non-forex focus); Unknown (no regulator on record); Australia,Med,1.5,FALSE,
1232,Rithmic,rithmic,Other,Active,Unknown,Minimal,Equity/securities or multi-asset broker (non-forex focus); Unknown (no regulator on record); United States,Med,1.5,FALSE,
1233,SBI Neotrade Securities,sbi-neotrade-securities,Other,Active,Unknown,Minimal,Equity/securities or multi-asset broker (non-forex focus); Unknown (no regulator on record); Japan,Med,1.5,FALSE,
1234,Smartbroker,smartbroker-de,Other,Active,Unknown,Minimal,Equity/securities or multi-asset broker (non-forex focus); Unknown (no regulator on record); Germany,Med,1.5,FALSE,Equities/neobroker — minimal retail FX; confirm relevance to forex roadmap
1235,Smartbroker Plus,smartbroker-plus,Other,Active,Unknown,Minimal,Equity/securities or multi-asset broker (non-forex focus); Unknown (no regulator on record); Germany,Med,1.5,FALSE,Equities/neobroker — minimal retail FX; confirm relevance to forex roadmap
1236,SoFi Hong Kong,sofi-hong-kong,Other,Active,Unknown,Minimal,Equity/securities or multi-asset broker (non-forex focus); Unknown (no regulator on record); Hong Kong,Med,1.5,FALSE,Equities/neobroker — minimal retail FX; confirm relevance to forex roadmap
1237,Spotware,spotware,Other,Active,Unknown,Minimal,Equity/securities or multi-asset broker (non-forex focus); Unknown (no regulator on record); Cyprus,Med,1.5,FALSE,
1238,Tanius Technology Group,tanius-technology,Other,Active,Unknown,Minimal,Equity/securities or multi-asset broker (non-forex focus); Unknown (no regulator on record); United States,Med,1.5,FALSE,
1239,Tokai Tokyo Securities,tokai-tokyo-securities,Other,Active,Unknown,Minimal,Equity/securities or multi-asset broker (non-forex focus); Unknown (no regulator on record); Japan,Med,1.5,FALSE,
1240,Toyo Securities,toyo-securities,Other,Active,Unknown,Minimal,Equity/securities or multi-asset broker (non-forex focus); Unknown (no regulator on record); Japan,Med,1.5,FALSE,
1241,Toyota Securities,toyota-securities,Other,Active,Unknown,Minimal,Equity/securities or multi-asset broker (non-forex focus); Unknown (no regulator on record); Japan,Med,1.5,FALSE,
1242,Yutaka Trusty Securities,yutaka-trusty-securities,Other,Active,Unknown,Minimal,Equity/securities or multi-asset broker (non-forex focus); Unknown (no regulator on record); Japan,Med,1.5,FALSE,
1243,au Kabucom Securities,au-kabucom-securities,Other,Active,Unknown,Minimal,Equity/securities or multi-asset broker (non-forex focus); Unknown (no regulator on record); Japan,Med,1.5,FALSE,
1244,i Securities,i-securities,Other,Active,Unknown,Minimal,Equity/securities or multi-asset broker (non-forex focus); Unknown (no regulator on record); Japan,Med,1.5,FALSE,
1245,onvista bank,onvista-bank,Other,Active,Unknown,Minimal,Equity/securities or multi-asset broker (non-forex focus); Unknown (no regulator on record); Germany,Med,1.5,FALSE,Equities/neobroker — minimal retail FX; confirm relevance to forex roadmap
1246,FXLift,fxlift,Forex Broker,License revoked/Regulatory action,Offshore,Minimal,Regulatory action — ex-CySEC (Notesco settlement); now unregulated offshore; retained for record,Med,1.5,TRUE,ex-CySEC (Notesco settlement); now unregulated offshore
1247,Geratsu,geratsu,Forex Broker,Acquired/Merged,Unknown,Minimal,"Acquired/merged — acquired by LiteFinance, no regulator; brand continuity uncertain",Med,1.5,TRUE,"acquired by LiteFinance, no regulator"
1248,Blue Edge Financial,blue-edge-financial,Other,Active,Unregulated,Minimal,Forex education/AI trading bot; unregulated (web-verified),Med,1.5,FALSE,Forex education/AI trading bot; unregulated
1249,IBC Group,ibc-group,Other,Active,Unregulated,Minimal,"International Blockchain Consulting, not broker (web-verified)",Med,1.5,FALSE,"International Blockchain Consulting, not broker"
1250,MyDigiTrade,mydigitrade,Other,Active,Unregulated,Minimal,Copy/mirror-trading software platform (not a broker) (web-verified),Med,1.5,FALSE,Copy/mirror-trading software platform (not a broker)
1251,Videforex,videforex,Other,Active,Unregulated,Minimal,Binary-options/CFD brand; CFTC RED list; unregulated (web-verified),High,1.4,FALSE,Binary-options/CFD brand; CFTC RED list; unregulated
1252,Boursa Kuwait,boursa-kuwait,Inter-dealer/Institutional,Active,Unknown,Minimal,Institutional/non-retail (CMA) — finance profile but negligible retail broker-review demand; flag reclassify,Med,1.4,TRUE,NON-RETAIL: mislabeled for a forex directory — reclassify/relocate
1253,AIRA Securities,aira-securities,Other,Active,Unknown,Minimal,Equity/securities or multi-asset broker (non-forex focus); Unknown (no regulator on record); Thailand,Med,1.4,FALSE,
1254,ALB Yatirim,alb-yatirim,Other,Active,Unknown,Minimal,Equity/securities or multi-asset broker (non-forex focus); Unknown (no regulator on record); Turkey,Med,1.4,FALSE,
1255,AM Financials,am-financials,Unknown,Unknown,Unknown,Minimal,Unverifiable; no distinct records found (web-verified),Low,1.4,TRUE,Unverifiable stub — classify before content work
1256,Aditya Birla Money,aditya-birla-money,Other,Active,Unknown,Minimal,Equity/securities or multi-asset broker (non-forex focus); Unknown (no regulator on record); India,Med,1.4,FALSE,Equities/neobroker — minimal retail FX; confirm relevance to forex roadmap
1257,Advantage Traders Group,advantage-traders-group,Unknown,Unknown,Unknown,Minimal,Unverifiable; only appears in broker list (web-verified),Low,1.4,TRUE,Unverifiable stub — classify before content work
1258,Affin Hwang Investment Bank,affin-hwang-investment-bank,Other,Active,Unknown,Minimal,Equity/securities or multi-asset broker (non-forex focus); Unknown (no regulator on record); Malaysia,Med,1.4,FALSE,
1259,Agora Investimentos,agora-investimentos,Other,Active,Unknown,Minimal,Equity/securities or multi-asset broker (non-forex focus); Unknown (no regulator on record); Brazil,Med,1.4,FALSE,
1260,Ahlatci Yatirim,ahlatci-yatirim,Other,Active,Unknown,Minimal,Equity/securities or multi-asset broker (non-forex focus); Unknown (no regulator on record); Turkey,Med,1.4,FALSE,
1261,Ak Yatirim,ak-yatirim,Other,Active,Unknown,Minimal,Equity/securities or multi-asset broker (non-forex focus); Unknown (no regulator on record); Turkey,Med,1.4,FALSE,
1262,Alice Blue,alice-blue,Other,Active,Unknown,Minimal,Equity/securities or multi-asset broker (non-forex focus); Unknown (no regulator on record); India,Med,1.4,FALSE,Equities/neobroker — minimal retail FX; confirm relevance to forex roadmap
1263,Anand Rathi,anand-rathi,Other,Active,Unknown,Minimal,Equity/securities or multi-asset broker (non-forex focus); Unknown (no regulator on record); India,Med,1.4,FALSE,Equities/neobroker — minimal retail FX; confirm relevance to forex roadmap
1264,Apex Securities Malaysia,apex-securities-malaysia,Other,Active,Unknown,Minimal,Equity/securities or multi-asset broker (non-forex focus); Unknown (no regulator on record); Malaysia,Med,1.4,FALSE,
1265,Arihant Capital,arihant-capital,Other,Active,Unknown,Minimal,Equity/securities or multi-asset broker (non-forex focus); Unknown (no regulator on record); India,Med,1.4,FALSE,Equities/neobroker — minimal retail FX; confirm relevance to forex roadmap
1266,Ashika Stock Broking,ashika-stock-broking,Other,Active,Unknown,Minimal,Equity/securities or multi-asset broker (non-forex focus); Unknown (no regulator on record); India,Med,1.4,FALSE,
1267,Asia Plus Securities,asia-plus-securities,Other,Active,Unknown,Minimal,Equity/securities or multi-asset broker (non-forex focus); Unknown (no regulator on record); Thailand,Med,1.4,FALSE,
1268,Ativa Investimentos,ativa-investimentos,Other,Active,Unknown,Minimal,Equity/securities or multi-asset broker (non-forex focus); Unknown (no regulator on record); Brazil,Med,1.4,FALSE,
1269,Avenue Securities,avenue-securities,Other,Active,Unknown,Minimal,Equity/securities or multi-asset broker (non-forex focus); Unknown (no regulator on record); Brazil,Med,1.4,FALSE,
1270,Axis Direct,axis-direct,Other,Active,Unknown,Minimal,Equity/securities or multi-asset broker (non-forex focus); Unknown (no regulator on record); India,Med,1.4,FALSE,Equities/neobroker — minimal retail FX; confirm relevance to forex roadmap
1271,BCA Sekuritas,bca-sekuritas,Other,Active,Unknown,Minimal,Equity/securities or multi-asset broker (non-forex focus); Unknown (no regulator on record); Indonesia,Med,1.4,FALSE,
1272,BIMB Securities,bimb-securities,Other,Active,Unknown,Minimal,Equity/securities or multi-asset broker (non-forex focus); Unknown (no regulator on record); Malaysia,Med,1.4,FALSE,
1273,BNI Sekuritas,bni-sekuritas,Other,Active,Unknown,Minimal,Equity/securities or multi-asset broker (non-forex focus); Unknown (no regulator on record); Indonesia,Med,1.4,FALSE,
1274,Bahana Sekuritas,bahana-sekuritas,Other,Active,Unknown,Minimal,Equity/securities or multi-asset broker (non-forex focus); Unknown (no regulator on record); Indonesia,Med,1.4,FALSE,
1275,Banrisul Corretora,banrisul-corretora,Other,Active,Unknown,Minimal,Equity/securities or multi-asset broker (non-forex focus); Unknown (no regulator on record); Brazil,Med,1.4,FALSE,
1276,Bookmap,bookmap,Other,Active,Unknown,Minimal,"Order-flow/DOM visualization software; HQ Kfar Saba, Israel (web-verified)",High,1.4,FALSE,"Order-flow/DOM visualization software; HQ Kfar Saba, Israel"
1277,Bradesco Corretora,bradesco-corretora,Other,Active,Unknown,Minimal,Equity/securities or multi-asset broker (non-forex focus); Unknown (no regulator on record); Brazil,Med,1.4,FALSE,
1278,Bualuang Securities,bualuang-securities,Other,Active,Unknown,Minimal,Equity/securities or multi-asset broker (non-forex focus); Unknown (no regulator on record); Thailand,Med,1.4,FALSE,
1279,CGS CIMB Securities,cgs-cimb-securities,Other,Active,Unknown,Minimal,Equity/securities or multi-asset broker (non-forex focus); Unknown (no regulator on record); Malaysia,Med,1.4,FALSE,
1280,CGS International Sekuritas Indonesia,cgs-international-sekuritas-indonesia,Other,Active,Unknown,Minimal,Equity/securities or multi-asset broker (non-forex focus); Unknown (no regulator on record); Indonesia,Med,1.4,FALSE,
1281,CITIC Securities,citic-securities,Other,Active,Unknown,Minimal,Equity/securities or multi-asset broker (non-forex focus); Unknown (no regulator on record); China,Med,1.4,FALSE,
1282,Caida Securities,caida-securities,Other,Active,Unknown,Minimal,Equity/securities or multi-asset broker (non-forex focus); Unknown (no regulator on record); China,Med,1.4,FALSE,
1283,Caitong Securities,caitong-securities,Other,Active,Unknown,Minimal,Equity/securities or multi-asset broker (non-forex focus); Unknown (no regulator on record); China,Med,1.4,FALSE,
1284,Central China Securities,central-china-securities,Other,Active,Unknown,Minimal,Equity/securities or multi-asset broker (non-forex focus); Unknown (no regulator on record); China,Med,1.4,FALSE,
1285,Changjiang Securities,changjiang-securities,Other,Active,Unknown,Minimal,Equity/securities or multi-asset broker (non-forex focus); Unknown (no regulator on record); China,Med,1.4,FALSE,
1286,Chasing Securities,chasing-securities,Other,Active,Unknown,Minimal,Equity/securities or multi-asset broker (non-forex focus); Unknown (no regulator on record); China,Med,1.4,FALSE,
1287,China Merchants Securities,china-merchants-securities,Other,Active,Unknown,Minimal,Equity/securities or multi-asset broker (non-forex focus); Unknown (no regulator on record); China,Med,1.4,FALSE,
1288,China Securities Co,china-securities-co,Other,Active,Unknown,Minimal,Equity/securities or multi-asset broker (non-forex focus); Unknown (no regulator on record); China,Med,1.4,FALSE,
1289,Choice Broking,choice-broking,Other,Active,Unknown,Minimal,Equity/securities or multi-asset broker (non-forex focus); Unknown (no regulator on record); India,Med,1.4,FALSE,Equities/neobroker — minimal retail FX; confirm relevance to forex roadmap
1290,Clear Corretora,clear-corretora,Other,Active,Unknown,Minimal,Equity/securities or multi-asset broker (non-forex focus); Unknown (no regulator on record); Brazil,Med,1.4,FALSE,
1291,DBS Vickers Sekuritas Indonesia,dbs-vickers-sekuritas-indonesia,Other,Active,Unknown,Minimal,Equity/securities or multi-asset broker (non-forex focus); Unknown (no regulator on record); Indonesia,Med,1.4,FALSE,
1292,Danareksa Sekuritas,danareksa-sekuritas,Other,Active,Unknown,Minimal,Equity/securities or multi-asset broker (non-forex focus); Unknown (no regulator on record); Indonesia,Med,1.4,FALSE,
1293,Deniz Yatirim,deniz-yatirim,Other,Active,Unknown,Minimal,Equity/securities or multi-asset broker (non-forex focus); Unknown (no regulator on record); Turkey,Med,1.4,FALSE,
1294,Dongxing Securities,dongxing-securities,Other,Active,Unknown,Minimal,Equity/securities or multi-asset broker (non-forex focus); Unknown (no regulator on record); China,Med,1.4,FALSE,
1295,ECNpro,ecnpro,Unknown,Unknown,Unknown,Minimal,unverifiable (web-verified),Low,1.4,TRUE,Unverifiable stub — classify before content work
1296,EFE Securities,efe-securities,Other,Active,Unknown,Minimal,Equity/securities or multi-asset broker (non-forex focus); Unknown (no regulator on record); Africa,Med,1.4,FALSE,
1297,EGM Securities,egm-securities,Other,Active,Unknown,Minimal,Equity/securities or multi-asset broker (non-forex focus); Unknown (no regulator on record); Kenya,Med,1.4,FALSE,
1298,Edelweiss Broking,edelweiss-broking,Other,Active,Unknown,Minimal,Equity/securities or multi-asset broker (non-forex focus); Unknown (no regulator on record); India,Med,1.4,FALSE,Equities/neobroker — minimal retail FX; confirm relevance to forex roadmap
1299,Efficient Frontier,efficient-frontier,Unknown,Unknown,Unknown,Minimal,Unverifiable; no forex/broker entity found (web-verified),Low,1.4,TRUE,Unverifiable stub — classify before content work
1300,Elite Corretora,elite-corretora,Other,Active,Unknown,Minimal,Equity/securities or multi-asset broker (non-forex focus); Unknown (no regulator on record); Brazil,Med,1.4,FALSE,
1301,Everbright Securities,everbright-securities,Other,Active,Unknown,Minimal,Equity/securities or multi-asset broker (non-forex focus); Unknown (no regulator on record); China,Med,1.3,FALSE,
1302,Finansia Syrus Securities,finansia-syrus-securities,Other,Active,Unknown,Minimal,Equity/securities or multi-asset broker (non-forex focus); Unknown (no regulator on record); Thailand,Med,1.3,FALSE,
1303,First Capital Securities,first-capital-securities,Other,Active,Unknown,Minimal,Equity/securities or multi-asset broker (non-forex focus); Unknown (no regulator on record); China,Med,1.3,FALSE,
1304,Founder Securities,founder-securities,Other,Active,Unknown,Minimal,Equity/securities or multi-asset broker (non-forex focus); Unknown (no regulator on record); China,Med,1.3,FALSE,
1305,FxBroker,fxbroker,Unknown,Unknown,Unknown,Minimal,unverifiable (web-verified),Low,1.3,TRUE,Unverifiable stub — classify before content work
1306,GCM Yatirim,gcm-yatirim,Other,Active,Unknown,Minimal,Equity/securities or multi-asset broker (non-forex focus); Unknown (no regulator on record); Turkey,Med,1.3,FALSE,
1307,GF Securities,gf-securities,Other,Active,Unknown,Minimal,Equity/securities or multi-asset broker (non-forex focus); Unknown (no regulator on record); China,Med,1.3,FALSE,
1308,Garanti BBVA Yatirim,garanti-bbva-yatirim,Other,Active,Unknown,Minimal,Equity/securities or multi-asset broker (non-forex focus); Unknown (no regulator on record); Turkey,Med,1.3,FALSE,
1309,Gedik Yatirim,gedik-yatirim,Other,Active,Unknown,Minimal,Equity/securities or multi-asset broker (non-forex focus); Unknown (no regulator on record); Turkey,Med,1.3,FALSE,
1310,Genial Corretora,genial-corretora,Other,Active,Unknown,Minimal,Equity/securities or multi-asset broker (non-forex focus); Unknown (no regulator on record); Brazil,Med,1.3,FALSE,
1311,Genial Investimentos,genial-investimentos-batch6,Other,Active,Unknown,Minimal,Equity/securities or multi-asset broker (non-forex focus); Unknown (no regulator on record); Brazil,Med,1.3,FALSE,
1312,Geojit,geojit,Other,Active,Unknown,Minimal,Equity/securities or multi-asset broker (non-forex focus); Unknown (no regulator on record); India,Med,1.3,FALSE,Equities/neobroker — minimal retail FX; confirm relevance to forex roadmap
1313,Globlex Securities,globlex-securities,Other,Active,Unknown,Minimal,Equity/securities or multi-asset broker (non-forex focus); Unknown (no regulator on record); Thailand,Med,1.3,FALSE,
1314,Goodwill Wealth,goodwill-wealth,Other,Active,Unknown,Minimal,Equity/securities or multi-asset broker (non-forex focus); Unknown (no regulator on record); India,Med,1.3,FALSE,
1315,Guide Investimentos,guide-investimentos,Other,Active,Unknown,Minimal,Equity/securities or multi-asset broker (non-forex focus); Unknown (no regulator on record); Brazil,Med,1.3,FALSE,
1316,Guide Investimentos Corretora,guide-investimentos-corretora,Other,Active,Unknown,Minimal,Equity/securities or multi-asset broker (non-forex focus); Unknown (no regulator on record); Brazil,Med,1.3,FALSE,
1317,Guolian Securities,guolian-securities,Other,Active,Unknown,Minimal,Equity/securities or multi-asset broker (non-forex focus); Unknown (no regulator on record); China,Med,1.3,FALSE,
1318,Guosen Securities,guosen-securities,Other,Active,Unknown,Minimal,Equity/securities or multi-asset broker (non-forex focus); Unknown (no regulator on record); China,Med,1.3,FALSE,
1319,Guoyuan Securities,guoyuan-securities,Other,Active,Unknown,Minimal,Equity/securities or multi-asset broker (non-forex focus); Unknown (no regulator on record); China,Med,1.3,FALSE,
1320,Hensex Securities,hensex-securities,Other,Active,Unknown,Minimal,Equity/securities or multi-asset broker (non-forex focus); Unknown (no regulator on record); India,Med,1.3,FALSE,
1321,High Street Networking,high-street-networking,Unknown,Unknown,Unknown,Minimal,unverifiable (web-verified),Low,1.3,TRUE,Unverifiable stub — classify before content work
1322,Hong Leong Investment Bank,hong-leong-investment-bank,Other,Active,Unknown,Minimal,Equity/securities or multi-asset broker (non-forex focus); Unknown (no regulator on record); Malaysia,Med,1.3,FALSE,
1323,Huajin Securities,huajin-securities,Other,Active,Unknown,Minimal,Equity/securities or multi-asset broker (non-forex focus); Unknown (no regulator on record); China,Med,1.3,FALSE,
1324,Hualong Securities,hualong-securities,Other,Active,Unknown,Minimal,Equity/securities or multi-asset broker (non-forex focus); Unknown (no regulator on record); China,Med,1.3,FALSE,
1325,Huaxi Securities,huaxi-securities,Other,Active,Unknown,Minimal,Equity/securities or multi-asset broker (non-forex focus); Unknown (no regulator on record); China,Med,1.3,FALSE,
1326,IGLR Investment,iglr-investment,Unknown,Unknown,Unknown,Minimal,unverifiable (web-verified),Low,1.3,TRUE,Unverifiable stub — classify before content work
1327,IH Securities Zimbabwe,ih-securities-zimbabwe,Other,Active,Unknown,Minimal,Equity/securities or multi-asset broker (non-forex focus); Unknown (SECZ / ZSE); Zimbabwe,Med,1.3,FALSE,
1328,Indo Premier Sekuritas,indo-premier-sekuritas,Other,Active,Unknown,Minimal,Equity/securities or multi-asset broker (non-forex focus); Unknown (no regulator on record); Indonesia,Med,1.3,FALSE,
1329,Industrial Securities,industrial-securities,Other,Active,Unknown,Minimal,Equity/securities or multi-asset broker (non-forex focus); Unknown (no regulator on record); China,Med,1.3,FALSE,
1330,Info Yatirim,info-yatirim,Other,Active,Unknown,Minimal,Equity/securities or multi-asset broker (non-forex focus); Unknown (no regulator on record); Turkey,Med,1.3,FALSE,
1331,Integral Yatirim,integral-yatirim,Other,Active,Unknown,Minimal,Equity/securities or multi-asset broker (non-forex focus); Unknown (no regulator on record); Turkey,Med,1.3,FALSE,
1332,IntegralBank,integralbank,Unknown,Unknown,Unknown,Minimal,unverifiable (web-verified),Low,1.3,TRUE,Unverifiable stub — classify before content work
1333,Inter-Pacific Securities,inter-pacific-securities,Other,Active,Unknown,Minimal,Equity/securities or multi-asset broker (non-forex focus); Unknown (no regulator on record); Malaysia,Med,1.3,FALSE,
1334,Investment House International,investment-house-international,Unknown,Unknown,Unknown,Minimal,Unverifiable; no distinct records found (web-verified),Low,1.3,TRUE,Unverifiable stub — classify before content work
1335,Is Yatirim,is-yatirim,Other,Active,Unknown,Minimal,Equity/securities or multi-asset broker (non-forex focus); Unknown (no regulator on record); Turkey,Med,1.3,FALSE,
1336,Itau Corretora,itau-corretora,Other,Active,Unknown,Minimal,Equity/securities or multi-asset broker (non-forex focus); Unknown (no regulator on record); Brazil,Med,1.3,FALSE,
1337,Jainam Broking,jainam-broking,Other,Active,Unknown,Minimal,Equity/securities or multi-asset broker (non-forex focus); Unknown (no regulator on record); India,Med,1.3,FALSE,
1338,Jianghai Securities,jianghai-securities,Other,Active,Unknown,Minimal,Equity/securities or multi-asset broker (non-forex focus); Unknown (no regulator on record); China,Med,1.3,FALSE,
1339,Jupiter Securities,jupiter-securities,Other,Active,Unknown,Minimal,Equity/securities or multi-asset broker (non-forex focus); Unknown (no regulator on record); Malaysia,Med,1.3,FALSE,
1340,KGI Securities Indonesia,kgi-securities-indonesia,Other,Active,Unknown,Minimal,Equity/securities or multi-asset broker (non-forex focus); Unknown (no regulator on record); Indonesia,Med,1.3,FALSE,
1341,KGI Securities Thailand,kgi-securities-thailand,Other,Active,Unknown,Minimal,Equity/securities or multi-asset broker (non-forex focus); Unknown (no regulator on record); Thailand,Med,1.3,FALSE,
1342,KT ZMICO Securities,kt-zmico-securities,Other,Active,Unknown,Minimal,Equity/securities or multi-asset broker (non-forex focus); Unknown (no regulator on record); Thailand,Med,1.3,FALSE,
1343,Kenanga Investment Bank,kenanga-investment-bank,Other,Active,Unknown,Minimal,Equity/securities or multi-asset broker (non-forex focus); Unknown (no regulator on record); Malaysia,Med,1.3,FALSE,
1344,Kiwoom Sekuritas Indonesia,kiwoom-sekuritas-indonesia,Other,Active,Unknown,Minimal,Equity/securities or multi-asset broker (non-forex focus); Unknown (no regulator on record); Indonesia,Med,1.3,FALSE,
1345,Korea Investment And Sekuritas Indonesia,korea-investment-sekuritas-indonesia,Other,Active,Unknown,Minimal,Equity/securities or multi-asset broker (non-forex focus); Unknown (no regulator on record); Indonesia,Med,1.3,FALSE,
1346,Krungsri Securities,krungsri-securities,Other,Active,Unknown,Minimal,Equity/securities or multi-asset broker (non-forex focus); Unknown (no regulator on record); Thailand,Med,1.3,FALSE,
1347,LKP Securities,lkp-securities,Other,Active,Unknown,Minimal,Equity/securities or multi-asset broker (non-forex focus); Unknown (no regulator on record); India,Med,1.3,FALSE,
1348,Latin Securities,latin-securities,Other,Active,Unknown,Minimal,Equity/securities or multi-asset broker (non-forex focus); Unknown (no regulator on record); Argentina,Med,1.3,FALSE,
1349,Lotus Andalan Sekuritas,lotus-andalan-sekuritas,Other,Active,Unknown,Minimal,Equity/securities or multi-asset broker (non-forex focus); Unknown (no regulator on record); Indonesia,Med,1.3,FALSE,
1350,MNC Sekuritas,mnc-sekuritas,Other,Active,Unknown,Minimal,Equity/securities or multi-asset broker (non-forex focus); Unknown (no regulator on record); Indonesia,Med,1.3,FALSE,
1351,MVP Financial,mvp-financial,Unknown,Unknown,Unknown,Minimal,unverifiable (web-verified),Low,1.2,TRUE,Unverifiable stub — classify before content work
1352,Malacca Securities,malacca-securities,Other,Active,Unknown,Minimal,Equity/securities or multi-asset broker (non-forex focus); Unknown (no regulator on record); Malaysia,Med,1.2,FALSE,
1353,Mandiri Sekuritas,mandiri-sekuritas,Other,Active,Unknown,Minimal,Equity/securities or multi-asset broker (non-forex focus); Unknown (no regulator on record); Indonesia,Med,1.2,FALSE,
1354,Mandus Invest,mandus-invest,Unknown,Unknown,Unknown,Minimal,unverifiable (web-verified),Low,1.2,TRUE,Unverifiable stub — classify before content work
1355,Master Capital Services,master-capital-services,Other,Active,Unknown,Minimal,Equity/securities or multi-asset broker (non-forex focus); Unknown (no regulator on record); India,Med,1.2,FALSE,Equities/neobroker — minimal retail FX; confirm relevance to forex roadmap
1356,Mastertrust,mastertrust,Other,Active,Unknown,Minimal,Equity/securities or multi-asset broker (non-forex focus); Unknown (no regulator on record); India,Med,1.2,FALSE,Equities/neobroker — minimal retail FX; confirm relevance to forex roadmap
1357,Maybank Investment Bank,maybank-investment-bank,Other,Active,Unknown,Minimal,Equity/securities or multi-asset broker (non-forex focus); Unknown (no regulator on record); Malaysia,Med,1.2,FALSE,
1358,Maybank Securities Thailand,maybank-securities-thailand,Other,Active,Unknown,Minimal,Equity/securities or multi-asset broker (non-forex focus); Unknown (no regulator on record); Thailand,Med,1.2,FALSE,
1359,Maybank Sekuritas Indonesia,maybank-sekuritas-indonesia,Other,Active,Unknown,Minimal,Equity/securities or multi-asset broker (non-forex focus); Unknown (no regulator on record); Indonesia,Med,1.2,FALSE,
1360,Mercury Securities,mercury-securities,Other,Active,Unknown,Minimal,Equity/securities or multi-asset broker (non-forex focus); Unknown (no regulator on record); Malaysia,Med,1.2,FALSE,
1361,Minsheng Securities,minsheng-securities,Other,Active,Unknown,Minimal,Equity/securities or multi-asset broker (non-forex focus); Unknown (no regulator on record); China,Med,1.2,FALSE,
1362,Mirae Asset Sekuritas Indonesia,mirae-asset-sekuritas-indonesia,Other,Active,Unknown,Minimal,Equity/securities or multi-asset broker (non-forex focus); Unknown (no regulator on record); Indonesia,Med,1.2,FALSE,
1363,Mirror Trader,mirror-trader,Other,Active,Unknown,Minimal,Equity/securities or multi-asset broker (non-forex focus); Unknown (no regulator on record); Israel,Med,1.2,FALSE,
1364,NH Korindo Sekuritas,nh-korindo-sekuritas,Other,Active,Unknown,Minimal,Equity/securities or multi-asset broker (non-forex focus); Unknown (no regulator on record); Indonesia,Med,1.2,FALSE,
1365,Nanjing Securities,nanjing-securities,Other,Active,Unknown,Minimal,Equity/securities or multi-asset broker (non-forex focus); Unknown (no regulator on record); China,Med,1.2,FALSE,
1366,Nirmal Bang,nirmal-bang,Other,Active,Unknown,Minimal,Equity/securities or multi-asset broker (non-forex focus); Unknown (no regulator on record); India,Med,1.2,FALSE,Equities/neobroker — minimal retail FX; confirm relevance to forex roadmap
1367,Northeast Securities,northeast-securities,Other,Active,Unknown,Minimal,Equity/securities or multi-asset broker (non-forex focus); Unknown (no regulator on record); China,Med,1.2,FALSE,
1368,Northstar Trader,northstar-trader,Unknown,Unknown,Unknown,Minimal,"unverifiable, multiple unrelated entities (web-verified)",Low,1.2,TRUE,Unverifiable stub — classify before content work
1369,Nova Futura Investimentos,nova-futura-investimentos,Other,Active,Unknown,Minimal,Equity/securities or multi-asset broker (non-forex focus); Unknown (no regulator on record); Brazil,Med,1.2,FALSE,
1370,Panin Sekuritas,panin-sekuritas,Other,Active,Unknown,Minimal,Equity/securities or multi-asset broker (non-forex focus); Unknown (no regulator on record); Indonesia,Med,1.2,FALSE,
1371,Paytm Money,paytm-money,Other,Active,Unknown,Minimal,Equity/securities or multi-asset broker (non-forex focus); Unknown (no regulator on record); India,Med,1.2,FALSE,Equities/neobroker — minimal retail FX; confirm relevance to forex roadmap
1372,Phillip Securities Indonesia,phillip-securities-indonesia,Other,Active,Unknown,Minimal,Equity/securities or multi-asset broker (non-forex focus); Unknown (no regulator on record); Indonesia,Med,1.2,FALSE,
1373,Phillip Securities Thailand,phillip-securities-thailand,Other,Active,Unknown,Minimal,Equity/securities or multi-asset broker (non-forex focus); Unknown (no regulator on record); Thailand,Med,1.2,FALSE,
1374,Phillip Sekuritas Indonesia,phillip-sekuritas-indonesia,Other,Active,Unknown,Minimal,Equity/securities or multi-asset broker (non-forex focus); Unknown (no regulator on record); Indonesia,Med,1.2,FALSE,
1375,Pi Securities,pi-securities,Other,Active,Unknown,Minimal,Equity/securities or multi-asset broker (non-forex focus); Unknown (no regulator on record); Thailand,Med,1.2,FALSE,
1376,Pipfixed,pipfixed,Unknown,Unknown,Unknown,Minimal,unverifiable; no distinct footprint (web-verified),Low,1.2,TRUE,Unverifiable stub — classify before content work
1377,Planner Corretora,planner-corretora,Other,Active,Unknown,Minimal,Equity/securities or multi-asset broker (non-forex focus); Unknown (no regulator on record); Brazil,Med,1.2,FALSE,
1378,PrimeDesk,primedesk,Unknown,Unknown,Unknown,Minimal,unverifiable (web-verified),Low,1.2,TRUE,Unverifiable stub — classify before content work
1379,Prostocks,prostocks,Other,Active,Unknown,Minimal,Equity/securities or multi-asset broker (non-forex focus); Unknown (no regulator on record); India,Med,1.2,FALSE,Equities/neobroker — minimal retail FX; confirm relevance to forex roadmap
1380,QuantTekel,quanttekel,Other,Active,Unknown,Minimal,Equity/securities or multi-asset broker (non-forex focus); Unknown (no regulator on record); International,Med,1.2,FALSE,
1381,RHB Investment Bank,rhb-investment-bank,Other,Active,Unknown,Minimal,Equity/securities or multi-asset broker (non-forex focus); Unknown (no regulator on record); Malaysia,Med,1.2,FALSE,
1382,RHB Securities Thailand,rhb-securities-thailand,Other,Active,Unknown,Minimal,Equity/securities or multi-asset broker (non-forex focus); Unknown (no regulator on record); Thailand,Med,1.2,FALSE,
1383,Religare Broking,religare-broking,Other,Active,Unknown,Minimal,Equity/securities or multi-asset broker (non-forex focus); Unknown (no regulator on record); India,Med,1.2,FALSE,Equities/neobroker — minimal retail FX; confirm relevance to forex roadmap
1384,RestFX,restfx,Unknown,Unknown,Unknown,Minimal,unverifiable (web-verified),Low,1.2,TRUE,Unverifiable stub — classify before content work
1385,Rico Investimentos,rico-investimentos,Other,Active,Unknown,Minimal,Equity/securities or multi-asset broker (non-forex focus); Unknown (no regulator on record); Brazil,Med,1.2,FALSE,
1386,SAS Online,sas-online,Other,Active,Unknown,Minimal,Equity/securities or multi-asset broker (non-forex focus); Unknown (no regulator on record); India,Med,1.2,FALSE,Equities/neobroker — minimal retail FX; confirm relevance to forex roadmap
1387,SLW Corretora,slw-corretora,Other,Active,Unknown,Minimal,Equity/securities or multi-asset broker (non-forex focus); Unknown (no regulator on record); Brazil,Med,1.2,FALSE,
1388,SMC Global,smc-global,Other,Active,Unknown,Minimal,Equity/securities or multi-asset broker (non-forex focus); Unknown (no regulator on record); India,Med,1.2,FALSE,Equities/neobroker — minimal retail FX; confirm relevance to forex roadmap
1389,Samco Securities,samco-securities,Other,Active,Unknown,Minimal,Equity/securities or multi-asset broker (non-forex focus); Unknown (no regulator on record); India,Med,1.2,FALSE,Equities/neobroker — minimal retail FX; confirm relevance to forex roadmap
1390,Samuel Sekuritas,samuel-sekuritas,Other,Active,Unknown,Minimal,Equity/securities or multi-asset broker (non-forex focus); Unknown (no regulator on record); Indonesia,Med,1.2,FALSE,
1391,Santander Corretora,santander-corretora,Other,Active,Unknown,Minimal,Equity/securities or multi-asset broker (non-forex focus); Unknown (no regulator on record); Brazil,Med,1.2,FALSE,
1392,Sealand Securities,sealand-securities,Other,Active,Unknown,Minimal,Equity/securities or multi-asset broker (non-forex focus); Unknown (no regulator on record); China,Med,1.2,FALSE,
1393,Shenwan Hongyuan Securities,shenwan-hongyuan-securities,Other,Active,Unknown,Minimal,Equity/securities or multi-asset broker (non-forex focus); Unknown (no regulator on record); China,Med,1.2,FALSE,
1394,Sierra Chart,sierra-chart,Other,Active,Unknown,Minimal,Charting/trading software since 1996; not a broker (web-verified),High,1.2,FALSE,Charting/trading software since 1996; not a broker
1395,Sinarmas Sekuritas,sinarmas-sekuritas,Other,Active,Unknown,Minimal,Equity/securities or multi-asset broker (non-forex focus); Unknown (no regulator on record); Indonesia,Med,1.2,FALSE,
1396,Sinolink Securities,sinolink-securities,Other,Active,Unknown,Minimal,Equity/securities or multi-asset broker (non-forex focus); Unknown (no regulator on record); China,Med,1.2,FALSE,
1397,Sirix Social,sirix-social,Other,Active,Unknown,Minimal,Leverate SIRIX social trading platform (tech vendor) (web-verified),Med,1.2,FALSE,Leverate SIRIX social trading platform (tech vendor)
1398,Soochow Securities,soochow-securities,Other,Active,Unknown,Minimal,Equity/securities or multi-asset broker (non-forex focus); Unknown (no regulator on record); China,Med,1.2,FALSE,
1399,Spinelli Corretora,spinelli-corretora,Other,Active,Unknown,Minimal,Equity/securities or multi-asset broker (non-forex focus); Unknown (no regulator on record); Brazil,Med,1.2,FALSE,
1400,Stake Brazil,stake-brazil,Other,Active,Unknown,Minimal,Equity/securities or multi-asset broker (non-forex focus); Unknown (no regulator on record); Brazil,Med,1.2,FALSE,Equities/neobroker — minimal retail FX; confirm relevance to forex roadmap
1401,Sucor Sekuritas,sucor-sekuritas,Other,Active,Unknown,Minimal,Equity/securities or multi-asset broker (non-forex focus); Unknown (no regulator on record); Indonesia,Med,1.1,FALSE,
1402,TA Securities,ta-securities,Other,Active,Unknown,Minimal,Equity/securities or multi-asset broker (non-forex focus); Unknown (no regulator on record); Malaysia,Med,1.1,FALSE,
1403,TEB Yatirim,teb-yatirim,Other,Active,Unknown,Minimal,Equity/securities or multi-asset broker (non-forex focus); Unknown (no regulator on record); Turkey,Med,1.1,FALSE,
1404,Tacirler Yatirim,tacirler-yatirim,Other,Active,Unknown,Minimal,Equity/securities or multi-asset broker (non-forex focus); Unknown (no regulator on record); Turkey,Med,1.1,FALSE,
1405,Terra Investimentos,terra-investimentos,Other,Active,Unknown,Minimal,Equity/securities or multi-asset broker (non-forex focus); Unknown (no regulator on record); Brazil,Med,1.1,FALSE,
1406,Toro Investimentos,toro-investimentos,Other,Active,Unknown,Minimal,Equity/securities or multi-asset broker (non-forex focus); Unknown (no regulator on record); Brazil,Med,1.1,FALSE,
1407,TradeSmart,tradesmart,Other,Active,Unknown,Minimal,Equity/securities or multi-asset broker (non-forex focus); Unknown (no regulator on record); India,Med,1.1,FALSE,Equities/neobroker — minimal retail FX; confirm relevance to forex roadmap
1408,Tradejini,tradejini,Other,Active,Unknown,Minimal,Equity/securities or multi-asset broker (non-forex focus); Unknown (no regulator on record); India,Med,1.1,FALSE,Equities/neobroker — minimal retail FX; confirm relevance to forex roadmap
1409,Tradency,tradency,Other,Active,Unknown,Minimal,Equity/securities or multi-asset broker (non-forex focus); Unknown (no regulator on record); Israel,Med,1.1,FALSE,
1410,TraderEvolution Global,traderevolution-global,Other,Active,Unknown,Minimal,Equity/securities or multi-asset broker (non-forex focus); Unknown (no regulator on record); Ukraine,Med,1.1,FALSE,
1411,Trimegah Sekuritas,trimegah-sekuritas,Other,Active,Unknown,Minimal,Equity/securities or multi-asset broker (non-forex focus); Unknown (no regulator on record); Indonesia,Med,1.1,FALSE,
1412,Trinity Securities,trinity-securities,Other,Active,Unknown,Minimal,Equity/securities or multi-asset broker (non-forex focus); Unknown (no regulator on record); Thailand,Med,1.1,FALSE,
1413,Trust Securities,trust-securities,Other,Active,Unknown,Minimal,Equity/securities or multi-asset broker (non-forex focus); Unknown (no regulator on record); India,Med,1.1,FALSE,
1414,UFXCM Group,ufxcm-group,Unknown,Unknown,Unknown,Minimal,unverifiable (web-verified),Low,1.1,TRUE,Unverifiable stub — classify before content work
1415,United International Company,united-international-company,Unknown,Unknown,Unknown,Minimal,unverifiable (web-verified),Low,1.1,TRUE,Unverifiable stub — classify before content work
1416,Valbury Sekuritas Indonesia,valbury-sekuritas-indonesia,Other,Active,Unknown,Minimal,Equity/securities or multi-asset broker (non-forex focus); Unknown (no regulator on record); Indonesia,Med,1.1,FALSE,
1417,Ventura Securities,ventura-securities,Other,Active,Unknown,Minimal,Equity/securities or multi-asset broker (non-forex focus); Unknown (no regulator on record); India,Med,1.1,FALSE,Equities/neobroker — minimal retail FX; confirm relevance to forex roadmap
1418,WCFTC,wcftc,Unknown,Unknown,Unknown,Minimal,unverifiable (web-verified),Low,1.1,TRUE,Unverifiable stub — classify before content work
1419,Warren Investimentos,warren-investimentos,Other,Active,Unknown,Minimal,Equity/securities or multi-asset broker (non-forex focus); Unknown (no regulator on record); Brazil,Med,1.1,FALSE,
1420,Western Securities,western-securities,Other,Active,Unknown,Minimal,Equity/securities or multi-asset broker (non-forex focus); Unknown (no regulator on record); China,Med,1.1,FALSE,
1421,Wisdom Capital,wisdom-capital,Other,Active,Unknown,Minimal,Equity/securities or multi-asset broker (non-forex focus); Unknown (no regulator on record); India,Med,1.1,FALSE,Equities/neobroker — minimal retail FX; confirm relevance to forex roadmap
1422,XP Investimentos,xp-investimentos,Other,Active,Unknown,Minimal,Equity/securities or multi-asset broker (non-forex focus); Unknown (no regulator on record); Brazil,Med,1.1,FALSE,
1423,Yapi Kredi Yatirim,yapi-kredi-yatirim,Other,Active,Unknown,Minimal,Equity/securities or multi-asset broker (non-forex focus); Unknown (no regulator on record); Turkey,Med,1.1,FALSE,
1424,Yuanta Securities Thailand,yuanta-securities-thailand,Other,Active,Unknown,Minimal,Equity/securities or multi-asset broker (non-forex focus); Unknown (no regulator on record); Thailand,Med,1.1,FALSE,
1425,Yugen Bertumbuh Sekuritas,yugen-bertumbuh-sekuritas,Other,Active,Unknown,Minimal,Equity/securities or multi-asset broker (non-forex focus); Unknown (no regulator on record); Indonesia,Med,1.1,FALSE,
1426,Zheshang Securities,zheshang-securities,Other,Active,Unknown,Minimal,Equity/securities or multi-asset broker (non-forex focus); Unknown (no regulator on record); China,Med,1.1,FALSE,
1427,Zhongyuan Securities,zhongyuan-securities,Other,Active,Unknown,Minimal,Equity/securities or multi-asset broker (non-forex focus); Unknown (no regulator on record); China,Med,1.1,FALSE,
1428,finlot,finlot,Unknown,Unknown,Unknown,Minimal,unverifiable (web-verified),Low,1.1,TRUE,Unverifiable stub — classify before content work
1429,FX Clearing,fx-clearing,Forex Broker,License revoked/Regulatory action,Offshore,Minimal,Regulatory action — FXCL Markets; SVG-registered unregulated; SEC-PH action; retained for record,Med,1.1,TRUE,FXCL Markets; SVG-registered unregulated; SEC-PH action
1430,Globalix,globalix,CFD Broker,License revoked/Regulatory action,Offshore,Minimal,Regulatory action — Marshall Islands; CNMV Spain banned 2019; unregulated; retained for record,Med,1.1,TRUE,Marshall Islands; CNMV Spain banned 2019; unregulated
1431,LexaTrade,lexatrade,Forex Broker,License revoked/Regulatory action,Offshore,Minimal,Regulatory action — SVG offshore; Poland KNF blacklist warning; scam; retained for record,High,1.1,TRUE,SVG offshore; Poland KNF blacklist warning; scam
1432,ProsperityFX,prosperityfx,Forex Broker,License revoked/Regulatory action,Offshore,Minimal,Regulatory action — SVG unregulated; on CFTC RED list; retained for record,Med,1.1,TRUE,SVG unregulated; on CFTC RED list
1433,TriumphFX,triumphfx,Forex Broker,License revoked/Regulatory action,Offshore,Minimal,Regulatory action — SC Malaysia investor alert; $5.3M scam; retained for record,Med,1.1,TRUE,SC Malaysia investor alert; $5.3M scam
1434,iTrade Capital Markets,itrade-capital-markets,Forex Broker,License revoked/Regulatory action,Offshore,Minimal,Regulatory action — BVI FSC advisory warning 2009; fraud complaints; retained for record,Med,1.1,TRUE,BVI FSC advisory warning 2009; fraud complaints
1435,Gravity Team,gravity-team,Inter-dealer/Institutional,Active,Unregulated,Minimal,Institutional/non-retail (Unregulated (research)) — finance profile but negligible retail broker-review demand; flag reclassify,Med,1.1,TRUE,global crypto market maker/liquidity provider; NON-RETAIL: mislabeled for a forex directory — reclassify/relocate
1436,Pulsar Trading Capital,pulsar-trading-capital,Inter-dealer/Institutional,Active,Unregulated,Minimal,Institutional/non-retail (Unregulated (research)) — finance profile but negligible retail broker-review demand; flag reclassify,High,1.1,TRUE,Crypto market maker and proprietary trading firm; NON-RETAIL: mislabeled for a forex directory — reclassify/relocate
1437,ATAS,atas,Other,Active,Unknown,Minimal,"order-flow analysis software, not a broker (web-verified)",Med,1.1,FALSE,"order-flow analysis software, not a broker"
1438,Forex WebTrader,forex-webtrader,Other,Active,Unknown,Minimal,generic web trading platform name (web-verified),Low,1.1,TRUE,
1439,Gedamo Investments,gedamo-investments,Other,Unknown,Unknown,Minimal,currency fund/asset manager (Gedamo Forex Fund) (web-verified),Low,1.1,TRUE,
1440,PrimeXBT,primexbt,Other,Active,Unknown,Minimal,Equity/securities or multi-asset broker (non-forex focus); Unknown (no regulator on record); Unknown,Med,1.1,FALSE,
1441,Quantower,quantower,Other,Active,Unknown,Minimal,"Multi-asset trading platform software, not broker (web-verified)",Med,1.1,FALSE,"Multi-asset trading platform software, not broker"
1442,Securities Inc 121,securities-inc-121,Other,Active,Unknown,Minimal,Unverifiable; 121sec.com now unrelated coaching site (web-verified),Low,1.1,TRUE,
1443,InvestTechFX,investtechfx,Forex Broker,License revoked/Regulatory action,Unregulated,Minimal,Regulatory action — Toronto; unregulated; FCA warning + RCMP action; retained for record,High,1.1,TRUE,Toronto; unregulated; FCA warning + RCMP action
1444,360T,360t,Inter-dealer/Institutional,Active,Unknown,Minimal,Institutional/non-retail (no regulator on record) — finance profile but negligible retail broker-review demand; flag reclassify,Med,1.1,TRUE,NON-RETAIL: mislabeled for a forex directory — reclassify/relocate
1445,3Red Partners,3red-partners,Inter-dealer/Institutional,Active,Unknown,Minimal,Institutional/non-retail (no regulator on record) — finance profile but negligible retail broker-review demand; flag reclassify,Med,1.1,TRUE,NON-RETAIL: mislabeled for a forex directory — reclassify/relocate
1446,ABN AMRO Clearing,abn-amro-clearing,Inter-dealer/Institutional,Active,Unknown,Minimal,Institutional/non-retail (no regulator on record) — finance profile but negligible retail broker-review demand; flag reclassify,Med,1.1,TRUE,NON-RETAIL: mislabeled for a forex directory — reclassify/relocate
1447,ADM Investor Services,adm-investor-services,Inter-dealer/Institutional,Active,Unknown,Minimal,Institutional/non-retail (no regulator on record) — finance profile but negligible retail broker-review demand; flag reclassify,Med,1.1,TRUE,NON-RETAIL: mislabeled for a forex directory — reclassify/relocate
1448,ADM Investor Services International,adm-investor-services-international,Inter-dealer/Institutional,Active,Unknown,Minimal,Institutional/non-retail (no regulator on record) — finance profile but negligible retail broker-review demand; flag reclassify,Med,1.1,TRUE,NON-RETAIL: mislabeled for a forex directory — reclassify/relocate
1449,ADMIS,admis,Inter-dealer/Institutional,Active,Unknown,Minimal,Institutional/non-retail (no regulator on record) — finance profile but negligible retail broker-review demand; flag reclassify,Med,1.1,TRUE,NON-RETAIL: mislabeled for a forex directory — reclassify/relocate
1450,Acadian Asset Management,acadian-asset-management,Inter-dealer/Institutional,Active,Unknown,Minimal,Institutional/non-retail (no regulator on record) — finance profile but negligible retail broker-review demand; flag reclassify,Med,1.1,TRUE,NON-RETAIL: mislabeled for a forex directory — reclassify/relocate
1451,Akuna Capital,akuna-capital,Inter-dealer/Institutional,Active,Unknown,Minimal,Institutional/non-retail (no regulator on record) — finance profile but negligible retail broker-review demand; flag reclassify,Med,1.1,TRUE,NON-RETAIL: mislabeled for a forex directory — reclassify/relocate
1452,Allston Trading,allston-trading,Inter-dealer/Institutional,Active,Unknown,Minimal,Institutional/non-retail (no regulator on record) — finance profile but negligible retail broker-review demand; flag reclassify,Med,1.1,TRUE,NON-RETAIL: mislabeled for a forex directory — reclassify/relocate
1453,Alphadyne Asset Management,alphadyne-asset-management,Inter-dealer/Institutional,Active,Unknown,Minimal,Institutional/non-retail (no regulator on record) — finance profile but negligible retail broker-review demand; flag reclassify,Med,1.1,TRUE,NON-RETAIL: mislabeled for a forex directory — reclassify/relocate
1454,Aquatic Capital,aquatic-capital,Inter-dealer/Institutional,Active,Unknown,Minimal,Institutional/non-retail (no regulator on record) — finance profile but negligible retail broker-review demand; flag reclassify,Med,1.1,TRUE,NON-RETAIL: mislabeled for a forex directory — reclassify/relocate
1455,Aspect Capital,aspect-capital,Inter-dealer/Institutional,Active,Unknown,Minimal,Institutional/non-retail (no regulator on record) — finance profile but negligible retail broker-review demand; flag reclassify,Med,1.1,TRUE,NON-RETAIL: mislabeled for a forex directory — reclassify/relocate
1456,Aurel BGC,aurel-bgc,Inter-dealer/Institutional,Active,Unknown,Minimal,Institutional/non-retail (no regulator on record) — finance profile but negligible retail broker-review demand; flag reclassify,Med,1.1,TRUE,NON-RETAIL: mislabeled for a forex directory — reclassify/relocate
1457,Auros,auros,Inter-dealer/Institutional,Active,Unknown,Minimal,Institutional/non-retail (no regulator on record) — finance profile but negligible retail broker-review demand; flag reclassify,Med,1.1,TRUE,NON-RETAIL: mislabeled for a forex directory — reclassify/relocate
1458,BNP Paribas Arbitrage,bnp-paribas-arbitrage,Inter-dealer/Institutional,Active,Unknown,Minimal,Institutional/non-retail (no regulator on record) — finance profile but negligible retail broker-review demand; flag reclassify,Med,1.1,TRUE,NON-RETAIL: mislabeled for a forex directory — reclassify/relocate
1459,Belvedere Trading,belvedere-trading,Inter-dealer/Institutional,Active,Unknown,Minimal,Institutional/non-retail (no regulator on record) — finance profile but negligible retail broker-review demand; flag reclassify,Med,1.1,TRUE,NON-RETAIL: mislabeled for a forex directory — reclassify/relocate
1460,BlueCrest Capital Management,bluecrest-capital-management,Inter-dealer/Institutional,Active,Unknown,Minimal,Institutional/non-retail (no regulator on record) — finance profile but negligible retail broker-review demand; flag reclassify,Med,1.1,TRUE,NON-RETAIL: mislabeled for a forex directory — reclassify/relocate
1461,Bright Smart Securities,bright-smart-securities,Inter-dealer/Institutional,Active,Unknown,Minimal,Institutional/non-retail (no regulator on record) — finance profile but negligible retail broker-review demand; flag reclassify,Med,1.1,TRUE,NON-RETAIL: mislabeled for a forex directory — reclassify/relocate
1462,Bright Trading,bright-trading,Inter-dealer/Institutional,Active,Unknown,Minimal,Institutional/non-retail (no regulator on record) — finance profile but negligible retail broker-review demand; flag reclassify,Med,1.1,TRUE,NON-RETAIL: mislabeled for a forex directory — reclassify/relocate
1463,Britannia Global Markets,britannia-global-markets,Inter-dealer/Institutional,Active,Unknown,Minimal,Institutional/non-retail (no regulator on record) — finance profile but negligible retail broker-review demand; flag reclassify,Med,1.1,TRUE,NON-RETAIL: mislabeled for a forex directory — reclassify/relocate
1464,CFH Clearing,cfh-clearing,Inter-dealer/Institutional,Active,Unknown,Minimal,Institutional/non-retail (no regulator on record) — finance profile but negligible retail broker-review demand; flag reclassify,Med,1.1,TRUE,NON-RETAIL: mislabeled for a forex directory — reclassify/relocate
1465,CGS International Futures,cgs-international-futures,Inter-dealer/Institutional,Active,Unknown,Minimal,Institutional/non-retail (no regulator on record) — finance profile but negligible retail broker-review demand; flag reclassify,Med,1.1,TRUE,NON-RETAIL: mislabeled for a forex directory — reclassify/relocate
1466,Caladan,caladan,Inter-dealer/Institutional,Active,Unknown,Minimal,Institutional/non-retail (no regulator on record) — finance profile but negligible retail broker-review demand; flag reclassify,Med,1.1,TRUE,"crypto market maker, ex-AlphaLab Capital; NON-RETAIL: mislabeled for a forex directory — reclassify/relocate"
1467,Campbell & Company,campbell-company,Inter-dealer/Institutional,Active,Unknown,Minimal,Institutional/non-retail (no regulator on record) — finance profile but negligible retail broker-review demand; flag reclassify,Med,1.1,TRUE,NON-RETAIL: mislabeled for a forex directory — reclassify/relocate
1468,Cantor FX,cantor-fx,Inter-dealer/Institutional,Active,Unknown,Minimal,Institutional/non-retail (no regulator on record) — finance profile but negligible retail broker-review demand; flag reclassify,Med,1.1,TRUE,NON-RETAIL: mislabeled for a forex directory — reclassify/relocate
1469,Capstone Investment Advisors,capstone-investment-advisors,Inter-dealer/Institutional,Active,Unknown,Minimal,Institutional/non-retail (no regulator on record) — finance profile but negligible retail broker-review demand; flag reclassify,Med,1.1,TRUE,NON-RETAIL: mislabeled for a forex directory — reclassify/relocate
1470,Capula Investment Management,capula-investment-management,Inter-dealer/Institutional,Active,Unknown,Minimal,Institutional/non-retail (no regulator on record) — finance profile but negligible retail broker-review demand; flag reclassify,Med,1.1,TRUE,NON-RETAIL: mislabeled for a forex directory — reclassify/relocate
1471,Caxton Associates,caxton-associates,Inter-dealer/Institutional,Active,Unknown,Minimal,Institutional/non-retail (no regulator on record) — finance profile but negligible retail broker-review demand; flag reclassify,Med,1.1,TRUE,NON-RETAIL: mislabeled for a forex directory — reclassify/relocate
1472,Cboe FX,cboe-fx,Inter-dealer/Institutional,Active,Unknown,Minimal,Institutional/non-retail (no regulator on record) — finance profile but negligible retail broker-review demand; flag reclassify,Med,1.1,TRUE,NON-RETAIL: mislabeled for a forex directory — reclassify/relocate
1473,Chicago Trading Company,chicago-trading-company,Inter-dealer/Institutional,Active,Unknown,Minimal,Institutional/non-retail (no regulator on record) — finance profile but negligible retail broker-review demand; flag reclassify,Med,1.1,TRUE,NON-RETAIL: mislabeled for a forex directory — reclassify/relocate
1474,Citadel,citadel-hedge-fund,Inter-dealer/Institutional,Active,Unknown,Minimal,Institutional/non-retail (no regulator on record) — finance profile but negligible retail broker-review demand; flag reclassify,Med,1.1,TRUE,NON-RETAIL: mislabeled for a forex directory — reclassify/relocate
1475,Commerzbank Brokerage,commerzbank-brokerage,Inter-dealer/Institutional,Active,Unknown,Minimal,Institutional/non-retail (no regulator on record) — finance profile but negligible retail broker-review demand; flag reclassify,Med,1.1,TRUE,NON-RETAIL: mislabeled for a forex directory — reclassify/relocate
1476,Consolidated Trading,consolidated-trading,Inter-dealer/Institutional,Active,Unknown,Minimal,Institutional/non-retail (no regulator on record) — finance profile but negligible retail broker-review demand; flag reclassify,Med,1.1,TRUE,NON-RETAIL: mislabeled for a forex directory — reclassify/relocate
1477,Cubist Systematic Strategies,cubist-systematic-strategies,Inter-dealer/Institutional,Active,Unknown,Minimal,Institutional/non-retail (no regulator on record) — finance profile but negligible retail broker-review demand; flag reclassify,Med,1.1,TRUE,NON-RETAIL: mislabeled for a forex directory — reclassify/relocate
1478,DV Trading,dv-trading,Inter-dealer/Institutional,Active,Unknown,Minimal,Institutional/non-retail (no regulator on record) — finance profile but negligible retail broker-review demand; flag reclassify,Med,1.1,TRUE,NON-RETAIL: mislabeled for a forex directory — reclassify/relocate
1479,Da Vinci Derivatives,da-vinci-derivatives,Inter-dealer/Institutional,Active,Unknown,Minimal,Institutional/non-retail (no regulator on record) — finance profile but negligible retail broker-review demand; flag reclassify,Med,1.1,TRUE,NON-RETAIL: mislabeled for a forex directory — reclassify/relocate
1480,Dorman FX,dorman-fx,Inter-dealer/Institutional,Active,Unknown,Minimal,Institutional/non-retail (no regulator on record) — finance profile but negligible retail broker-review demand; flag reclassify,Med,1.1,TRUE,NON-RETAIL: mislabeled for a forex directory — reclassify/relocate
1481,Dorman Trading,dorman-trading,Inter-dealer/Institutional,Active,Unknown,Minimal,Institutional/non-retail (no regulator on record) — finance profile but negligible retail broker-review demand; flag reclassify,Med,1.1,TRUE,NON-RETAIL: mislabeled for a forex directory — reclassify/relocate
1482,Dymon Asia Capital,dymon-asia-capital,Inter-dealer/Institutional,Active,Unknown,Minimal,Institutional/non-retail (no regulator on record) — finance profile but negligible retail broker-review demand; flag reclassify,Med,1.1,TRUE,NON-RETAIL: mislabeled for a forex directory — reclassify/relocate
1483,Eclipse Trading,eclipse-trading,Inter-dealer/Institutional,Active,Unknown,Minimal,Institutional/non-retail (no regulator on record) — finance profile but negligible retail broker-review demand; flag reclassify,Med,1.1,TRUE,NON-RETAIL: mislabeled for a forex directory — reclassify/relocate
1484,Eisler Capital,eisler-capital,Inter-dealer/Institutional,Active,Unknown,Minimal,Institutional/non-retail (no regulator on record) — finance profile but negligible retail broker-review demand; flag reclassify,Med,1.1,TRUE,NON-RETAIL: mislabeled for a forex directory — reclassify/relocate
1485,Engineers Gate,engineers-gate,Inter-dealer/Institutional,Active,Unknown,Minimal,Institutional/non-retail (no regulator on record) — finance profile but negligible retail broker-review demand; flag reclassify,Med,1.1,TRUE,NON-RETAIL: mislabeled for a forex directory — reclassify/relocate
1486,Enigma Securities,enigma-securities,Inter-dealer/Institutional,Active,Unknown,Minimal,Institutional/non-retail (no regulator on record) — finance profile but negligible retail broker-review demand; flag reclassify,Med,1.1,TRUE,NON-RETAIL: mislabeled for a forex directory — reclassify/relocate
1487,FXSpotStream,fxspotstream,Inter-dealer/Institutional,Active,Unknown,Minimal,Institutional/non-retail (no regulator on record) — finance profile but negligible retail broker-review demand; flag reclassify,Med,1.1,TRUE,NON-RETAIL: mislabeled for a forex directory — reclassify/relocate
1488,Five Rings,five-rings,Inter-dealer/Institutional,Active,Unknown,Minimal,Institutional/non-retail (no regulator on record) — finance profile but negligible retail broker-review demand; flag reclassify,Med,1.1,TRUE,NON-RETAIL: mislabeled for a forex directory — reclassify/relocate
1489,G Research,g-research,Inter-dealer/Institutional,Active,Unknown,Minimal,Institutional/non-retail (no regulator on record) — finance profile but negligible retail broker-review demand; flag reclassify,Med,1.1,TRUE,NON-RETAIL: mislabeled for a forex directory — reclassify/relocate
1490,GSA Capital,gsa-capital,Inter-dealer/Institutional,Active,Unknown,Minimal,Institutional/non-retail (no regulator on record) — finance profile but negligible retail broker-review demand; flag reclassify,Med,1.1,TRUE,NON-RETAIL: mislabeled for a forex directory — reclassify/relocate
1491,GSR,gsr,Inter-dealer/Institutional,Active,Unknown,Minimal,Institutional/non-retail (no regulator on record) — finance profile but negligible retail broker-review demand; flag reclassify,Med,1.1,TRUE,NON-RETAIL: mislabeled for a forex directory — reclassify/relocate
1492,GTS,gts,Inter-dealer/Institutional,Active,Unknown,Minimal,Institutional/non-retail (no regulator on record) — finance profile but negligible retail broker-review demand; flag reclassify,Med,1.1,TRUE,NON-RETAIL: mislabeled for a forex directory — reclassify/relocate
1493,Gelber Group,gelber-group,Inter-dealer/Institutional,Active,Unknown,Minimal,Institutional/non-retail (no regulator on record) — finance profile but negligible retail broker-review demand; flag reclassify,Med,1.1,TRUE,NON-RETAIL: mislabeled for a forex directory — reclassify/relocate
1494,Geneva Trading,geneva-trading,Inter-dealer/Institutional,Active,Unknown,Minimal,Institutional/non-retail (no regulator on record) — finance profile but negligible retail broker-review demand; flag reclassify,Med,1.1,TRUE,NON-RETAIL: mislabeled for a forex directory — reclassify/relocate
1495,Graticule Asset Management Asia,graticule-asset-management,Inter-dealer/Institutional,Active,Unknown,Minimal,Institutional/non-retail (no regulator on record) — finance profile but negligible retail broker-review demand; flag reclassify,Med,1.1,TRUE,NON-RETAIL: mislabeled for a forex directory — reclassify/relocate
1496,Group One Trading,group-one-trading,Inter-dealer/Institutional,Active,Unknown,Minimal,Institutional/non-retail (no regulator on record) — finance profile but negligible retail broker-review demand; flag reclassify,Med,1.1,TRUE,NON-RETAIL: mislabeled for a forex directory — reclassify/relocate
1497,Hard Eight Trading,hard-eight-trading,Inter-dealer/Institutional,Active,Unknown,Minimal,Institutional/non-retail (no regulator on record) — finance profile but negligible retail broker-review demand; flag reclassify,Med,1.1,TRUE,NON-RETAIL: mislabeled for a forex directory — reclassify/relocate
1498,Headlands Technologies,headlands-technologies,Inter-dealer/Institutional,Active,Unknown,Minimal,Institutional/non-retail (no regulator on record) — finance profile but negligible retail broker-review demand; flag reclassify,Med,1.1,TRUE,NON-RETAIL: mislabeled for a forex directory — reclassify/relocate
1499,IS Prime,is-prime,Inter-dealer/Institutional,Active,Unknown,Minimal,Institutional/non-retail (no regulator on record) — finance profile but negligible retail broker-review demand; flag reclassify,Med,1.1,TRUE,NON-RETAIL: mislabeled for a forex directory — reclassify/relocate
1500,J.P. Morgan Electronic Trading,jp-morgan-electronic-trading,Inter-dealer/Institutional,Active,Unknown,Minimal,Institutional/non-retail (no regulator on record) — finance profile but negligible retail broker-review demand; flag reclassify,Med,1.1,TRUE,NON-RETAIL: mislabeled for a forex directory — reclassify/relocate
1501,Kershner Trading Group,kershner-trading-group,Inter-dealer/Institutional,Active,Unknown,Minimal,Institutional/non-retail (no regulator on record) — finance profile but negligible retail broker-review demand; flag reclassify,Med,1.1,TRUE,NON-RETAIL: mislabeled for a forex directory — reclassify/relocate
1502,King Street Capital Management,king-street-capital-management,Inter-dealer/Institutional,Active,Unknown,Minimal,Institutional/non-retail (no regulator on record) — finance profile but negligible retail broker-review demand; flag reclassify,Med,1.1,TRUE,NON-RETAIL: mislabeled for a forex directory — reclassify/relocate
1503,LMR Partners,lmr-partners,Inter-dealer/Institutional,Active,Unknown,Minimal,Institutional/non-retail (no regulator on record) — finance profile but negligible retail broker-review demand; flag reclassify,Med,1.1,TRUE,NON-RETAIL: mislabeled for a forex directory — reclassify/relocate
1504,MIO Partners,mio-partners,Inter-dealer/Institutional,Active,Unknown,Minimal,Institutional/non-retail (no regulator on record) — finance profile but negligible retail broker-review demand; flag reclassify,Med,1.1,TRUE,NON-RETAIL: mislabeled for a forex directory — reclassify/relocate
1505,Man Financial,man-financial,Inter-dealer/Institutional,Active,Unknown,Minimal,Institutional/non-retail (no regulator on record) — finance profile but negligible retail broker-review demand; flag reclassify,Med,1.1,TRUE,NON-RETAIL: mislabeled for a forex directory — reclassify/relocate
1506,Marquette Partners,marquette-partners,Inter-dealer/Institutional,Active,Unknown,Minimal,Institutional/non-retail (no regulator on record) — finance profile but negligible retail broker-review demand; flag reclassify,Med,1.1,TRUE,NON-RETAIL: mislabeled for a forex directory — reclassify/relocate
1507,Match Prime Liquidity,match-prime-liquidity,Inter-dealer/Institutional,Active,Unknown,Minimal,Institutional/non-retail (no regulator on record) — finance profile but negligible retail broker-review demand; flag reclassify,Med,1.1,TRUE,NON-RETAIL: mislabeled for a forex directory — reclassify/relocate
1508,Maven Securities,maven-securities,Inter-dealer/Institutional,Active,Unknown,Minimal,Institutional/non-retail (no regulator on record) — finance profile but negligible retail broker-review demand; flag reclassify,Med,1.1,TRUE,NON-RETAIL: mislabeled for a forex directory — reclassify/relocate
1509,MercariX,mercarix,Inter-dealer/Institutional,Active,Unknown,Minimal,Institutional/non-retail (no regulator on record) — finance profile but negligible retail broker-review demand; flag reclassify,Med,1.1,TRUE,NON-RETAIL: mislabeled for a forex directory — reclassify/relocate
1510,Mitsubishi UFJ Morgan Stanley Securities,mitsubishi-ufj-morgan-stanley-securities,Inter-dealer/Institutional,Active,Unknown,Minimal,Institutional/non-retail (no regulator on record) — finance profile but negligible retail broker-review demand; flag reclassify,Med,1.1,TRUE,NON-RETAIL: mislabeled for a forex directory — reclassify/relocate
1511,Mizuho Securities,mizuho-securities,Inter-dealer/Institutional,Active,Unknown,Minimal,Institutional/non-retail (no regulator on record) — finance profile but negligible retail broker-review demand; flag reclassify,Med,1.1,TRUE,NON-RETAIL: mislabeled for a forex directory — reclassify/relocate
1512,Moore Capital Management,moore-capital-management,Inter-dealer/Institutional,Active,Unknown,Minimal,Institutional/non-retail (no regulator on record) — finance profile but negligible retail broker-review demand; flag reclassify,Med,1.1,TRUE,NON-RETAIL: mislabeled for a forex directory — reclassify/relocate
1513,Morgan Stanley Institutional Securities,morgan-stanley-institutional-securities,Inter-dealer/Institutional,Active,Unknown,Minimal,Institutional/non-retail (no regulator on record) — finance profile but negligible retail broker-review demand; flag reclassify,Med,1.1,TRUE,NON-RETAIL: mislabeled for a forex directory — reclassify/relocate
1514,NatWest Markets,natwest-markets,Inter-dealer/Institutional,Active,Unknown,Minimal,Institutional/non-retail (no regulator on record) — finance profile but negligible retail broker-review demand; flag reclassify,Med,1.1,TRUE,NON-RETAIL: mislabeled for a forex directory — reclassify/relocate
1515,Old Mission Capital,old-mission-capital,Inter-dealer/Institutional,Active,Unknown,Minimal,Institutional/non-retail (no regulator on record) — finance profile but negligible retail broker-review demand; flag reclassify,Med,1.1,TRUE,NON-RETAIL: mislabeled for a forex directory — reclassify/relocate
1516,PDT Partners,pdt-partners,Inter-dealer/Institutional,Active,Unknown,Minimal,Institutional/non-retail (no regulator on record) — finance profile but negligible retail broker-review demand; flag reclassify,Med,1.1,TRUE,NON-RETAIL: mislabeled for a forex directory — reclassify/relocate
1517,Pacific Financial Derivatives,pacific-financial-derivatives,Inter-dealer/Institutional,Active,Unknown,Minimal,Institutional/non-retail (no regulator on record) — finance profile but negligible retail broker-review demand; flag reclassify,Med,1.1,TRUE,NON-RETAIL: mislabeled for a forex directory — reclassify/relocate
1518,PanAgora Asset Management,panagora-asset-management,Inter-dealer/Institutional,Active,Unknown,Minimal,Institutional/non-retail (no regulator on record) — finance profile but negligible retail broker-review demand; flag reclassify,Med,1.1,TRUE,NON-RETAIL: mislabeled for a forex directory — reclassify/relocate
1519,Peel Hunt,peel-hunt,Inter-dealer/Institutional,Active,Unknown,Minimal,Institutional/non-retail (no regulator on record) — finance profile but negligible retail broker-review demand; flag reclassify,Med,1.1,TRUE,NON-RETAIL: mislabeled for a forex directory — reclassify/relocate
1520,Quantlab,quantlab,Inter-dealer/Institutional,Active,Unknown,Minimal,Institutional/non-retail (no regulator on record) — finance profile but negligible retail broker-review demand; flag reclassify,Med,1.1,TRUE,NON-RETAIL: mislabeled for a forex directory — reclassify/relocate
1521,Qube Research & Technologies,qube-research-technologies,Inter-dealer/Institutional,Active,Unknown,Minimal,Institutional/non-retail (no regulator on record) — finance profile but negligible retail broker-review demand; flag reclassify,Med,1.1,TRUE,NON-RETAIL: mislabeled for a forex directory — reclassify/relocate
1522,Quest Partners,quest-partners,Inter-dealer/Institutional,Active,Unknown,Minimal,Institutional/non-retail (no regulator on record) — finance profile but negligible retail broker-review demand; flag reclassify,Med,1.1,TRUE,NON-RETAIL: mislabeled for a forex directory — reclassify/relocate
1523,R.J. O'Brien,rj-obrien,Inter-dealer/Institutional,Active,Unknown,Minimal,Institutional/non-retail (no regulator on record) — finance profile but negligible retail broker-review demand; flag reclassify,Med,1.1,TRUE,NON-RETAIL: mislabeled for a forex directory — reclassify/relocate
1524,RJ O'Brien,rj-obrien,Inter-dealer/Institutional,Active,Unknown,Minimal,Institutional/non-retail (no regulator on record) — finance profile but negligible retail broker-review demand; flag reclassify,Med,1.1,TRUE,NON-RETAIL: mislabeled for a forex directory — reclassify/relocate
1525,Radix Trading,radix-trading,Inter-dealer/Institutional,Active,Unknown,Minimal,Institutional/non-retail (no regulator on record) — finance profile but negligible retail broker-review demand; flag reclassify,Med,1.1,TRUE,NON-RETAIL: mislabeled for a forex directory — reclassify/relocate
1526,Rokos Capital Management,rokos-capital-management,Inter-dealer/Institutional,Active,Unknown,Minimal,Institutional/non-retail (no regulator on record) — finance profile but negligible retail broker-review demand; flag reclassify,Med,1.1,TRUE,NON-RETAIL: mislabeled for a forex directory — reclassify/relocate
1527,Ronin Capital,ronin-capital,Inter-dealer/Institutional,Active,Unknown,Minimal,Institutional/non-retail (no regulator on record) — finance profile but negligible retail broker-review demand; flag reclassify,Med,1.1,TRUE,NON-RETAIL: mislabeled for a forex directory — reclassify/relocate
1528,SMBC Nikko Securities,smbc-nikko-securities,Inter-dealer/Institutional,Active,Unknown,Minimal,Institutional/non-retail (no regulator on record) — finance profile but negligible retail broker-review demand; flag reclassify,Med,1.1,TRUE,NON-RETAIL: mislabeled for a forex directory — reclassify/relocate
1529,Schonfeld Strategic Advisors,schonfeld-strategic-advisors,Inter-dealer/Institutional,Active,Unknown,Minimal,Institutional/non-retail (no regulator on record) — finance profile but negligible retail broker-review demand; flag reclassify,Med,1.1,TRUE,NON-RETAIL: mislabeled for a forex directory — reclassify/relocate
1530,Shore Capital Markets,shore-capital-markets,Inter-dealer/Institutional,Active,Unknown,Minimal,Institutional/non-retail (no regulator on record) — finance profile but negligible retail broker-review demand; flag reclassify,Med,1.1,TRUE,NON-RETAIL: mislabeled for a forex directory — reclassify/relocate
1531,Simplex Trading,simplex-trading,Inter-dealer/Institutional,Active,Unknown,Minimal,Institutional/non-retail (no regulator on record) — finance profile but negligible retail broker-review demand; flag reclassify,Med,1.1,TRUE,NON-RETAIL: mislabeled for a forex directory — reclassify/relocate
1532,Squarepoint Capital,squarepoint-capital,Inter-dealer/Institutional,Active,Unknown,Minimal,Institutional/non-retail (no regulator on record) — finance profile but negligible retail broker-review demand; flag reclassify,Med,1.1,TRUE,NON-RETAIL: mislabeled for a forex directory — reclassify/relocate
1533,Straits Financial,straits-financial,Inter-dealer/Institutional,Active,Unknown,Minimal,Institutional/non-retail (no regulator on record) — finance profile but negligible retail broker-review demand; flag reclassify,Med,1.1,TRUE,NON-RETAIL: mislabeled for a forex directory — reclassify/relocate
1534,Straits Financial Futures,straits-financial-futures,Inter-dealer/Institutional,Active,Unknown,Minimal,Institutional/non-retail (no regulator on record) — finance profile but negligible retail broker-review demand; flag reclassify,Med,1.1,TRUE,NON-RETAIL: mislabeled for a forex directory — reclassify/relocate
1535,Sucden FX,sucden-fx,Inter-dealer/Institutional,Active,Unknown,Minimal,Institutional/non-retail (no regulator on record) — finance profile but negligible retail broker-review demand; flag reclassify,Med,1.1,TRUE,NON-RETAIL: mislabeled for a forex directory — reclassify/relocate
1536,Sucden Financial Asia,sucden-financial-asia,Inter-dealer/Institutional,Active,Unknown,Minimal,Institutional/non-retail (no regulator on record) — finance profile but negligible retail broker-review demand; flag reclassify,Med,1.1,TRUE,NON-RETAIL: mislabeled for a forex directory — reclassify/relocate
1537,Sun Trading,sun-trading,Inter-dealer/Institutional,Active,Unknown,Minimal,Institutional/non-retail (no regulator on record) — finance profile but negligible retail broker-review demand; flag reclassify,Med,1.1,TRUE,NON-RETAIL: mislabeled for a forex directory — reclassify/relocate
1538,Susquehanna International Securities,susquehanna-international-securities,Inter-dealer/Institutional,Active,Unknown,Minimal,Institutional/non-retail (no regulator on record) — finance profile but negligible retail broker-review demand; flag reclassify,Med,1.1,TRUE,NON-RETAIL: mislabeled for a forex directory — reclassify/relocate
1539,Swiss Clearing & Trade Management,swiss-clearing-trade-management,Inter-dealer/Institutional,Active,Unknown,Minimal,Institutional/non-retail (no regulator on record) — finance profile but negligible retail broker-review demand; flag reclassify,Med,1.1,TRUE,NON-RETAIL: mislabeled for a forex directory — reclassify/relocate
1540,Teza Technologies,teza-technologies,Inter-dealer/Institutional,Active,Unknown,Minimal,Institutional/non-retail (no regulator on record) — finance profile but negligible retail broker-review demand; flag reclassify,Med,1.1,TRUE,NON-RETAIL: mislabeled for a forex directory — reclassify/relocate
1541,Tibra Capital,tibra-capital,Inter-dealer/Institutional,Active,Unknown,Minimal,Institutional/non-retail (no regulator on record) — finance profile but negligible retail broker-review demand; flag reclassify,Med,1.1,TRUE,NON-RETAIL: mislabeled for a forex directory — reclassify/relocate
1542,TransMarket Group,transmarket-group,Inter-dealer/Institutional,Active,Unknown,Minimal,Institutional/non-retail (no regulator on record) — finance profile but negligible retail broker-review demand; flag reclassify,Med,1.1,TRUE,NON-RETAIL: mislabeled for a forex directory — reclassify/relocate
1543,Transtrend,transtrend,Inter-dealer/Institutional,Active,Unknown,Minimal,Institutional/non-retail (no regulator on record) — finance profile but negligible retail broker-review demand; flag reclassify,Med,1.1,TRUE,NON-RETAIL: mislabeled for a forex directory — reclassify/relocate
1544,Tudor Investment Corporation,tudor-investment-corporation,Inter-dealer/Institutional,Active,Unknown,Minimal,Institutional/non-retail (no regulator on record) — finance profile but negligible retail broker-review demand; flag reclassify,Med,1.1,TRUE,NON-RETAIL: mislabeled for a forex directory — reclassify/relocate
1545,Valkyrie Trading,valkyrie-trading,Inter-dealer/Institutional,Active,Unknown,Minimal,Institutional/non-retail (no regulator on record) — finance profile but negligible retail broker-review demand; flag reclassify,Med,1.1,TRUE,NON-RETAIL: mislabeled for a forex directory — reclassify/relocate
1546,Velocity Trade,velocity-trade,Inter-dealer/Institutional,Active,Unknown,Minimal,Institutional/non-retail (no regulator on record) — finance profile but negligible retail broker-review demand; flag reclassify,Med,1.1,TRUE,NON-RETAIL: mislabeled for a forex directory — reclassify/relocate
1547,Vivienne Court Trading,vivienne-court-trading,Inter-dealer/Institutional,Active,Unknown,Minimal,Institutional/non-retail (no regulator on record) — finance profile but negligible retail broker-review demand; flag reclassify,Med,1.1,TRUE,NON-RETAIL: mislabeled for a forex directory — reclassify/relocate
1548,Volant Trading,volant-trading,Inter-dealer/Institutional,Active,Unknown,Minimal,Institutional/non-retail (no regulator on record) — finance profile but negligible retail broker-review demand; flag reclassify,Med,1.1,TRUE,NON-RETAIL: mislabeled for a forex directory — reclassify/relocate
1549,Voleon Group,voleon-group,Inter-dealer/Institutional,Active,Unknown,Minimal,Institutional/non-retail (no regulator on record) — finance profile but negligible retail broker-review demand; flag reclassify,Med,1.1,TRUE,NON-RETAIL: mislabeled for a forex directory — reclassify/relocate
1550,WH Trading,wh-trading,Inter-dealer/Institutional,Active,Unknown,Minimal,Institutional/non-retail (no regulator on record) — finance profile but negligible retail broker-review demand; flag reclassify,Med,1.1,TRUE,NON-RETAIL: mislabeled for a forex directory — reclassify/relocate
1551,WSD Financial,wsd-financial,Inter-dealer/Institutional,Active,Unknown,Minimal,Institutional/non-retail (no regulator on record) — finance profile but negligible retail broker-review demand; flag reclassify,Med,1.1,TRUE,NON-RETAIL: mislabeled for a forex directory — reclassify/relocate
1552,Wedbush Futures,wedbush-futures,Inter-dealer/Institutional,Active,Unknown,Minimal,Institutional/non-retail (no regulator on record) — finance profile but negligible retail broker-review demand; flag reclassify,Med,1.1,TRUE,NON-RETAIL: mislabeled for a forex directory — reclassify/relocate
1553,Weiss Multi Strategy Advisers,weiss-multi-strategy-advisers,Inter-dealer/Institutional,Active,Unknown,Minimal,Institutional/non-retail (no regulator on record) — finance profile but negligible retail broker-review demand; flag reclassify,Med,1.1,TRUE,NON-RETAIL: mislabeled for a forex directory — reclassify/relocate
1554,Wintermute,wintermute,Inter-dealer/Institutional,Active,Unknown,Minimal,Institutional/non-retail (no regulator on record) — finance profile but negligible retail broker-review demand; flag reclassify,Med,1.1,TRUE,NON-RETAIL: mislabeled for a forex directory — reclassify/relocate
1555,Wolverine Trading,wolverine-trading,Inter-dealer/Institutional,Active,Unknown,Minimal,Institutional/non-retail (no regulator on record) — finance profile but negligible retail broker-review demand; flag reclassify,Med,1.1,TRUE,NON-RETAIL: mislabeled for a forex directory — reclassify/relocate
1556,WorldQuant,worldquant,Inter-dealer/Institutional,Active,Unknown,Minimal,Institutional/non-retail (no regulator on record) — finance profile but negligible retail broker-review demand; flag reclassify,Med,1.1,TRUE,NON-RETAIL: mislabeled for a forex directory — reclassify/relocate
1557,XR Trading,xr-trading,Inter-dealer/Institutional,Active,Unknown,Minimal,Institutional/non-retail (no regulator on record) — finance profile but negligible retail broker-review demand; flag reclassify,Med,1.1,TRUE,NON-RETAIL: mislabeled for a forex directory — reclassify/relocate
1558,Zais Group,zais-group,Inter-dealer/Institutional,Active,Unknown,Minimal,Institutional/non-retail (no regulator on record) — finance profile but negligible retail broker-review demand; flag reclassify,Med,1.1,TRUE,NON-RETAIL: mislabeled for a forex directory — reclassify/relocate
1559,Brokbusinessbank,brokbusinessbank,Other,License revoked/Regulatory action,T2,Minimal,"Regulatory action — NBU revoked license, liquidated 2014 (Ukrainian bank); retained for record",High,1.1,TRUE,"NBU revoked license, liquidated 2014 (Ukrainian bank)"
1560,APEX FX Trading,apex-fx-trading,Forex Broker,License revoked/Regulatory action,Unregulated,Minimal,"Regulatory action — FCA warning Jan2026: unauthorised firm, Rochdale UK address; retained for record",High,1.1,TRUE,"FCA warning Jan2026: unauthorised firm, Rochdale UK address"
1561,CapitalBear,capitalbear,Forex Broker,License revoked/Regulatory action,Unregulated,Minimal,Regulatory action — Unregulated (Digital Smart LLC); Malaysia SC alert-list 2022; retained for record,Med,1.1,TRUE,Unregulated (Digital Smart LLC); Malaysia SC alert-list 2022
1562,Osiris FX,osiris-fx,Forex Broker,License revoked/Regulatory action,Unregulated,Minimal,Regulatory action — Massachusetts regulator alleged forex fraud; defunct; retained for record,Med,1.1,TRUE,Massachusetts regulator alleged forex fraud; defunct
1563,FXCM EU,fxcm-eu,Forex Broker,License revoked/Regulatory action,Unknown,Minimal,Regulatory action — US ban 2017; EU entity operated by StoneX; retained for record,High,1.1,TRUE,US ban 2017; EU entity operated by StoneX
1564,FXCM Pro,fxcm-pro,Forex Broker,License revoked/Regulatory action,Unknown,Minimal,Regulatory action — US ban 2017; institutional arm under StoneX; retained for record,High,1.1,TRUE,US ban 2017; institutional arm under StoneX
1565,InterForex,interforex,Forex Broker,License revoked/Regulatory action,Unknown,Minimal,"Regulatory action — Swiss FX broker, CFTC settlement; retained for record",Med,1.1,TRUE,"Swiss FX broker, CFTC settlement"
1566,Black Eagle Trading,black-eagle-trading,Inter-dealer/Institutional,Active,Unknown,Minimal,Institutional/non-retail (no regulator on record) — finance profile but negligible retail broker-review demand; flag reclassify,Med,1.1,TRUE,NON-RETAIL: mislabeled for a forex directory — reclassify/relocate
1567,Blue Point Trading,blue-point-trading,Inter-dealer/Institutional,Active,Unknown,Minimal,Institutional/non-retail (no regulator on record) — finance profile but negligible retail broker-review demand; flag reclassify,Med,1.1,TRUE,NON-RETAIL: mislabeled for a forex directory — reclassify/relocate
1568,CITIC Futures,citic-futures,Inter-dealer/Institutional,Active,Unknown,Minimal,Institutional/non-retail (no regulator on record) — finance profile but negligible retail broker-review demand; flag reclassify,Med,1.1,TRUE,NON-RETAIL: mislabeled for a forex directory — reclassify/relocate
1569,Founder CIFCO Futures,founder-cifco-futures,Inter-dealer/Institutional,Active,Unknown,Minimal,Institutional/non-retail (no regulator on record) — finance profile but negligible retail broker-review demand; flag reclassify,Med,1.1,TRUE,NON-RETAIL: mislabeled for a forex directory — reclassify/relocate
1570,Galaxy Futures,galaxy-futures,Inter-dealer/Institutional,Active,Unknown,Minimal,Institutional/non-retail (no regulator on record) — finance profile but negligible retail broker-review demand; flag reclassify,Med,1.1,TRUE,NON-RETAIL: mislabeled for a forex directory — reclassify/relocate
1571,Guotai Junan Futures,guotai-junan-futures,Inter-dealer/Institutional,Active,Unknown,Minimal,Institutional/non-retail (no regulator on record) — finance profile but negligible retail broker-review demand; flag reclassify,Med,1.1,TRUE,NON-RETAIL: mislabeled for a forex directory — reclassify/relocate
1572,High-Flyer Quant,high-flyer-quant,Inter-dealer/Institutional,Active,Unknown,Minimal,Institutional/non-retail (no regulator on record) — finance profile but negligible retail broker-review demand; flag reclassify,Med,1.1,TRUE,NON-RETAIL: mislabeled for a forex directory — reclassify/relocate
1573,Huatai Futures,huatai-futures,Inter-dealer/Institutional,Active,Unknown,Minimal,Institutional/non-retail (no regulator on record) — finance profile but negligible retail broker-review demand; flag reclassify,Med,1.1,TRUE,NON-RETAIL: mislabeled for a forex directory — reclassify/relocate
1574,Kronos Research,kronos-research,Inter-dealer/Institutional,Active,Unknown,Minimal,Institutional/non-retail (no regulator on record) — finance profile but negligible retail broker-review demand; flag reclassify,Med,1.1,TRUE,NON-RETAIL: mislabeled for a forex directory — reclassify/relocate
1575,Monex Casa de Bolsa,monex-casa-de-bolsa,Inter-dealer/Institutional,Active,Unknown,Minimal,Institutional/non-retail (no regulator on record) — finance profile but negligible retail broker-review demand; flag reclassify,Med,1.1,TRUE,NON-RETAIL: mislabeled for a forex directory — reclassify/relocate
1576,Nanhua Futures,nanhua-futures,Inter-dealer/Institutional,Active,Unknown,Minimal,Institutional/non-retail (no regulator on record) — finance profile but negligible retail broker-review demand; flag reclassify,Med,1.1,TRUE,NON-RETAIL: mislabeled for a forex directory — reclassify/relocate
1577,Orient Futures,orient-futures,Inter-dealer/Institutional,Active,Unknown,Minimal,Institutional/non-retail (no regulator on record) — finance profile but negligible retail broker-review demand; flag reclassify,Med,1.1,TRUE,NON-RETAIL: mislabeled for a forex directory — reclassify/relocate
1578,Scotia Corredora de Bolsa Chile,scotia-corredora-chile,Inter-dealer/Institutional,Active,Unknown,Minimal,Institutional/non-retail (no regulator on record) — finance profile but negligible retail broker-review demand; flag reclassify,Med,1.1,TRUE,NON-RETAIL: mislabeled for a forex directory — reclassify/relocate
1579,Toro Trading,toro-trading,Inter-dealer/Institutional,Active,Unknown,Minimal,Institutional/non-retail (no regulator on record) — finance profile but negligible retail broker-review demand; flag reclassify,Med,1.1,TRUE,NON-RETAIL: mislabeled for a forex directory — reclassify/relocate
1580,Tullett Prebon Brasil,tullett-prebon-brasil,Inter-dealer/Institutional,Active,Unknown,Minimal,Institutional/non-retail (no regulator on record) — finance profile but negligible retail broker-review demand; flag reclassify,Med,1.1,TRUE,NON-RETAIL: mislabeled for a forex directory — reclassify/relocate
1581,Vector Casa de Bolsa,vector-casa-de-bolsa,Inter-dealer/Institutional,Active,Unknown,Minimal,Institutional/non-retail (no regulator on record) — finance profile but negligible retail broker-review demand; flag reclassify,Med,1.1,TRUE,NON-RETAIL: mislabeled for a forex directory — reclassify/relocate
1582,XBTO,xbto,Inter-dealer/Institutional,Active,Unknown,Minimal,Institutional/non-retail (no regulator on record) — finance profile but negligible retail broker-review demand; flag reclassify,Med,1.1,TRUE,NON-RETAIL: mislabeled for a forex directory — reclassify/relocate
1583,XP Asset Management,xp-asset-management,Inter-dealer/Institutional,Active,Unknown,Minimal,Institutional/non-retail (no regulator on record) — finance profile but negligible retail broker-review demand; flag reclassify,Med,1.1,TRUE,NON-RETAIL: mislabeled for a forex directory — reclassify/relocate
1584,Askobid,askobid,Forex Broker,License revoked/Regulatory action,Unregulated,Minimal,Regulatory action — FCA scam warning; unauthorized offshore broker; retained for record,Med,1.1,TRUE,FCA scam warning; unauthorized offshore broker
1585,BizzTrade,bizztrade,CFD Broker,License revoked/Regulatory action,Unregulated,Minimal,Regulatory action — MLM investment scam; CONSOB/BaFin warnings; unregulated; retained for record,Med,1.1,TRUE,MLM investment scam; CONSOB/BaFin warnings; unregulated
1586,CIBfx,cibfx,Forex Broker,License revoked/Regulatory action,Unregulated,Minimal,Regulatory action — FCA clone warning; CONSOB/CNMV/FSMA blacklists; no license; retained for record,High,1.1,TRUE,FCA clone warning; CONSOB/CNMV/FSMA blacklists; no license
1587,FinmaxFX,finmaxfx,CFD Broker,License revoked/Regulatory action,Unregulated,Minimal,Regulatory action — Binary-options/CFD scam; AMF blacklist warning; retained for record,Med,1.1,TRUE,Binary-options/CFD scam; AMF blacklist warning
1588,FrontStocks,frontstocks,CFD Broker,License revoked/Regulatory action,Unregulated,Minimal,Regulatory action — unauthorized; CONSOB/regulator warnings; retained for record,Med,1.1,TRUE,unauthorized; CONSOB/regulator warnings
1589,MatrixFX,matrixfx,Forex Broker,License revoked/Regulatory action,Unregulated,Minimal,Regulatory action — MFSA warning; unregulated clone/scam; retained for record,Med,1.1,TRUE,MFSA warning; unregulated clone/scam
1590,MaxiMarkets,maximarkets,Forex Broker,License revoked/Regulatory action,Unregulated,Minimal,"Regulatory action — Russian-facing broker; regulator-warned, scam-flagged; retained for record",Med,1.1,TRUE,"Russian-facing broker; regulator-warned, scam-flagged"
1591,MaxiTrade,maxitrade,CFD Broker,License revoked/Regulatory action,Unregulated,Minimal,Regulatory action — Scam; multiple regulator warnings/blacklists; retained for record,Med,1.1,TRUE,Scam; multiple regulator warnings/blacklists
1592,Alfa Forex,alfa-forex,Forex Broker,License revoked/Regulatory action,Unknown,Minimal,Regulatory action — Alfa-Bank under international sanctions; retained for record,High,1.1,TRUE,Alfa-Bank under international sanctions
1593,Finam Forex,finam-forex,Forex Broker,License revoked/Regulatory action,Unknown,Minimal,Regulatory action — Russian broker; Bank of Russia curtailed FX dealing; retained for record,High,1.1,TRUE,Russian broker; Bank of Russia curtailed FX dealing
1594,VTB Forex,vtb-forex,Forex Broker,License revoked/Regulatory action,Unknown,Minimal,Regulatory action — VTB Bank under international sanctions; retained for record,High,1.1,TRUE,VTB Bank under international sanctions
1595,FFI Forex and Futures International,ffi-forex-futures,Inter-dealer/Institutional,Active,Unknown,Minimal,Institutional/non-retail (no regulator on record) — finance profile but negligible retail broker-review demand; flag reclassify,Low,1.1,TRUE,NON-RETAIL: mislabeled for a forex directory — reclassify/relocate
1596,Persepolis Capital Management,persepolis-capital-management,Inter-dealer/Institutional,Active,Unknown,Minimal,Institutional/non-retail (no regulator on record) — finance profile but negligible retail broker-review demand; flag reclassify,Low,1.1,TRUE,NON-RETAIL: mislabeled for a forex directory — reclassify/relocate
1597,Olymp Trade,olymp-trade,Other,License revoked/Regulatory action,Offshore,Minimal,Regulatory action — Binary/fixed-time options; EU-banned; offshore SVG; retained for record,High,1.1,TRUE,Binary/fixed-time options; EU-banned; offshore SVG
1598,Currenex,currenex,Inter-dealer/Institutional,Acquired/Merged,Unknown,Minimal,Acquired/merged — Owned by State Street (sold to C-View/others); brand continuity uncertain,High,1.1,TRUE,Owned by State Street (sold to C-View/others); NON-RETAIL: mislabeled for a forex directory — reclassify/relocate
1599,EBS,ebs,Inter-dealer/Institutional,Acquired/Merged,Unknown,Minimal,Acquired/merged — Part of CME Group (via NEX/ICAP); brand continuity uncertain,High,1.1,TRUE,Part of CME Group (via NEX/ICAP); NON-RETAIL: mislabeled for a forex directory — reclassify/relocate
1600,ED&F Man Capital Markets,edf-man-capital-markets,Inter-dealer/Institutional,Acquired/Merged,Unknown,Minimal,Acquired/merged — Acquired by Marex (2022); brand continuity uncertain,High,1.1,TRUE,Acquired by Marex (2022); NON-RETAIL: mislabeled for a forex directory — reclassify/relocate
1601,Liberum Capital,liberum-capital,Inter-dealer/Institutional,Acquired/Merged,Unknown,Minimal,Acquired/merged — Merged with Panmure Gordon (2024); brand continuity uncertain,High,1.1,TRUE,Merged with Panmure Gordon (2024); NON-RETAIL: mislabeled for a forex directory — reclassify/relocate
1602,Numis Securities,numis-securities,Inter-dealer/Institutional,Acquired/Merged,Unknown,Minimal,Acquired/merged — Acquired by Deutsche Bank (2023); brand continuity uncertain,High,1.1,TRUE,Acquired by Deutsche Bank (2023); NON-RETAIL: mislabeled for a forex directory — reclassify/relocate
1603,Panmure Gordon,panmure-gordon,Inter-dealer/Institutional,Acquired/Merged,Unknown,Minimal,Acquired/merged — Merged with Liberum to form Panmure Liberum (2024); brand continuity uncertain,High,1.1,TRUE,Merged with Liberum to form Panmure Liberum (2024); NON-RETAIL: mislabeled for a forex directory — reclassify/relocate
1604,My Forex Funds,my-forex-funds,Prop Firm,Shut down,Unknown,Mid,Defunct/closed — Shut down 2023 — CFTC/OSC fraud action (Traders Global Group); ranked for record only,High,1.0,TRUE,⚠ KAPANMIŞ / DEFUNCT (Shut down) — EN ALTA / 1.0 PUAN. Shut down 2023 — CFTC/OSC fraud action (Traders Global Group). Aksiyon: içerik üretme; arşivle/çıkar.
1605,Traders Global Group,traders-global-group,Prop Firm,Shut down,Unknown,Mid,"Defunct/closed — Parent of My Forex Funds; CFTC/OSC action 2023, operations halted; ranked for record only",High,1.0,TRUE,"⚠ KAPANMIŞ / DEFUNCT (Shut down) — EN ALTA / 1.0 PUAN. Parent of My Forex Funds; CFTC/OSC action 2023, operations halted. Aksiyon: içerik üretme; arşivle/çıkar."
1606,Ayondo,ayondo,Forex Broker,Shut down,Unknown,Mid,Defunct/closed — Insolvency ~2019-2020; ranked for record only,High,1.0,TRUE,⚠ KAPANMIŞ / DEFUNCT (Shut down) — EN ALTA / 1.0 PUAN. Insolvency ~2019-2020. Aksiyon: içerik üretme; arşivle/çıkar.
1607,My Forex Funds Pro,my-forex-funds-pro,Prop Firm,Shut down,Unregulated,Low,Defunct/closed — CFTC/OSC froze operations 2023; prop firm; ranked for record only,High,1.0,TRUE,⚠ KAPANMIŞ / DEFUNCT (Shut down) — EN ALTA / 1.0 PUAN. CFTC/OSC froze operations 2023; prop firm. Aksiyon: içerik üretme; arşivle/çıkar.
1608,Fast Track Trading,fast-track-trading,Prop Firm,Shut down,Unregulated,Low,"Defunct/closed — futures prop firm, ceased operations Nov 2024; ranked for record only",High,1.0,TRUE,"⚠ KAPANMIŞ / DEFUNCT (Shut down) — EN ALTA / 1.0 PUAN. futures prop firm, ceased operations Nov 2024. Aksiyon: içerik üretme; arşivle/çıkar."
1609,True Forex Funds,true-forex-funds,Prop Firm,Shut down,Unregulated,Low,Defunct/closed — Prop firm; shut down 2024; ranked for record only,Med,1.0,TRUE,⚠ KAPANMIŞ / DEFUNCT (Shut down) — EN ALTA / 1.0 PUAN. Prop firm; shut down 2024. Aksiyon: içerik üretme; arşivle/çıkar.
1610,Leveled Up Society,leveled-up-society,Prop Firm,Shut down,Unregulated,Low,Defunct/closed — Prop firm collapsed 2023; traders in limbo; ranked for record only,Med,1.0,TRUE,⚠ KAPANMIŞ / DEFUNCT (Shut down) — EN ALTA / 1.0 PUAN. Prop firm collapsed 2023; traders in limbo. Aksiyon: içerik üretme; arşivle/çıkar.
1611,StormGain,stormgain,Crypto Exchange,Shut down,Offshore,Low,"Defunct/closed — SVG crypto platform; discontinued Jan 2025, migrated YouHodler; ranked for record only",High,1.0,TRUE,"⚠ KAPANMIŞ / DEFUNCT (Shut down) — EN ALTA / 1.0 PUAN. SVG crypto platform; discontinued Jan 2025, migrated YouHodler. Aksiyon: içerik üretme; arşivle/çıkar."
1612,Broker Jet,broker-jet,CFD Broker,Shut down,T1,Low,Defunct/closed — Erste Bank online broker brokerjet.at; closed 2016; ranked for record only,Med,1.0,TRUE,⚠ KAPANMIŞ / DEFUNCT (Shut down) — EN ALTA / 1.0 PUAN. Erste Bank online broker brokerjet.at; closed 2016. Aksiyon: içerik üretme; arşivle/çıkar.
1613,DCM Forex,dcm-forex,Forex Broker,Shut down,T1,Low,Defunct/closed — ASIC-licensed Direct Currency Markets (Melbourne); broker closed; ranked for record only,Med,1.0,TRUE,⚠ KAPANMIŞ / DEFUNCT (Shut down) — EN ALTA / 1.0 PUAN. ASIC-licensed Direct Currency Markets (Melbourne); broker closed. Aksiyon: içerik üretme; arşivle/çıkar.
1614,FOREXYARD,forexyard,Forex Broker,Shut down,T1,Low,Defunct/closed — CySEC Cyprus; ceased to exist; ranked for record only,Med,1.0,TRUE,⚠ KAPANMIŞ / DEFUNCT (Shut down) — EN ALTA / 1.0 PUAN. CySEC Cyprus; ceased to exist. Aksiyon: içerik üretme; arşivle/çıkar.
1615,Finexo,finexo,Forex Broker,Shut down,T1,Low,Defunct/closed — CySEC Cyprus (Leadcapital); brand now defunct; ranked for record only,Med,1.0,TRUE,⚠ KAPANMIŞ / DEFUNCT (Shut down) — EN ALTA / 1.0 PUAN. CySEC Cyprus (Leadcapital); brand now defunct. Aksiyon: içerik üretme; arşivle/çıkar.
1616,ForexTB,forextb,CFD Broker,Shut down,T1,Low,Defunct/closed — CySEC-era brand (Forex TB Ltd); ceased; ranked for record only,Med,1.0,TRUE,⚠ KAPANMIŞ / DEFUNCT (Shut down) — EN ALTA / 1.0 PUAN. CySEC-era brand (Forex TB Ltd); ceased. Aksiyon: içerik üretme; arşivle/çıkar.
1617,Ikon Global Markets,ikon-global-markets,Forex Broker,Shut down,T1,Low,Defunct/closed — $22.9M US fraud judgment; CFTC-fined; defunct; ranked for record only,Med,1.0,TRUE,⚠ KAPANMIŞ / DEFUNCT (Shut down) — EN ALTA / 1.0 PUAN. $22.9M US fraud judgment; CFTC-fined; defunct. Aksiyon: içerik üretme; arşivle/çıkar.
1618,Investous,investous,CFD Broker,Shut down,T1,Low,Defunct/closed — CySEC brand; regulator warnings; ceased; ranked for record only,Med,1.0,TRUE,⚠ KAPANMIŞ / DEFUNCT (Shut down) — EN ALTA / 1.0 PUAN. CySEC brand; regulator warnings; ceased. Aksiyon: içerik üretme; arşivle/çıkar.
1619,TradeFred,tradefred,CFD Broker,Shut down,T1,Low,Defunct/closed — ASIC penalties with USGFX; ceased ~2020; ranked for record only,Med,1.0,TRUE,⚠ KAPANMIŞ / DEFUNCT (Shut down) — EN ALTA / 1.0 PUAN. ASIC penalties with USGFX; ceased ~2020. Aksiyon: içerik üretme; arşivle/çıkar.
1620,Tradeo,tradeo,Forex Broker,Shut down,T1,Low,Defunct/closed — CySEC Cyprus (Leadcapital); social-trading brand discontinued; ranked for record only,Med,1.0,TRUE,⚠ KAPANMIŞ / DEFUNCT (Shut down) — EN ALTA / 1.0 PUAN. CySEC Cyprus (Leadcapital); social-trading brand discontinued. Aksiyon: içerik üretme; arşivle/çıkar.
1621,dbFX,dbfx,Forex Broker,Shut down,T1,Low,"Defunct/closed — Deutsche Bank retail FX; closed 2011, book to GAIN; ranked for record only",Med,1.0,TRUE,"⚠ KAPANMIŞ / DEFUNCT (Shut down) — EN ALTA / 1.0 PUAN. Deutsche Bank retail FX; closed 2011, book to GAIN. Aksiyon: içerik üretme; arşivle/çıkar."
1622,ATG Marketplex,atg-marketplex,Forex Broker,Shut down,T1,Low,Defunct/closed — NFA-registered Aaron Trading; now disabled/out of operation; ranked for record only,Med,1.0,TRUE,⚠ KAPANMIŞ / DEFUNCT (Shut down) — EN ALTA / 1.0 PUAN. NFA-registered Aaron Trading; now disabled/out of operation. Aksiyon: içerik üretme; arşivle/çıkar.
1623,FastBrokers,fastbrokers,Forex Broker,Shut down,T1,Low,Defunct/closed — US NFA broker (Fast Trading Services); out of business; ranked for record only,Med,1.0,TRUE,⚠ KAPANMIŞ / DEFUNCT (Shut down) — EN ALTA / 1.0 PUAN. US NFA broker (Fast Trading Services); out of business. Aksiyon: içerik üretme; arşivle/çıkar.
1624,Finotec,finotec,Forex Broker,Shut down,T1,Low,Defunct/closed — Former FCA/NFA broker; now defunct; ranked for record only,Med,1.0,TRUE,⚠ KAPANMIŞ / DEFUNCT (Shut down) — EN ALTA / 1.0 PUAN. Former FCA/NFA broker; now defunct. Aksiyon: içerik üretme; arşivle/çıkar.
1625,Spot Trader,spot-trader,Forex Broker,Shut down,T1,Low,Defunct/closed — US NFA-listed retail FX broker; now closed; ranked for record only,Med,1.0,TRUE,⚠ KAPANMIŞ / DEFUNCT (Shut down) — EN ALTA / 1.0 PUAN. US NFA-listed retail FX broker; now closed. Aksiyon: içerik üretme; arşivle/çıkar.
1626,GO4X,go4x,Forex Broker,Shut down,T2,Low,"Defunct/closed — Poland KNF-regulated, now closed; ranked for record only",Med,1.0,TRUE,"⚠ KAPANMIŞ / DEFUNCT (Shut down) — EN ALTA / 1.0 PUAN. Poland KNF-regulated, now closed. Aksiyon: içerik üretme; arşivle/çıkar."
1627,AGEA,agea,Forex Broker,Shut down,T2,Low,Defunct/closed — ex-Marketiva; Montenegro CMA-regulated; now closed; ranked for record only,Med,1.0,TRUE,⚠ KAPANMIŞ / DEFUNCT (Shut down) — EN ALTA / 1.0 PUAN. ex-Marketiva; Montenegro CMA-regulated; now closed. Aksiyon: içerik üretme; arşivle/çıkar.
1628,Atlantic FX,atlantic-fx,Forex Broker,Shut down,T2,Low,Defunct/closed — EarnForex: Bulgaria BNB reg BGR00195; status disabled; ranked for record only,Med,1.0,TRUE,⚠ KAPANMIŞ / DEFUNCT (Shut down) — EN ALTA / 1.0 PUAN. EarnForex: Bulgaria BNB reg BGR00195; status disabled. Aksiyon: içerik üretme; arşivle/çıkar.
1629,Gallant Capital Markets,gallant-capital-markets,Forex Broker,Shut down,Offshore,Minimal,Defunct/closed — filed bankruptcy (GCMFX); Hong Kong-based; ranked for record only,Med,1.0,TRUE,⚠ KAPANMIŞ / DEFUNCT (Shut down) — EN ALTA / 1.0 PUAN. filed bankruptcy (GCMFX); Hong Kong-based. Aksiyon: içerik üretme; arşivle/çıkar.
1630,1LotSTP,1lotstp,Forex Broker,Shut down,Offshore,Minimal,"Defunct/closed — Nevis-registered; out of business, flagged scam; ranked for record only",High,1.0,TRUE,"⚠ KAPANMIŞ / DEFUNCT (Shut down) — EN ALTA / 1.0 PUAN. Nevis-registered; out of business, flagged scam. Aksiyon: içerik üretme; arşivle/çıkar."
1631,1PipFix,1pipfix,Forex Broker,Shut down,Offshore,Minimal,"Defunct/closed — Nevis-registered; earnforex flags out-of-business, scam; ranked for record only",Med,1.0,TRUE,"⚠ KAPANMIŞ / DEFUNCT (Shut down) — EN ALTA / 1.0 PUAN. Nevis-registered; earnforex flags out-of-business, scam. Aksiyon: içerik üretme; arşivle/çıkar."
1632,4XP,4xp,Forex Broker,Shut down,Offshore,Minimal,Defunct/closed — Forex Place; CySEC unauthorized warning; ceased ~2013; ranked for record only,Med,1.0,TRUE,⚠ KAPANMIŞ / DEFUNCT (Shut down) — EN ALTA / 1.0 PUAN. Forex Place; CySEC unauthorized warning; ceased ~2013. Aksiyon: içerik üretme; arşivle/çıkar.
1633,Absolute Markets,absolute-markets,Forex Broker,Shut down,Offshore,Minimal,"Defunct/closed — SVG FSA-registered; flagged scam, out of business; ranked for record only",High,1.0,TRUE,"⚠ KAPANMIŞ / DEFUNCT (Shut down) — EN ALTA / 1.0 PUAN. SVG FSA-registered; flagged scam, out of business. Aksiyon: içerik üretme; arşivle/çıkar."
1634,Advanced Financial Markets,advanced-financial-markets,Forex Broker,Shut down,Offshore,Minimal,Defunct/closed — FSC BVI license; now disabled/defunct; ranked for record only,Med,1.0,TRUE,⚠ KAPANMIŞ / DEFUNCT (Shut down) — EN ALTA / 1.0 PUAN. FSC BVI license; now disabled/defunct. Aksiyon: içerik üretme; arşivle/çıkar.
1635,Baron Forex,baron-forex,Forex Broker,Shut down,Offshore,Minimal,Defunct/closed — Belize IFSC; BFX Capital out of business; ranked for record only,High,1.0,TRUE,⚠ KAPANMIŞ / DEFUNCT (Shut down) — EN ALTA / 1.0 PUAN. Belize IFSC; BFX Capital out of business. Aksiyon: içerik üretme; arşivle/çıkar.
1636,Broco,broco,Forex Broker,Shut down,Offshore,Minimal,"Defunct/closed — Russian FX broker, SEC-linked 2010, defunct; ranked for record only",Med,1.0,TRUE,"⚠ KAPANMIŞ / DEFUNCT (Shut down) — EN ALTA / 1.0 PUAN. Russian FX broker, SEC-linked 2010, defunct. Aksiyon: içerik üretme; arşivle/çıkar."
1637,FXCH,fxch,Forex Broker,Shut down,Offshore,Minimal,Defunct/closed — Foreign Exchange Clearing House; Dominica; out of business; ranked for record only,Med,1.0,TRUE,⚠ KAPANMIŞ / DEFUNCT (Shut down) — EN ALTA / 1.0 PUAN. Foreign Exchange Clearing House; Dominica; out of business. Aksiyon: içerik üretme; arşivle/çıkar.
1638,FXCL,fxcl,Forex Broker,Shut down,Offshore,Minimal,"Defunct/closed — Vanuatu VFSC; financial problems, defunct/scam; ranked for record only",Med,1.0,TRUE,"⚠ KAPANMIŞ / DEFUNCT (Shut down) — EN ALTA / 1.0 PUAN. Vanuatu VFSC; financial problems, defunct/scam. Aksiyon: içerik üretme; arşivle/çıkar."
1639,Forex Trend,forex-trend,Forex Broker,Shut down,Offshore,Minimal,Defunct/closed — Ukrainian PAMM operator; collapsed 2015 as Ponzi; ranked for record only,Med,1.0,TRUE,⚠ KAPANMIŞ / DEFUNCT (Shut down) — EN ALTA / 1.0 PUAN. Ukrainian PAMM operator; collapsed 2015 as Ponzi. Aksiyon: içerik üretme; arşivle/çıkar.
1640,IKO Forex,iko-forex,Forex Broker,Shut down,Offshore,Minimal,Defunct/closed — VFSC Vanuatu; ex-NZ deregistered 2015; defunct; ranked for record only,Med,1.0,TRUE,⚠ KAPANMIŞ / DEFUNCT (Shut down) — EN ALTA / 1.0 PUAN. VFSC Vanuatu; ex-NZ deregistered 2015; defunct. Aksiyon: içerik üretme; arşivle/çıkar.
1641,IamFX,iamfx,Forex Broker,Shut down,Offshore,Minimal,"Defunct/closed — BVI-regulated ECN, out of business; ranked for record only",High,1.0,TRUE,"⚠ KAPANMIŞ / DEFUNCT (Shut down) — EN ALTA / 1.0 PUAN. BVI-regulated ECN, out of business. Aksiyon: içerik üretme; arşivle/çıkar."
1642,KOT4X,kot4x,CFD Broker,Shut down,Offshore,Minimal,Defunct/closed — wound down Sept 2025; unregulated offshore (KOT Royal); ranked for record only,Med,1.0,TRUE,⚠ KAPANMIŞ / DEFUNCT (Shut down) — EN ALTA / 1.0 PUAN. wound down Sept 2025; unregulated offshore (KOT Royal). Aksiyon: içerik üretme; arşivle/çıkar.
1643,Kiexo,kiexo,Forex Broker,Shut down,Offshore,Minimal,Defunct/closed — SVG; no license; marked closed (est 2020); ranked for record only,Med,1.0,TRUE,⚠ KAPANMIŞ / DEFUNCT (Shut down) — EN ALTA / 1.0 PUAN. SVG; no license; marked closed (est 2020). Aksiyon: içerik üretme; arşivle/çıkar.
1644,Loyal Group Limited,loyal-group-limited,Forex Broker,Shut down,Offshore,Minimal,Defunct/closed — Loyal Forex; offshore; now defunct; ranked for record only,Low,1.0,TRUE,⚠ KAPANMIŞ / DEFUNCT (Shut down) — EN ALTA / 1.0 PUAN. Loyal Forex; offshore; now defunct. Aksiyon: içerik üretme; arşivle/çıkar.
1645,OspreyFX,ospreyfx,CFD Broker,Shut down,Offshore,Minimal,Defunct/closed — Ceased operations July 2025; SVG unregulated; ranked for record only,High,1.0,TRUE,⚠ KAPANMIŞ / DEFUNCT (Shut down) — EN ALTA / 1.0 PUAN. Ceased operations July 2025; SVG unregulated. Aksiyon: içerik üretme; arşivle/çıkar.
1646,Sunbird FX,sunbird-fx,Forex Broker,Shut down,Offshore,Minimal,Defunct/closed — Seychelles broker (Sunbird Trading); now closed; ranked for record only,Med,1.0,TRUE,⚠ KAPANMIŞ / DEFUNCT (Shut down) — EN ALTA / 1.0 PUAN. Seychelles broker (Sunbird Trading); now closed. Aksiyon: içerik üretme; arşivle/çıkar.
1647,TradeATF,tradeatf,CFD Broker,Shut down,Offshore,Minimal,Defunct/closed — KW Investments Seychelles; many warnings; closed 2022; ranked for record only,Med,1.0,TRUE,⚠ KAPANMIŞ / DEFUNCT (Shut down) — EN ALTA / 1.0 PUAN. KW Investments Seychelles; many warnings; closed 2022. Aksiyon: içerik üretme; arşivle/çıkar.
1648,TradersWay,tradersway,Forex Broker,Shut down,Offshore,Minimal,"Defunct/closed — Offshore Dominica, ceased operations ~2022; ranked for record only",Med,1.0,TRUE,"⚠ KAPANMIŞ / DEFUNCT (Shut down) — EN ALTA / 1.0 PUAN. Offshore Dominica, ceased operations ~2022. Aksiyon: içerik üretme; arşivle/çıkar."
1649,bforex,bforex,Forex Broker,Shut down,Offshore,Minimal,"Defunct/closed — Israeli-run, Belize-warned, FPA scam, defunct; ranked for record only",Med,1.0,TRUE,"⚠ KAPANMIŞ / DEFUNCT (Shut down) — EN ALTA / 1.0 PUAN. Israeli-run, Belize-warned, FPA scam, defunct. Aksiyon: içerik üretme; arşivle/çıkar."
1650,Loyal Forex,loyal-forex,Forex Broker,Shut down,Offshore,Minimal,"Defunct/closed — offshore broker; defunct, withdrawal complaints; ranked for record only",Med,1.0,TRUE,"⚠ KAPANMIŞ / DEFUNCT (Shut down) — EN ALTA / 1.0 PUAN. offshore broker; defunct, withdrawal complaints. Aksiyon: içerik üretme; arşivle/çıkar."
1651,ModMount,modmount,CFD Broker,Shut down,Offshore,Minimal,Defunct/closed — flagged scam; investors lost funds; defunct; ranked for record only,Med,1.0,TRUE,⚠ KAPANMIŞ / DEFUNCT (Shut down) — EN ALTA / 1.0 PUAN. flagged scam; investors lost funds; defunct. Aksiyon: içerik üretme; arşivle/çıkar.
1652,Ajax Financial,ajax-financial,Forex Broker,Shut down,Unregulated,Minimal,"Defunct/closed — Canadian MSB, out of business per earnforex; ranked for record only",Med,1.0,TRUE,"⚠ KAPANMIŞ / DEFUNCT (Shut down) — EN ALTA / 1.0 PUAN. Canadian MSB, out of business per earnforex. Aksiyon: içerik üretme; arşivle/çıkar."
1653,Exto Capital,exto-capital,Forex Broker,Shut down,Unregulated,Minimal,Defunct/closed — Swiss OAR-G AML SRO only; listing disabled; ranked for record only,Med,1.0,TRUE,⚠ KAPANMIŞ / DEFUNCT (Shut down) — EN ALTA / 1.0 PUAN. Swiss OAR-G AML SRO only; listing disabled. Aksiyon: içerik üretme; arşivle/çıkar.
1654,Solidity Brokers,solidity-brokers,Forex Broker,Shut down,Unregulated,Minimal,Defunct/closed — Cyprus; unregulated; no longer operating; ranked for record only,Med,1.0,TRUE,⚠ KAPANMIŞ / DEFUNCT (Shut down) — EN ALTA / 1.0 PUAN. Cyprus; unregulated; no longer operating. Aksiyon: içerik üretme; arşivle/çıkar.
1655,AL Trade,al-trade,Forex Broker,Shut down,Unregulated,Minimal,"Defunct/closed — Unregulated, London-registered; listed as closed/defunct; ranked for record only",Med,1.0,TRUE,"⚠ KAPANMIŞ / DEFUNCT (Shut down) — EN ALTA / 1.0 PUAN. Unregulated, London-registered; listed as closed/defunct. Aksiyon: içerik üretme; arşivle/çıkar."
1656,AVS Carter,avs-carter,Forex Broker,Shut down,Unregulated,Minimal,Defunct/closed — UK boiler-room scam; became London Pearson; ranked for record only,Med,1.0,TRUE,⚠ KAPANMIŞ / DEFUNCT (Shut down) — EN ALTA / 1.0 PUAN. UK boiler-room scam; became London Pearson. Aksiyon: içerik üretme; arşivle/çıkar.
1657,EagleFX,eaglefx,CFD Broker,Shut down,Unregulated,Minimal,Defunct/closed — unregulated Dominica; exit-scam ~2021; linked LonghornFX; ranked for record only,High,1.0,TRUE,⚠ KAPANMIŞ / DEFUNCT (Shut down) — EN ALTA / 1.0 PUAN. unregulated Dominica; exit-scam ~2021; linked LonghornFX. Aksiyon: içerik üretme; arşivle/çıkar.
1658,FOREX MMCIS Group,forex-mmcis-group,Forex Broker,Shut down,Unregulated,Minimal,Defunct/closed — collapsed Russian Ponzi ~2014; ranked for record only,High,1.0,TRUE,⚠ KAPANMIŞ / DEFUNCT (Shut down) — EN ALTA / 1.0 PUAN. collapsed Russian Ponzi ~2014. Aksiyon: içerik üretme; arşivle/çıkar.
1659,FXCentral,fxcentral,Forex Broker,Shut down,Unregulated,Minimal,"Defunct/closed — unregulated, closed shop/exit-scam; ranked for record only",Med,1.0,TRUE,"⚠ KAPANMIŞ / DEFUNCT (Shut down) — EN ALTA / 1.0 PUAN. unregulated, closed shop/exit-scam. Aksiyon: içerik üretme; arşivle/çıkar."
1660,FalcoFX,falcofx,Forex Broker,Shut down,Unregulated,Minimal,Defunct/closed — unregulated TRNC broker; status closed; ranked for record only,Med,1.0,TRUE,⚠ KAPANMIŞ / DEFUNCT (Shut down) — EN ALTA / 1.0 PUAN. unregulated TRNC broker; status closed. Aksiyon: içerik üretme; arşivle/çıkar.
1661,Hedefonline,hedefonline,Forex Broker,Shut down,Unregulated,Minimal,Defunct/closed — Turkish FX firm; unlicensed; bankrupt (~15M TL); ranked for record only,Med,1.0,TRUE,⚠ KAPANMIŞ / DEFUNCT (Shut down) — EN ALTA / 1.0 PUAN. Turkish FX firm; unlicensed; bankrupt (~15M TL). Aksiyon: içerik üretme; arşivle/çıkar.
1662,InovaTrade,inovatrade,Forex Broker,Shut down,Unregulated,Minimal,Defunct/closed — Unlicensed Miami forex scam (2011); CFTC action; defunct; ranked for record only,Med,1.0,TRUE,⚠ KAPANMIŞ / DEFUNCT (Shut down) — EN ALTA / 1.0 PUAN. Unlicensed Miami forex scam (2011); CFTC action; defunct. Aksiyon: içerik üretme; arşivle/çıkar.
1663,IntegrityFX,integrityfx,Forex Broker,Shut down,Unregulated,Minimal,Defunct/closed — FPA-flagged scam (T. DuBose); defunct; ranked for record only,Med,1.0,TRUE,⚠ KAPANMIŞ / DEFUNCT (Shut down) — EN ALTA / 1.0 PUAN. FPA-flagged scam (T. DuBose); defunct. Aksiyon: içerik üretme; arşivle/çıkar.
1664,PFGFX,pfgfx,Forex Broker,Shut down,Unregulated,Minimal,Defunct/closed — Pro Finance Group; unregulated; out of business; ranked for record only,High,1.0,TRUE,⚠ KAPANMIŞ / DEFUNCT (Shut down) — EN ALTA / 1.0 PUAN. Pro Finance Group; unregulated; out of business. Aksiyon: içerik üretme; arşivle/çıkar.
1665,Alpari UK,alpari-uk,Forex Broker,Shut down,Unknown,Minimal,Defunct/closed — Insolvency Jan 2015 after CHF de-peg; ranked for record only,High,1.0,TRUE,⚠ KAPANMIŞ / DEFUNCT (Shut down) — EN ALTA / 1.0 PUAN. Insolvency Jan 2015 after CHF de-peg. Aksiyon: içerik üretme; arşivle/çıkar.
1666,Alpari US,alpari-us,Forex Broker,Shut down,Unknown,Minimal,Defunct/closed — Exited US retail forex 2015; ranked for record only,High,1.0,TRUE,⚠ KAPANMIŞ / DEFUNCT (Shut down) — EN ALTA / 1.0 PUAN. Exited US retail forex 2015. Aksiyon: içerik üretme; arşivle/çıkar.
1667,FX Solutions Australia,fx-solutions-australia,Forex Broker,Shut down,Unknown,Minimal,Defunct/closed — Defunct — GAIN/City Index legacy; ranked for record only,High,1.0,TRUE,⚠ KAPANMIŞ / DEFUNCT (Shut down) — EN ALTA / 1.0 PUAN. Defunct — GAIN/City Index legacy. Aksiyon: içerik üretme; arşivle/çıkar.
1668,FlowBank,flowbank,Forex Broker,Shut down,Unknown,Minimal,Defunct/closed — FINMA revoked licence; liquidated 2024; ranked for record only,High,1.0,TRUE,⚠ KAPANMIŞ / DEFUNCT (Shut down) — EN ALTA / 1.0 PUAN. FINMA revoked licence; liquidated 2024. Aksiyon: içerik üretme; arşivle/çıkar.
1669,FlowBank Pro,flowbank-pro,Forex Broker,Shut down,Unknown,Minimal,Defunct/closed — FlowBank liquidated 2024 (FINMA); ranked for record only,High,1.0,TRUE,⚠ KAPANMIŞ / DEFUNCT (Shut down) — EN ALTA / 1.0 PUAN. FlowBank liquidated 2024 (FINMA). Aksiyon: içerik üretme; arşivle/çıkar.
1670,MF Global Markets,mf-global-markets,Forex Broker,Shut down,Unknown,Minimal,Defunct/closed — Part of MF Global — collapsed 2011; ranked for record only,High,1.0,TRUE,⚠ KAPANMIŞ / DEFUNCT (Shut down) — EN ALTA / 1.0 PUAN. Part of MF Global — collapsed 2011. Aksiyon: içerik üretme; arşivle/çıkar.
1671,PFGBEST,pfgbest,Forex Broker,Shut down,Unknown,Minimal,Defunct/closed — Collapsed 2012 (Peregrine Financial fraud); ranked for record only,High,1.0,TRUE,⚠ KAPANMIŞ / DEFUNCT (Shut down) — EN ALTA / 1.0 PUAN. Collapsed 2012 (Peregrine Financial fraud). Aksiyon: içerik üretme; arşivle/çıkar.
1672,United World Capital,united-world-capital,Forex Broker,Shut down,Unknown,Minimal,Defunct/closed — Cyprus broker linked to Mayzus; defunct; ranked for record only,Low,1.0,TRUE,⚠ KAPANMIŞ / DEFUNCT (Shut down) — EN ALTA / 1.0 PUAN. Cyprus broker linked to Mayzus; defunct. Aksiyon: içerik üretme; arşivle/çıkar.
1673,Zecco Forex,zecco-forex,Forex Broker,Shut down,Unknown,Minimal,Defunct/closed — Defunct — merged into TradeKing/Ally; ranked for record only,High,1.0,TRUE,⚠ KAPANMIŞ / DEFUNCT (Shut down) — EN ALTA / 1.0 PUAN. Defunct — merged into TradeKing/Ally. Aksiyon: içerik üretme; arşivle/çıkar.
1674,4RunnerForex,4runnerforex,Forex Broker,Shut down,Unregulated,Minimal,Defunct/closed — FPA/FraudTracers scam flags; long defunct; ranked for record only,Low,1.0,TRUE,⚠ KAPANMIŞ / DEFUNCT (Shut down) — EN ALTA / 1.0 PUAN. FPA/FraudTracers scam flags; long defunct. Aksiyon: içerik üretme; arşivle/çıkar.
1675,FVP Trade,fvp-trade,Forex Broker,Shut down,Unregulated,Minimal,Defunct/closed — 2022 exit-scam collapse; froze funds; fraud warnings; ranked for record only,High,1.0,TRUE,⚠ KAPANMIŞ / DEFUNCT (Shut down) — EN ALTA / 1.0 PUAN. 2022 exit-scam collapse; froze funds; fraud warnings. Aksiyon: içerik üretme; arşivle/çıkar.
1676,Fidelis Capital Markets,fidelis-capital-markets,Forex Broker,Shut down,Unregulated,Minimal,Defunct/closed — out of business; only Financial Commission; ranked for record only,Med,1.0,TRUE,⚠ KAPANMIŞ / DEFUNCT (Shut down) — EN ALTA / 1.0 PUAN. out of business; only Financial Commission. Aksiyon: içerik üretme; arşivle/çıkar.
1677,FinOdds,finodds,Forex Broker,Shut down,Unregulated,Minimal,Defunct/closed — forex options platform (fxspyder); out of business 2022; ranked for record only,Med,1.0,TRUE,⚠ KAPANMIŞ / DEFUNCT (Shut down) — EN ALTA / 1.0 PUAN. forex options platform (fxspyder); out of business 2022. Aksiyon: içerik üretme; arşivle/çıkar.
1678,Forex Metal,forex-metal,Forex Broker,Shut down,Unregulated,Minimal,Defunct/closed — CFTC RED list; EarnForex out-of-business/scam; ranked for record only,Med,1.0,TRUE,⚠ KAPANMIŞ / DEFUNCT (Shut down) — EN ALTA / 1.0 PUAN. CFTC RED list; EarnForex out-of-business/scam. Aksiyon: içerik üretme; arşivle/çıkar.
1679,IncoNeon,inconeon,Forex Broker,Shut down,Unregulated,Minimal,Defunct/closed — FPA scam reports; defunct; ranked for record only,Med,1.0,TRUE,⚠ KAPANMIŞ / DEFUNCT (Shut down) — EN ALTA / 1.0 PUAN. FPA scam reports; defunct. Aksiyon: içerik üretme; arşivle/çıkar.
1680,Lembex Financial Group,lembex-financial-group,Forex Broker,Shut down,Unregulated,Minimal,Defunct/closed — Owners sued; defunct unregulated forex broker; ranked for record only,Med,1.0,TRUE,⚠ KAPANMIŞ / DEFUNCT (Shut down) — EN ALTA / 1.0 PUAN. Owners sued; defunct unregulated forex broker. Aksiyon: içerik üretme; arşivle/çıkar.
1681,TemplerFX,templerfx,Forex Broker,Shut down,Unregulated,Minimal,"Defunct/closed — offshore unregulated, defunct scam broker; ranked for record only",Med,1.0,TRUE,"⚠ KAPANMIŞ / DEFUNCT (Shut down) — EN ALTA / 1.0 PUAN. offshore unregulated, defunct scam broker. Aksiyon: içerik üretme; arşivle/çıkar."
1682,Tycoon International Trading,tycoon-international-trading,Forex Broker,Shut down,Unregulated,Minimal,Defunct/closed — Flagged scam/defunct broker; unregulated; ranked for record only,Med,1.0,TRUE,⚠ KAPANMIŞ / DEFUNCT (Shut down) — EN ALTA / 1.0 PUAN. Flagged scam/defunct broker; unregulated. Aksiyon: içerik üretme; arşivle/çıkar.
1683,ForexMeta,forexmeta,Forex Broker,Shut down,Unknown,Minimal,Defunct/closed — US Chicago MT4 forex brand; defunct; ranked for record only,Med,1.0,TRUE,⚠ KAPANMIŞ / DEFUNCT (Shut down) — EN ALTA / 1.0 PUAN. US Chicago MT4 forex brand; defunct. Aksiyon: içerik üretme; arşivle/çıkar.
1684,Fx Dialogue,fx-dialogue,Forex Broker,Shut down,Unknown,Minimal,"Defunct/closed — UK Ltd; domain sold on Flippa, defunct; ranked for record only",Low,1.0,TRUE,"⚠ KAPANMIŞ / DEFUNCT (Shut down) — EN ALTA / 1.0 PUAN. UK Ltd; domain sold on Flippa, defunct. Aksiyon: içerik üretme; arşivle/çıkar."
1685,FxPrice,fxprice,Forex Broker,Shut down,Unknown,Minimal,"Defunct/closed — old US FX broker est.2003, defunct; ranked for record only",Low,1.0,TRUE,"⚠ KAPANMIŞ / DEFUNCT (Shut down) — EN ALTA / 1.0 PUAN. old US FX broker est.2003, defunct. Aksiyon: içerik üretme; arşivle/çıkar."
1686,Global Forex,global-forex,Forex Broker,Shut down,Unknown,Minimal,Defunct/closed — US broker; review last updated 2014; defunct; ranked for record only,Low,1.0,TRUE,⚠ KAPANMIŞ / DEFUNCT (Shut down) — EN ALTA / 1.0 PUAN. US broker; review last updated 2014; defunct. Aksiyon: içerik üretme; arşivle/çıkar.
1687,Nefteprombank,nefteprombank,Forex Broker,Shut down,Unknown,Minimal,Defunct/closed — Russian licence revoked 2016; ranked for record only,High,1.0,TRUE,⚠ KAPANMIŞ / DEFUNCT (Shut down) — EN ALTA / 1.0 PUAN. Russian licence revoked 2016. Aksiyon: içerik üretme; arşivle/çıkar.
1688,Norvik Bank,norvik-bank,Forex Broker,Shut down,Unknown,Minimal,Defunct/closed — Rebranded PNB Banka — collapsed 2019; ranked for record only,High,1.0,TRUE,⚠ KAPANMIŞ / DEFUNCT (Shut down) — EN ALTA / 1.0 PUAN. Rebranded PNB Banka — collapsed 2019. Aksiyon: içerik üretme; arşivle/çıkar.
1689,Real Trade Group,real-trade-group,Forex Broker,Shut down,Unknown,Minimal,Defunct/closed — Status uncertain / likely defunct; ranked for record only,High,1.0,TRUE,⚠ KAPANMIŞ / DEFUNCT (Shut down) — EN ALTA / 1.0 PUAN. Status uncertain / likely defunct. Aksiyon: içerik üretme; arşivle/çıkar.
1690,Rinkost Financial Company,rinkost-financial-company,Forex Broker,Shut down,Unknown,Minimal,Defunct/closed — Obscure/likely defunct; ranked for record only,High,1.0,TRUE,⚠ KAPANMIŞ / DEFUNCT (Shut down) — EN ALTA / 1.0 PUAN. Obscure/likely defunct. Aksiyon: içerik üretme; arşivle/çıkar.
1691,Smart Live Markets,smart-live-markets,CFD Broker,Shut down,Unknown,Minimal,Defunct/closed — UK Smart Live Group forex arm; defunct; ranked for record only,Low,1.0,TRUE,⚠ KAPANMIŞ / DEFUNCT (Shut down) — EN ALTA / 1.0 PUAN. UK Smart Live Group forex arm; defunct. Aksiyon: içerik üretme; arşivle/çıkar.
1692,Akmos Trade,akmos-trade,Forex Broker,Shut down,Unknown,Minimal,Defunct/closed — old broker Akmos Trade & Finance; now defunct; ranked for record only,Low,1.0,TRUE,⚠ KAPANMIŞ / DEFUNCT (Shut down) — EN ALTA / 1.0 PUAN. old broker Akmos Trade & Finance; now defunct. Aksiyon: içerik üretme; arşivle/çıkar.
1693,FXD24,fxd24,Forex Broker,Shut down,Unknown,Minimal,Defunct/closed — FX Direct S.A. (2003); now defunct/disabled; ranked for record only,Low,1.0,TRUE,⚠ KAPANMIŞ / DEFUNCT (Shut down) — EN ALTA / 1.0 PUAN. FX Direct S.A. (2003); now defunct/disabled. Aksiyon: içerik üretme; arşivle/çıkar.
1694,N2 Capital Markets,n2-capital-markets,Forex Broker,Shut down,Unknown,Minimal,"Defunct/closed — Ntwo Capital Market LLC, out of business; ranked for record only",Med,1.0,TRUE,"⚠ KAPANMIŞ / DEFUNCT (Shut down) — EN ALTA / 1.0 PUAN. Ntwo Capital Market LLC, out of business. Aksiyon: içerik üretme; arşivle/çıkar."
1695,STRATO Markets,strato-markets,Forex Broker,Shut down,Unknown,Minimal,Defunct/closed — EarnForex lists disabled; regulation unverified; ranked for record only,Low,1.0,TRUE,⚠ KAPANMIŞ / DEFUNCT (Shut down) — EN ALTA / 1.0 PUAN. EarnForex lists disabled; regulation unverified. Aksiyon: içerik üretme; arşivle/çıkar.
1696,UnicomTrade,unicomtrade,Forex Broker,Shut down,Unknown,Minimal,Defunct/closed — Primary domain now for-sale (HugeDomains); defunct broker; ranked for record only,Low,1.0,TRUE,⚠ KAPANMIŞ / DEFUNCT (Shut down) — EN ALTA / 1.0 PUAN. Primary domain now for-sale (HugeDomains); defunct broker. Aksiyon: içerik üretme; arşivle/çıkar.
1697,MF Global FXA Securities,mf-global-fxa-securities,Other,Shut down,Unknown,Minimal,Defunct/closed — Part of MF Global — collapsed 2011; ranked for record only,High,1.0,TRUE,⚠ KAPANMIŞ / DEFUNCT (Shut down) — EN ALTA / 1.0 PUAN. Part of MF Global — collapsed 2011. Aksiyon: içerik üretme; arşivle/çıkar.
1698,SVS Securities,svs-securities,Other,Shut down,Unknown,Minimal,Defunct/closed — Administration 2019 (FCA); ranked for record only,High,1.0,TRUE,⚠ KAPANMIŞ / DEFUNCT (Shut down) — EN ALTA / 1.0 PUAN. Administration 2019 (FCA). Aksiyon: içerik üretme; arşivle/çıkar.
1699,BulldogFX,bulldogfx,Other,Shut down,Unknown,Minimal,Defunct/closed — introducing broker for Forex.com; now defunct; ranked for record only,Med,1.0,TRUE,⚠ KAPANMIŞ / DEFUNCT (Shut down) — EN ALTA / 1.0 PUAN. introducing broker for Forex.com; now defunct. Aksiyon: içerik üretme; arşivle/çıkar.
1700,Easy Forex,easy-forex,Forex Broker,Rebranded,Unknown,Mid,Rebranded — Rebranded to easyMarkets (2016); legacy name retained for record,High,1.0,TRUE,⚠ YENİDEN MARKALANMIŞ — eski/atıl ad (Rebranded) — EN ALTA / 1.0 PUAN. Rebranded to easyMarkets (2016). Aksiyon: içerik üretme; arşivle/çıkar.
1701,Monecor London,monecor-london,Forex Broker,Rebranded,Unknown,Mid,Rebranded — Operates as OANDA Europe (ex-ETX Capital); legacy name retained for record,High,1.0,TRUE,⚠ YENİDEN MARKALANMIŞ — eski/atıl ad (Rebranded) — EN ALTA / 1.0 PUAN. Operates as OANDA Europe (ex-ETX Capital). Aksiyon: içerik üretme; arşivle/çıkar.
1702,Tullett Prebon,tullett-prebon,Inter-dealer/Institutional,Rebranded,T1,Low,Rebranded — Now part of TP ICAP; legacy name retained for record,High,1.0,TRUE,⚠ YENİDEN MARKALANMIŞ — eski/atıl ad (Rebranded) — EN ALTA / 1.0 PUAN. Now part of TP ICAP; Now part of TP ICAP; NON-RETAIL: mislabeled for a forex directory — reclassify/relocate. Aksiyon: içerik üretme; arşivle/çıkar.
1703,Western Union Business Solutions,western-union-business,Payment/Fintech,Rebranded,Unknown,Low,Rebranded — Divested/rebranded to Convera (2022); legacy name retained for record,High,1.0,TRUE,⚠ YENİDEN MARKALANMIŞ — eski/atıl ad (Rebranded) — EN ALTA / 1.0 PUAN. Divested/rebranded to Convera (2022); Divested/rebranded to Convera (2022); NON-RETAIL: mislabeled for a forex directory — reclassify/relocate. Aksiyon: içerik üretme; arşivle/çıkar.
1704,Forex FS,forex-fs,Forex Broker,Rebranded,T1,Low,Rebranded — Australian broker; rebranded to IFS Markets (ASIC); legacy name retained for record,Med,1.0,TRUE,⚠ YENİDEN MARKALANMIŞ — eski/atıl ad (Rebranded) — EN ALTA / 1.0 PUAN. Australian broker; rebranded to IFS Markets (ASIC). Aksiyon: içerik üretme; arşivle/çıkar.
1705,RFXT,rfxt,Forex Broker,Rebranded,T1,Low,"Rebranded — Royal Financial Trading CySEC/ASIC, rebranded OneRoyal; legacy name retained for record",Med,1.0,TRUE,"⚠ YENİDEN MARKALANMIŞ — eski/atıl ad (Rebranded) — EN ALTA / 1.0 PUAN. Royal Financial Trading CySEC/ASIC, rebranded OneRoyal. Aksiyon: içerik üretme; arşivle/çıkar."
1706,Royal,one-royal,Forex Broker,Rebranded,T1,Low,Rebranded — Royal Financial Trading rebranded to OneRoyal; ASIC AFSL; legacy name retained for record,Med,1.0,TRUE,⚠ YENİDEN MARKALANMIŞ — eski/atıl ad (Rebranded) — EN ALTA / 1.0 PUAN. Royal Financial Trading rebranded to OneRoyal; ASIC AFSL. Aksiyon: içerik üretme; arşivle/çıkar.
1707,Royal Forex,royal-forex,Forex Broker,Rebranded,T1,Low,"Rebranded — Royal Forex Ltd CySEC, rebranded OneRoyal; legacy name retained for record",Med,1.0,TRUE,"⚠ YENİDEN MARKALANMIŞ — eski/atıl ad (Rebranded) — EN ALTA / 1.0 PUAN. Royal Forex Ltd CySEC, rebranded OneRoyal. Aksiyon: içerik üretme; arşivle/çıkar."
1708,TeleTrade DJ,teletrade-dj,Forex Broker,Rebranded,T1,Low,"Rebranded — CySEC Teletrade-DJ, renamed Top Markets Solutions; legacy name retained for record",High,1.0,TRUE,"⚠ YENİDEN MARKALANMIŞ — eski/atıl ad (Rebranded) — EN ALTA / 1.0 PUAN. CySEC Teletrade-DJ, renamed Top Markets Solutions. Aksiyon: içerik üretme; arşivle/çıkar."
1709,Citypoint Trading,citypoint-trading,Forex Broker,Rebranded,T1,Low,"Rebranded — operates as CPT Markets, FCA-regulated, LSE member; legacy name retained for record",High,1.0,TRUE,"⚠ YENİDEN MARKALANMIŞ — eski/atıl ad (Rebranded) — EN ALTA / 1.0 PUAN. operates as CPT Markets, FCA-regulated, LSE member. Aksiyon: içerik üretme; arşivle/çıkar."
1710,HY Markets,hy-markets,CFD Broker,Rebranded,T1,Low,"Rebranded — Henyep group, FCA; rebranded to HYCM; legacy name retained for record",Med,1.0,TRUE,"⚠ YENİDEN MARKALANMIŞ — eski/atıl ad (Rebranded) — EN ALTA / 1.0 PUAN. Henyep group, FCA; rebranded to HYCM. Aksiyon: içerik üretme; arşivle/çıkar."
1711,RetailFX,retailfx,Forex Broker,Rebranded,T1,Low,Rebranded — Founded 2007 as RetailFX; rebranded to eToro; legacy name retained for record,High,1.0,TRUE,⚠ YENİDEN MARKALANMIŞ — eski/atıl ad (Rebranded) — EN ALTA / 1.0 PUAN. Founded 2007 as RetailFX; rebranded to eToro. Aksiyon: içerik üretme; arşivle/çıkar.
1712,Cenkos Securities,cenkos-securities,Inter-dealer/Institutional,Rebranded,T1,Low,Rebranded — Merged with finnCap to form Cavendish (2024); legacy name retained for record,High,1.0,TRUE,⚠ YENİDEN MARKALANMIŞ — eski/atıl ad (Rebranded) — EN ALTA / 1.0 PUAN. Merged with finnCap to form Cavendish (2024); Merged with finnCap to form Cavendish (2024); NON-RETAIL: mislabeled for a forex directory — reclassify/relocate. Aksiyon: içerik üretme; arşivle/çıkar.
1713,26 Degrees Global Markets,26-degrees-global-markets,Inter-dealer/Institutional,Rebranded,T1,Minimal,Rebranded — Rebrand of Invast Global; ASIC-regulated prime broker; legacy name retained for record,High,1.0,TRUE,⚠ YENİDEN MARKALANMIŞ — eski/atıl ad (Rebranded) — EN ALTA / 1.0 PUAN. Rebrand of Invast Global; ASIC-regulated prime broker; Rebrand of Invast Global; ASIC-regulated prime broker; NON-RETAIL: mislabeled for a forex directory — reclassify/relocate. Aksiyon: içerik üretme; arşivle/çıkar.
1714,Divisa Capital,divisa-capital,Inter-dealer/Institutional,Rebranded,T1,Minimal,Rebranded — FCA PoP/liquidity provider; rebranded to Equiti Capital; legacy name retained for record,High,1.0,TRUE,⚠ YENİDEN MARKALANMIŞ — eski/atıl ad (Rebranded) — EN ALTA / 1.0 PUAN. FCA PoP/liquidity provider; rebranded to Equiti Capital; FCA PoP/liquidity provider; rebranded to Equiti Capital; NON-RETAIL: mislabeled for a forex directory — reclassify/relocate. Aksiyon: içerik üretme; arşivle/çıkar.
1715,Marketiva,marketiva,Forex Broker,Rebranded,Unregulated,Minimal,Rebranded — Marketiva.com rebranded to AGEA.com (~2011); legacy name retained for record,Med,1.0,TRUE,⚠ YENİDEN MARKALANMIŞ — eski/atıl ad (Rebranded) — EN ALTA / 1.0 PUAN. Marketiva.com rebranded to AGEA.com (~2011). Aksiyon: içerik üretme; arşivle/çıkar.
1716,KVB Kunlun,kvb-kunlun,Forex Broker,Rebranded,Unknown,Minimal,Rebranded — Now KVB Global Capital / KVB PRIME; legacy name retained for record,High,1.0,TRUE,⚠ YENİDEN MARKALANMIŞ — eski/atıl ad (Rebranded) — EN ALTA / 1.0 PUAN. Now KVB Global Capital / KVB PRIME. Aksiyon: içerik üretme; arşivle/çıkar.
1717,MIG Bank,mig-bank,Forex Broker,Rebranded,Unknown,Minimal,Rebranded — Acquired by/rebranded to Swissquote (2013); legacy name retained for record,High,1.0,TRUE,⚠ YENİDEN MARKALANMIŞ — eski/atıl ad (Rebranded) — EN ALTA / 1.0 PUAN. Acquired by/rebranded to Swissquote (2013). Aksiyon: içerik üretme; arşivle/çıkar.
1718,INTL FCStone Financial,intl-fcstone-financial,Inter-dealer/Institutional,Rebranded,Unknown,Minimal,Rebranded — Rebranded to StoneX (2020-21); legacy name retained for record,High,1.0,TRUE,⚠ YENİDEN MARKALANMIŞ — eski/atıl ad (Rebranded) — EN ALTA / 1.0 PUAN. Rebranded to StoneX (2020-21); Rebranded to StoneX (2020-21); NON-RETAIL: mislabeled for a forex directory — reclassify/relocate. Aksiyon: içerik üretme; arşivle/çıkar.
1719,INTL FCStone Markets,intl-fcstone-markets,Inter-dealer/Institutional,Rebranded,Unknown,Minimal,Rebranded — Rebranded to StoneX (2020-21); legacy name retained for record,High,1.0,TRUE,⚠ YENİDEN MARKALANMIŞ — eski/atıl ad (Rebranded) — EN ALTA / 1.0 PUAN. Rebranded to StoneX (2020-21); Rebranded to StoneX (2020-21); NON-RETAIL: mislabeled for a forex directory — reclassify/relocate. Aksiyon: içerik üretme; arşivle/çıkar.
1720,Marex Spectron,marex-spectron,Inter-dealer/Institutional,Rebranded,Unknown,Minimal,Rebranded — Rebranded to Marex; legacy name retained for record,High,1.0,TRUE,⚠ YENİDEN MARKALANMIŞ — eski/atıl ad (Rebranded) — EN ALTA / 1.0 PUAN. Rebranded to Marex; Rebranded to Marex; NON-RETAIL: mislabeled for a forex directory — reclassify/relocate. Aksiyon: içerik üretme; arşivle/çıkar.
1721,ACY Securities,acy-securities,Other,Active,T1,Low,DUPLICATE (yan/ikincil kayıt) — ana marka: ACY Securities (sıra #478),High,1.0,TRUE,⚠ DUPLICATE — EN ALTA / 1.0 PUAN. Bu ikincil kayıt; ANA MARKA: ACY Securities (sıra #478). Aksiyon: CMS'te ana marka ile birleştir/sil. Bu kaydın verisi: Australia
1722,Admirals,admirals,Forex Broker,Active,T1,High,DUPLICATE (yan/ikincil kayıt) — ana marka: Admirals (sıra #17),High,1.0,TRUE,⚠ DUPLICATE — EN ALTA / 1.0 PUAN. Bu ikincil kayıt; ANA MARKA: Admirals (sıra #17). Aksiyon: CMS'te ana marka ile birleştir/sil. Bu kaydın verisi: Estonia
1723,AFT FX,aft-fx,Forex Broker,Active,Unknown,Minimal,DUPLICATE (yan/ikincil kayıt) — ana marka: AFT FX (sıra #1080),Low,1.0,TRUE,⚠ DUPLICATE — EN ALTA / 1.0 PUAN. Bu ikincil kayıt; ANA MARKA: AFT FX (sıra #1080). Aksiyon: CMS'te ana marka ile birleştir/sil. Bu kaydın verisi: Unknown
1724,Alpari,alpari,Forex Broker,Active,T2,High,DUPLICATE (yan/ikincil kayıt) — ana marka: Alpari (sıra #99),High,1.0,TRUE,⚠ DUPLICATE — EN ALTA / 1.0 PUAN. Bu ikincil kayıt; ANA MARKA: Alpari (sıra #99). Aksiyon: CMS'te ana marka ile birleştir/sil. Bu kaydın verisi: Unknown
1725,AMarkets,amarkets,Forex Broker,Active,Offshore,Mid,DUPLICATE (yan/ikincil kayıt) — ana marka: AMarkets (sıra #125),Med,1.0,TRUE,⚠ DUPLICATE — EN ALTA / 1.0 PUAN. Bu ikincil kayıt; ANA MARKA: AMarkets (sıra #125). Aksiyon: CMS'te ana marka ile birleştir/sil. Bu kaydın verisi: Unknown
1726,ARK World Market,ark-world-market,Forex Broker,Active,Unknown,Minimal,DUPLICATE (yan/ikincil kayıt) — ana marka: ARK World Market (sıra #1082),Low,1.0,TRUE,⚠ DUPLICATE — EN ALTA / 1.0 PUAN. Bu ikincil kayıt; ANA MARKA: ARK World Market (sıra #1082). Aksiyon: CMS'te ana marka ile birleştir/sil. Bu kaydın verisi: Unknown
1727,ATC Brokers,atc-brokers,Forex Broker,Active,T1,Low,DUPLICATE (yan/ikincil kayıt) — ana marka: ATC Brokers (sıra #378),High,1.0,TRUE,⚠ DUPLICATE — EN ALTA / 1.0 PUAN. Bu ikincil kayıt; ANA MARKA: ATC Brokers (sıra #378). Aksiyon: CMS'te ana marka ile birleştir/sil. Bu kaydın verisi: United States
1728,Audacity Capital,audacity-capital,Prop Firm,Active,Unknown,High,DUPLICATE (yan/ikincil kayıt) — ana marka: Audacity Capital (sıra #97),High,1.0,TRUE,⚠ DUPLICATE — EN ALTA / 1.0 PUAN. Bu ikincil kayıt; ANA MARKA: Audacity Capital (sıra #97). Aksiyon: CMS'te ana marka ile birleştir/sil. Bu kaydın verisi: United Kingdom
1729,Axi,axi,Forex Broker,Active,T1,High,DUPLICATE (yan/ikincil kayıt) — ana marka: Axi (sıra #18),High,1.0,TRUE,⚠ DUPLICATE — EN ALTA / 1.0 PUAN. Bu ikincil kayıt; ANA MARKA: Axi (sıra #18). Aksiyon: CMS'te ana marka ile birleştir/sil. Bu kaydın verisi: Australia
1730,BDSwiss,bdswiss,Forex Broker,Active,T1,High,DUPLICATE (yan/ikincil kayıt) — ana marka: BDSwiss (sıra #19),High,1.0,TRUE,⚠ DUPLICATE — EN ALTA / 1.0 PUAN. Bu ikincil kayıt; ANA MARKA: BDSwiss (sıra #19). Aksiyon: CMS'te ana marka ile birleştir/sil. Bu kaydın verisi: Cyprus
1731,BlackBull Markets,blackbull-markets,Forex Broker,Active,T2,High,DUPLICATE (yan/ikincil kayıt) — ana marka: BlackBull Markets (sıra #96),High,1.0,TRUE,⚠ DUPLICATE — EN ALTA / 1.0 PUAN. Bu ikincil kayıt; ANA MARKA: BlackBull Markets (sıra #96). Aksiyon: CMS'te ana marka ile birleştir/sil. Bu kaydın verisi: New Zealand
1732,BrokerCreditService Cyprus,brokercreditservice-cyprus,Forex Broker,Active,Unknown,Minimal,DUPLICATE (yan/ikincil kayıt) — ana marka: BrokerCreditService Cyprus (sıra #807),Med,1.0,TRUE,⚠ DUPLICATE — EN ALTA / 1.0 PUAN. Bu ikincil kayıt; ANA MARKA: BrokerCreditService Cyprus (sıra #807). Aksiyon: CMS'te ana marka ile birleştir/sil. Bu kaydın verisi: Cyprus
1733,Cambiste,cambiste,Forex Broker,Acquired/Merged,T1,Low,DUPLICATE (yan/ikincil kayıt) — ana marka: Cambiste (sıra #524),High,1.0,TRUE,⚠ DUPLICATE — EN ALTA / 1.0 PUAN. Bu ikincil kayıt; ANA MARKA: Cambiste (sıra #524). Aksiyon: CMS'te ana marka ile birleştir/sil. Bu kaydın verisi: Unknown
1734,Cannon Trading,cannon-trading,Forex Broker,Active,T1,High,DUPLICATE (yan/ikincil kayıt) — ana marka: Cannon Trading (sıra #94),High,1.0,TRUE,⚠ DUPLICATE — EN ALTA / 1.0 PUAN. Bu ikincil kayıt; ANA MARKA: Cannon Trading (sıra #94). Aksiyon: CMS'te ana marka ile birleştir/sil. Bu kaydın verisi: United States
1735,Caya Capital Markets,caya-capital-markets,Forex Broker,Active,Unregulated,Minimal,DUPLICATE (yan/ikincil kayıt) — ana marka: Caya Capital Markets (sıra #934),Low,1.0,TRUE,⚠ DUPLICATE — EN ALTA / 1.0 PUAN. Bu ikincil kayıt; ANA MARKA: Caya Capital Markets (sıra #934). Aksiyon: CMS'te ana marka ile birleştir/sil. Bu kaydın verisi: Unknown
1736,CFD Market,cfd-market,CFD Broker,Active,Unknown,Minimal,DUPLICATE (yan/ikincil kayıt) — ana marka: CFD Market (sıra #1093),Low,1.0,TRUE,⚠ DUPLICATE — EN ALTA / 1.0 PUAN. Bu ikincil kayıt; ANA MARKA: CFD Market (sıra #1093). Aksiyon: CMS'te ana marka ile birleştir/sil. Bu kaydın verisi: Unknown
1737,CFI Financial,cfi-financial,Forex Broker,Active,T1,Low,DUPLICATE (yan/ikincil kayıt) — ana marka: CFI Financial (sıra #380),High,1.0,TRUE,⚠ DUPLICATE — EN ALTA / 1.0 PUAN. Bu ikincil kayıt; ANA MARKA: CFI Financial (sıra #380). Aksiyon: CMS'te ana marka ile birleştir/sil. Bu kaydın verisi: Cyprus / CySEC (Cyprus) | DFSA (Dubai) | JSC (Jordan)
1738,CFI Financial,cfi-financial,Forex Broker,Active,T1,Low,DUPLICATE (yan/ikincil kayıt) — ana marka: CFI Financial (sıra #380),High,1.0,TRUE,⚠ DUPLICATE — EN ALTA / 1.0 PUAN. Bu ikincil kayıt; ANA MARKA: CFI Financial (sıra #380). Aksiyon: CMS'te ana marka ile birleştir/sil. Bu kaydın verisi: Unknown
1739,Cobra Trading,cobra-trading,Forex Broker,Active,T1,Low,DUPLICATE (yan/ikincil kayıt) — ana marka: Cobra Trading (sıra #434),High,1.0,TRUE,⚠ DUPLICATE — EN ALTA / 1.0 PUAN. Bu ikincil kayıt; ANA MARKA: Cobra Trading (sıra #434). Aksiyon: CMS'te ana marka ile birleştir/sil. Bu kaydın verisi: United States
1740,Cornertrader,cornertrader,Forex Broker,Active,Unknown,Mid,DUPLICATE (yan/ikincil kayıt) — ana marka: CornerTrader (sıra #163),Med,1.0,TRUE,⚠ DUPLICATE — EN ALTA / 1.0 PUAN. Bu ikincil kayıt; ANA MARKA: CornerTrader (sıra #163). Aksiyon: CMS'te ana marka ile birleştir/sil. Bu kaydın verisi: Switzerland
1741,Daniels Trading,daniels-trading,Inter-dealer/Institutional,Active,T1,Low,DUPLICATE (yan/ikincil kayıt) — ana marka: Daniels Trading (sıra #427),High,1.0,TRUE,⚠ DUPLICATE — EN ALTA / 1.0 PUAN. Bu ikincil kayıt; ANA MARKA: Daniels Trading (sıra #427). Aksiyon: CMS'te ana marka ile birleştir/sil. Bu kaydın verisi: United States
1742,Deriv,deriv,Forex Broker,Active,T1,High,DUPLICATE (yan/ikincil kayıt) — ana marka: Deriv (sıra #29),High,1.0,TRUE,⚠ DUPLICATE — EN ALTA / 1.0 PUAN. Bu ikincil kayıt; ANA MARKA: Deriv (sıra #29). Aksiyon: CMS'te ana marka ile birleştir/sil. Bu kaydın verisi: Malta
1743,Doo Prime,doo-prime,Forex Broker,Active,T1,High,DUPLICATE (yan/ikincil kayıt) — ana marka: Doo Prime (sıra #73),High,1.0,TRUE,⚠ DUPLICATE — EN ALTA / 1.0 PUAN. Bu ikincil kayıt; ANA MARKA: Doo Prime (sıra #73). Aksiyon: CMS'te ana marka ile birleştir/sil. Bu kaydın verisi: Unknown
1744,easyMarkets,easymarkets,Forex Broker,Active,T1,High,DUPLICATE (yan/ikincil kayıt) — ana marka: easyMarkets (sıra #28),High,1.0,TRUE,⚠ DUPLICATE — EN ALTA / 1.0 PUAN. Bu ikincil kayıt; ANA MARKA: easyMarkets (sıra #28). Aksiyon: CMS'te ana marka ile birleştir/sil. Bu kaydın verisi: Cyprus
1745,Equiti,equiti,Forex Broker,Active,T1,High,DUPLICATE (yan/ikincil kayıt) — ana marka: Equiti (sıra #74),High,1.0,TRUE,⚠ DUPLICATE — EN ALTA / 1.0 PUAN. Bu ikincil kayıt; ANA MARKA: Equiti (sıra #74). Aksiyon: CMS'te ana marka ile birleştir/sil. Bu kaydın verisi: UAE
1746,Eurotrader,eurotrader,Forex Broker,Active,T1,High,DUPLICATE (yan/ikincil kayıt) — ana marka: Eurotrader (sıra #60),High,1.0,TRUE,⚠ DUPLICATE — EN ALTA / 1.0 PUAN. Bu ikincil kayıt; ANA MARKA: Eurotrader (sıra #60). Aksiyon: CMS'te ana marka ile birleştir/sil. Bu kaydın verisi: Unknown
1747,Everybody FX,everybody-fx,Forex Broker,Active,Unknown,Minimal,DUPLICATE (yan/ikincil kayıt) — ana marka: Everybody FX (sıra #1106),Low,1.0,TRUE,⚠ DUPLICATE — EN ALTA / 1.0 PUAN. Bu ikincil kayıt; ANA MARKA: Everybody FX (sıra #1106). Aksiyon: CMS'te ana marka ile birleştir/sil. Bu kaydın verisi: Unknown
1748,Exness,exness,Forex Broker,Active,T1,High,DUPLICATE (yan/ikincil kayıt) — ana marka: Exness (sıra #4),High,1.0,TRUE,⚠ DUPLICATE — EN ALTA / 1.0 PUAN. Bu ikincil kayıt; ANA MARKA: Exness (sıra #4). Aksiyon: CMS'te ana marka ile birleştir/sil. Bu kaydın verisi: Cyprus
1749,FBS,fbs,Forex Broker,Active,T1,High,DUPLICATE (yan/ikincil kayıt) — ana marka: FBS (sıra #30),High,1.0,TRUE,⚠ DUPLICATE — EN ALTA / 1.0 PUAN. Bu ikincil kayıt; ANA MARKA: FBS (sıra #30). Aksiyon: CMS'te ana marka ile birleştir/sil. Bu kaydın verisi: Cyprus
1750,Fibo Group,fibo-group,Forex Broker,Active,Offshore,Mid,DUPLICATE (yan/ikincil kayıt) — ana marka: Fibo Group (sıra #126),Med,1.0,TRUE,⚠ DUPLICATE — EN ALTA / 1.0 PUAN. Bu ikincil kayıt; ANA MARKA: Fibo Group (sıra #126). Aksiyon: CMS'te ana marka ile birleştir/sil. Bu kaydın verisi: Cyprus
1751,ForexMart,forexmart,Forex Broker,Active,T1,High,DUPLICATE (yan/ikincil kayıt) — ana marka: ForexMart (sıra #61),High,1.0,TRUE,⚠ DUPLICATE — EN ALTA / 1.0 PUAN. Bu ikincil kayıt; ANA MARKA: ForexMart (sıra #61). Aksiyon: CMS'te ana marka ile birleştir/sil. Bu kaydın verisi: Unknown
1752,FP Markets,fp-markets,Forex Broker,Active,T1,High,DUPLICATE (yan/ikincil kayıt) — ana marka: FP Markets (sıra #20),High,1.0,TRUE,⚠ DUPLICATE — EN ALTA / 1.0 PUAN. Bu ikincil kayıt; ANA MARKA: FP Markets (sıra #20). Aksiyon: CMS'te ana marka ile birleştir/sil. Bu kaydın verisi: Australia
1753,FTMO,ftmo,Prop Firm,Active,Unknown,High,DUPLICATE (yan/ikincil kayıt) — ana marka: FTMO (sıra #72),High,1.0,TRUE,⚠ DUPLICATE — EN ALTA / 1.0 PUAN. Bu ikincil kayıt; ANA MARKA: FTMO (sıra #72). Aksiyon: CMS'te ana marka ile birleştir/sil. Bu kaydın verisi: Czech Republic
1754,FXGT,fxgt,Forex Broker,Active,T2,High,DUPLICATE (yan/ikincil kayıt) — ana marka: FXGT (sıra #100),High,1.0,TRUE,⚠ DUPLICATE — EN ALTA / 1.0 PUAN. Bu ikincil kayıt; ANA MARKA: FXGT (sıra #100). Aksiyon: CMS'te ana marka ile birleştir/sil. Bu kaydın verisi: Unknown
1755,FXPro,fxpro,Forex Broker,Active,T1,High,DUPLICATE (yan/ikincil kayıt) — ana marka: FxPro (sıra #22),High,1.0,TRUE,⚠ DUPLICATE — EN ALTA / 1.0 PUAN. Bu ikincil kayıt; ANA MARKA: FxPro (sıra #22). Aksiyon: CMS'te ana marka ile birleştir/sil. Bu kaydın verisi: Cyprus
1756,FXTM,fxtm,Forex Broker,Active,T1,High,DUPLICATE (yan/ikincil kayıt) — ana marka: FXTM (sıra #21),High,1.0,TRUE,⚠ DUPLICATE — EN ALTA / 1.0 PUAN. Bu ikincil kayıt; ANA MARKA: FXTM (sıra #21). Aksiyon: CMS'te ana marka ile birleştir/sil. Bu kaydın verisi: Cyprus
1757,GBE Brokers,gbe-brokers,Forex Broker,Active,T1,High,DUPLICATE (yan/ikincil kayıt) — ana marka: GBE Brokers (sıra #62),High,1.0,TRUE,⚠ DUPLICATE — EN ALTA / 1.0 PUAN. Bu ikincil kayıt; ANA MARKA: GBE Brokers (sıra #62). Aksiyon: CMS'te ana marka ile birleştir/sil. Bu kaydın verisi: Cyprus
1758,Global Prime,global-prime,Forex Broker,Active,T1,High,DUPLICATE (yan/ikincil kayıt) — ana marka: Global Prime (sıra #64),High,1.0,TRUE,⚠ DUPLICATE — EN ALTA / 1.0 PUAN. Bu ikincil kayıt; ANA MARKA: Global Prime (sıra #64). Aksiyon: CMS'te ana marka ile birleştir/sil. Bu kaydın verisi: Australia
1759,GO Markets,go-markets,Forex Broker,Active,Unknown,Mid,DUPLICATE (yan/ikincil kayıt) — ana marka: GO Markets (sıra #149),Med,1.0,TRUE,⚠ DUPLICATE — EN ALTA / 1.0 PUAN. Bu ikincil kayıt; ANA MARKA: GO Markets (sıra #149). Aksiyon: CMS'te ana marka ile birleştir/sil. Bu kaydın verisi: Australia
1760,Hantec Markets,hantec-markets,Forex Broker,Active,T1,High,DUPLICATE (yan/ikincil kayıt) — ana marka: Hantec Markets (sıra #65),High,1.0,TRUE,⚠ DUPLICATE — EN ALTA / 1.0 PUAN. Bu ikincil kayıt; ANA MARKA: Hantec Markets (sıra #65). Aksiyon: CMS'te ana marka ile birleştir/sil. Bu kaydın verisi: United Kingdom
1761,HFM,hfm,Forex Broker,Active,T1,High,DUPLICATE (yan/ikincil kayıt) — ana marka: HFM (sıra #31),High,1.0,TRUE,⚠ DUPLICATE — EN ALTA / 1.0 PUAN. Bu ikincil kayıt; ANA MARKA: HFM (sıra #31). Aksiyon: CMS'te ana marka ile birleştir/sil. Bu kaydın verisi: Cyprus
1762,HYCM,hycm,Forex Broker,Active,T1,High,DUPLICATE (yan/ikincil kayıt) — ana marka: HYCM (sıra #23),High,1.0,TRUE,⚠ DUPLICATE — EN ALTA / 1.0 PUAN. Bu ikincil kayıt; ANA MARKA: HYCM (sıra #23). Aksiyon: CMS'te ana marka ile birleştir/sil. Bu kaydın verisi: United Kingdom
1763,IC Markets,ic-markets,Forex Broker,Active,T1,High,DUPLICATE (yan/ikincil kayıt) — ana marka: IC Markets (sıra #11),High,1.0,TRUE,⚠ DUPLICATE — EN ALTA / 1.0 PUAN. Bu ikincil kayıt; ANA MARKA: IC Markets (sıra #11). Aksiyon: CMS'te ana marka ile birleştir/sil. Bu kaydın verisi: Australia
1764,Infinox,infinox,Forex Broker,Active,Unknown,Minimal,DUPLICATE (yan/ikincil kayıt) — ana marka: Infinox (sıra #614),Med,1.0,TRUE,⚠ DUPLICATE — EN ALTA / 1.0 PUAN. Bu ikincil kayıt; ANA MARKA: Infinox (sıra #614). Aksiyon: CMS'te ana marka ile birleştir/sil. Bu kaydın verisi: United Kingdom
1765,InstaForex,instaforex,Forex Broker,Active,T1,High,DUPLICATE (yan/ikincil kayıt) — ana marka: InstaForex (sıra #32),High,1.0,TRUE,⚠ DUPLICATE — EN ALTA / 1.0 PUAN. Bu ikincil kayıt; ANA MARKA: InstaForex (sıra #32). Aksiyon: CMS'te ana marka ile birleştir/sil. Bu kaydın verisi: Unknown
1766,Interactive Brokers,interactive-brokers,Forex Broker,Active,T1,High,DUPLICATE (yan/ikincil kayıt) — ana marka: Interactive Brokers (sıra #5),High,1.0,TRUE,⚠ DUPLICATE — EN ALTA / 1.0 PUAN. Bu ikincil kayıt; ANA MARKA: Interactive Brokers (sıra #5). Aksiyon: CMS'te ana marka ile birleştir/sil. Bu kaydın verisi: United States
1767,Ironbeam,ironbeam,Forex Broker,Active,T1,High,DUPLICATE (yan/ikincil kayıt) — ana marka: Ironbeam (sıra #85),High,1.0,TRUE,⚠ DUPLICATE — EN ALTA / 1.0 PUAN. Bu ikincil kayıt; ANA MARKA: Ironbeam (sıra #85). Aksiyon: CMS'te ana marka ile birleştir/sil. Bu kaydın verisi: United States
1768,IronFX,ironfx,Forex Broker,License revoked/Regulatory action,T1,High,DUPLICATE (yan/ikincil kayıt) — ana marka: IronFX (sıra #110),High,1.0,TRUE,⚠ DUPLICATE — EN ALTA / 1.0 PUAN. Bu ikincil kayıt; ANA MARKA: IronFX (sıra #110). Aksiyon: CMS'te ana marka ile birleştir/sil. Bu kaydın verisi: Cyprus
1769,JustMarkets,justmarkets,Forex Broker,Active,T1,High,DUPLICATE (yan/ikincil kayıt) — ana marka: JustMarkets (sıra #66),High,1.0,TRUE,⚠ DUPLICATE — EN ALTA / 1.0 PUAN. Bu ikincil kayıt; ANA MARKA: JustMarkets (sıra #66). Aksiyon: CMS'te ana marka ile birleştir/sil. Bu kaydın verisi: Unknown
1770,KVB Prime,kvb-prime,Forex Broker,Active,Unknown,Minimal,DUPLICATE (yan/ikincil kayıt) — ana marka: KVB PRIME (sıra #1020),Med,1.0,TRUE,⚠ DUPLICATE — EN ALTA / 1.0 PUAN. Bu ikincil kayıt; ANA MARKA: KVB PRIME (sıra #1020). Aksiyon: CMS'te ana marka ile birleştir/sil. Bu kaydın verisi: Unknown
1771,Libertex,libertex,CFD Broker,Active,T1,High,DUPLICATE (yan/ikincil kayıt) — ana marka: Libertex (sıra #24),High,1.0,TRUE,⚠ DUPLICATE — EN ALTA / 1.0 PUAN. Bu ikincil kayıt; ANA MARKA: Libertex (sıra #24). Aksiyon: CMS'te ana marka ile birleştir/sil. Bu kaydın verisi: Cyprus
1772,LiteFinance,litefinance,Forex Broker,Active,T1,High,DUPLICATE (yan/ikincil kayıt) — ana marka: LiteFinance (sıra #75),High,1.0,TRUE,⚠ DUPLICATE — EN ALTA / 1.0 PUAN. Bu ikincil kayıt; ANA MARKA: LiteFinance (sıra #75). Aksiyon: CMS'te ana marka ile birleştir/sil. Bu kaydın verisi: Unknown
1773,Marex,marex,Inter-dealer/Institutional,Active,T1,Low,DUPLICATE (yan/ikincil kayıt) — ana marka: Marex (sıra #277),High,1.0,TRUE,⚠ DUPLICATE — EN ALTA / 1.0 PUAN. Bu ikincil kayıt; ANA MARKA: Marex (sıra #277). Aksiyon: CMS'te ana marka ile birleştir/sil. Bu kaydın verisi: United Kingdom
1774,Markets.com,markets-com,CFD Broker,Active,T1,High,DUPLICATE (yan/ikincil kayıt) — ana marka: Markets.com (sıra #25),High,1.0,TRUE,⚠ DUPLICATE — EN ALTA / 1.0 PUAN. Bu ikincil kayıt; ANA MARKA: Markets.com (sıra #25). Aksiyon: CMS'te ana marka ile birleştir/sil. Bu kaydın verisi: Cyprus
1775,MultiBank Group,multibank-group,Forex Broker,Active,T1,High,DUPLICATE (yan/ikincil kayıt) — ana marka: MultiBank Group (sıra #46),High,1.0,TRUE,⚠ DUPLICATE — EN ALTA / 1.0 PUAN. Bu ikincil kayıt; ANA MARKA: MultiBank Group (sıra #46). Aksiyon: CMS'te ana marka ile birleştir/sil. Bu kaydın verisi: UAE
1776,Nadex,nadex,Forex Broker,Acquired/Merged,T1,High,DUPLICATE (yan/ikincil kayıt) — ana marka: Nadex (sıra #92),High,1.0,TRUE,⚠ DUPLICATE — EN ALTA / 1.0 PUAN. Bu ikincil kayıt; ANA MARKA: Nadex (sıra #92). Aksiyon: CMS'te ana marka ile birleştir/sil. Bu kaydın verisi: United States
1777,NAGA,naga,CFD Broker,Active,T1,High,DUPLICATE (yan/ikincil kayıt) — ana marka: NAGA (sıra #43),High,1.0,TRUE,⚠ DUPLICATE — EN ALTA / 1.0 PUAN. Bu ikincil kayıt; ANA MARKA: NAGA (sıra #43). Aksiyon: CMS'te ana marka ile birleştir/sil. Bu kaydın verisi: Germany
1778,NordFX,nordfx,Forex Broker,Active,Offshore,Mid,DUPLICATE (yan/ikincil kayıt) — ana marka: NordFX (sıra #127),Med,1.0,TRUE,⚠ DUPLICATE — EN ALTA / 1.0 PUAN. Bu ikincil kayıt; ANA MARKA: NordFX (sıra #127). Aksiyon: CMS'te ana marka ile birleştir/sil. Bu kaydın verisi: Unknown
1779,OANDA,oanda,Forex Broker,Active,T1,High,DUPLICATE (yan/ikincil kayıt) — ana marka: OANDA (sıra #6),High,1.0,TRUE,⚠ DUPLICATE — EN ALTA / 1.0 PUAN. Bu ikincil kayıt; ANA MARKA: OANDA (sıra #6). Aksiyon: CMS'te ana marka ile birleştir/sil. Bu kaydın verisi: United States
1780,Octa,octa,Forex Broker,Active,T1,High,DUPLICATE (yan/ikincil kayıt) — ana marka: Octa (sıra #33),High,1.0,TRUE,⚠ DUPLICATE — EN ALTA / 1.0 PUAN. Bu ikincil kayıt; ANA MARKA: Octa (sıra #33). Aksiyon: CMS'te ana marka ile birleştir/sil. Bu kaydın verisi: Unknown
1781,Optimus Futures,optimus-futures,Forex Broker,Active,T1,High,DUPLICATE (yan/ikincil kayıt) — ana marka: Optimus Futures (sıra #95),High,1.0,TRUE,⚠ DUPLICATE — EN ALTA / 1.0 PUAN. Bu ikincil kayıt; ANA MARKA: Optimus Futures (sıra #95). Aksiyon: CMS'te ana marka ile birleştir/sil. Bu kaydın verisi: United States
1782,Prop Number One,prop-number-one,Prop Firm,Active,Unknown,Low,DUPLICATE (yan/ikincil kayıt) — ana marka: Prop Number One (sıra #305),Med,1.0,TRUE,⚠ DUPLICATE — EN ALTA / 1.0 PUAN. Bu ikincil kayıt; ANA MARKA: Prop Number One (sıra #305). Aksiyon: CMS'te ana marka ile birleştir/sil. Bu kaydın verisi: Unknown
1783,RoboForex,roboforex,Forex Broker,Active,T1,High,DUPLICATE (yan/ikincil kayıt) — ana marka: RoboForex (sıra #34),High,1.0,TRUE,⚠ DUPLICATE — EN ALTA / 1.0 PUAN. Bu ikincil kayıt; ANA MARKA: RoboForex (sıra #34). Aksiyon: CMS'te ana marka ile birleştir/sil. Bu kaydın verisi: Belize
1784,Skilling,skilling,CFD Broker,Active,T1,High,DUPLICATE (yan/ikincil kayıt) — ana marka: Skilling (sıra #44),High,1.0,TRUE,⚠ DUPLICATE — EN ALTA / 1.0 PUAN. Bu ikincil kayıt; ANA MARKA: Skilling (sıra #44). Aksiyon: CMS'te ana marka ile birleştir/sil. Bu kaydın verisi: Cyprus
1785,Stage 5 Trading,stage-5-trading,Inter-dealer/Institutional,Active,T1,Low,DUPLICATE (yan/ikincil kayıt) — ana marka: Stage 5 Trading (sıra #430),High,1.0,TRUE,⚠ DUPLICATE — EN ALTA / 1.0 PUAN. Bu ikincil kayıt; ANA MARKA: Stage 5 Trading (sıra #430). Aksiyon: CMS'te ana marka ile birleştir/sil. Bu kaydın verisi: United States
1786,Stake,stake,Other,Active,T1,Mid,DUPLICATE (yan/ikincil kayıt) — ana marka: Stake (sıra #182),High,1.0,TRUE,⚠ DUPLICATE — EN ALTA / 1.0 PUAN. Bu ikincil kayıt; ANA MARKA: Stake (sıra #182). Aksiyon: CMS'te ana marka ile birleştir/sil. Bu kaydın verisi: Australia
1787,T4Trade,t4trade,Forex Broker,Active,T1,High,DUPLICATE (yan/ikincil kayıt) — ana marka: T4Trade (sıra #69),High,1.0,TRUE,⚠ DUPLICATE — EN ALTA / 1.0 PUAN. Bu ikincil kayıt; ANA MARKA: T4Trade (sıra #69). Aksiyon: CMS'te ana marka ile birleştir/sil. Bu kaydın verisi: Unknown
1788,The Funded Trader,the-funded-trader,Prop Firm,Active,Unknown,High,DUPLICATE (yan/ikincil kayıt) — ana marka: The Funded Trader (sıra #98),High,1.0,TRUE,⚠ DUPLICATE — EN ALTA / 1.0 PUAN. Bu ikincil kayıt; ANA MARKA: The Funded Trader (sıra #98). Aksiyon: CMS'te ana marka ile birleştir/sil. Bu kaydın verisi: Unknown
1789,ThinkMarkets,thinkmarkets,Forex Broker,Active,T1,High,DUPLICATE (yan/ikincil kayıt) — ana marka: ThinkMarkets (sıra #26),High,1.0,TRUE,⚠ DUPLICATE — EN ALTA / 1.0 PUAN. Bu ikincil kayıt; ANA MARKA: ThinkMarkets (sıra #26). Aksiyon: CMS'te ana marka ile birleştir/sil. Bu kaydın verisi: Australia
1790,Tickmill,tickmill,Forex Broker,Active,T1,High,DUPLICATE (yan/ikincil kayıt) — ana marka: Tickmill (sıra #27),High,1.0,TRUE,⚠ DUPLICATE — EN ALTA / 1.0 PUAN. Bu ikincil kayıt; ANA MARKA: Tickmill (sıra #27). Aksiyon: CMS'te ana marka ile birleştir/sil. Bu kaydın verisi: United Kingdom
1791,TMGM,tmgm,Forex Broker,Active,T1,High,DUPLICATE (yan/ikincil kayıt) — ana marka: TMGM (sıra #70),High,1.0,TRUE,⚠ DUPLICATE — EN ALTA / 1.0 PUAN. Bu ikincil kayıt; ANA MARKA: TMGM (sıra #70). Aksiyon: CMS'te ana marka ile birleştir/sil. Bu kaydın verisi: Australia
1792,TopFX,topfx,Forex Broker,Active,T1,Low,DUPLICATE (yan/ikincil kayıt) — ana marka: TopFX (sıra #381),High,1.0,TRUE,⚠ DUPLICATE — EN ALTA / 1.0 PUAN. Bu ikincil kayıt; ANA MARKA: TopFX (sıra #381). Aksiyon: CMS'te ana marka ile birleştir/sil. Bu kaydın verisi: Cyprus
1793,Tradeview Markets,tradeview-markets,Forex Broker,Active,T1,High,DUPLICATE (yan/ikincil kayıt) — ana marka: Tradeview Markets (sıra #76),High,1.0,TRUE,⚠ DUPLICATE — EN ALTA / 1.0 PUAN. Bu ikincil kayıt; ANA MARKA: Tradeview Markets (sıra #76). Aksiyon: CMS'te ana marka ile birleştir/sil. Bu kaydın verisi: Unknown
1794,VT Markets,vt-markets,Forex Broker,Active,T1,High,DUPLICATE (yan/ikincil kayıt) — ana marka: VT Markets (sıra #71),High,1.0,TRUE,⚠ DUPLICATE — EN ALTA / 1.0 PUAN. Bu ikincil kayıt; ANA MARKA: VT Markets (sıra #71). Aksiyon: CMS'te ana marka ile birleştir/sil. Bu kaydın verisi: Australia
1795,Weltrade,weltrade,Forex Broker,Active,Offshore,Mid,DUPLICATE (yan/ikincil kayıt) — ana marka: Weltrade (sıra #128),Med,1.0,TRUE,⚠ DUPLICATE — EN ALTA / 1.0 PUAN. Bu ikincil kayıt; ANA MARKA: Weltrade (sıra #128). Aksiyon: CMS'te ana marka ile birleştir/sil. Bu kaydın verisi: Unknown
1796,Windsor Brokers,windsor-brokers,Forex Broker,Active,T1,High,DUPLICATE (yan/ikincil kayıt) — ana marka: Windsor Brokers (sıra #45),High,1.0,TRUE,⚠ DUPLICATE — EN ALTA / 1.0 PUAN. Bu ikincil kayıt; ANA MARKA: Windsor Brokers (sıra #45). Aksiyon: CMS'te ana marka ile birleştir/sil. Bu kaydın verisi: Cyprus
1797,XTB,xtb,Forex Broker,Active,T1,High,DUPLICATE (yan/ikincil kayıt) — ana marka: XTB (sıra #13),High,1.0,TRUE,⚠ DUPLICATE — EN ALTA / 1.0 PUAN. Bu ikincil kayıt; ANA MARKA: XTB (sıra #13). Aksiyon: CMS'te ana marka ile birleştir/sil. Bu kaydın verisi: Poland
